Div,Date,Time,HomeTeam,AwayTeam,FTHG,FTAG,FTR,HTHG,HTAG,HTR,Referee,HS,AS,HST,AST,HF,AF,HC,AC,HY,AY,HR,AR,B365H,B365D,B365A,BWH,BWD,BWA,IWH,IWD,IWA,PSH,PSD,PSA,WHH,WHD,WHA,VCH,VCD,VCA,MaxH,MaxD,MaxA,AvgH,AvgD,AvgA,B365>2.5,B365<2.5,P>2.5,P<2.5,Max>2.5,Max<2.5,Avg>2.5,Avg<2.5,AHh,B365AHH,B365AHA,PAHH,PAHA,MaxAHH,MaxAHA,AvgAHH,AvgAHA,B365CH,B365CD,B365CA,BWCH,BWCD,BWCA,IWCH,IWCD,IWCA,PSCH,PSCD,PSCA,WHCH,WHCD,WHCA,VCCH,VCCD,VCCA,MaxCH,MaxCD,MaxCA,AvgCH,AvgCD,AvgCA,B365C>2.5,B365C<2.5,PC>2.5,PC<2.5,MaxC>2.5,MaxC<2.5,AvgC>2.5,AvgC<2.5,AHCh,B365CAHH,B365CAHA,PCAHH,PCAHA,MaxCAHH,MaxCAHA,AvgCAHH,AvgCAHA,Season,BFH,BFD,BFA,1XBH,1XBD,1XBA,BFEH,BFED,BFEA,BFE>2.5,BFE<2.5,BFEAHH,BFEAHA,BFCH,BFCD,BFCA,1XBCH,1XBCD,1XBCA,BFECH,BFECD,BFECA,BFEC>2.5,BFEC<2.5,BFECAHH,BFECAHA,BFDH,BFDD,BFDA,BMGMH,BMGMD,BMGMA,BVH,BVD,BVA,CLH,CLD,CLA,LBH,LBD,LBA,BFDCH,BFDCD,BFDCA,BMGMCH,BMGMCD,BMGMCA,BVCH,BVCD,BVCA,CLCH,CLCD,CLCA,LBCH,LBCD,LBCA,HxG,AxG,PPH,PPD,PPA,SKBH,SKBD,SKBA,PPCH,PPCD,PPCA,SKBCH,SKBCD,SKBCA
E0,11/08/2023,20:00,Burnley,Man City,0,3,A,0,2,A,C Pawson,6,17,1,8,11,8,6,5,0,0,1,0,8.0,5.5,1.33,8.75,5.25,1.34,8.0,5.5,1.35,8.58,5.51,1.37,8.0,5.0,1.25,9.5,5.25,1.33,9.5,5.68,1.39,9.02,5.35,1.35,1.67,2.2,1.68,2.29,1.71,2.4,1.65,2.27,1.5,1.86,2.07,1.86,2.07,1.93,2.09,1.85,2.03,9.0,5.25,1.33,8.75,5.25,1.33,8.5,5.25,1.35,9.62,5.81,1.33,7.5,4.6,1.29,10.5,5.25,1.3,10.5,5.81,1.36,9.27,5.45,1.33,1.67,2.2,1.65,2.35,1.73,2.45,1.64,2.28,1.5,1.95,1.98,1.95,1.97,,,1.92,1.95,2324,,,,,,,,,,,,,,,,,,,,,,,,,,,,,,,,,,,,,,,,,,,,,,,,,,,,,,,,,,,,,,,,,,,,,,
E0,12/08/2023,12:30,Arsenal,Nott'm Forest,2,1,H,2,0,H,M Oliver,15,6,7,2,12,12,8,3,2,2,0,0,1.18,7.0,15.0,1.17,7.5,15.5,1.2,7.25,14.0,1.18,7.86,15.67,1.12,6.5,12.0,1.14,7.5,17.0,1.21,8.5,17.5,1.18,7.64,15.67,1.44,2.75,1.42,2.93,1.45,2.98,1.42,2.85,-2.0,1.88,2.02,1.88,2.01,1.91,2.06,1.87,1.99,1.18,7.0,15.0,1.18,7.0,14.5,1.2,7.0,14.0,1.19,8.0,16.0,1.12,6.5,12.0,1.22,7.0,13.0,1.22,8.4,19.0,1.19,7.43,15.98,1.5,2.63,1.49,2.65,1.52,2.79,1.49,2.63,-2.0,1.95,1.98,1.93,1.97,2.01,2.09,1.95,1.92,2324,,,,,,,,,,,,,,,,,,,,,,,,,,,,,,,,,,,,,,,,,,,,,,,,,,,,,,,,,,,,,,,,,,,,,,
E0,12/08/2023,15:00,Bournemouth,West Ham,1,1,D,0,0,D,P Bankes,14,16,5,3,9,14,10,4,1,4,0,0,2.7,3.4,2.55,2.65,3.4,2.55,2.7,3.45,2.6,2.7,3.47,2.71,2.62,3.2,2.3,2.63,3.3,2.63,2.8,3.62,2.75,2.69,3.44,2.64,1.9,2.0,1.9,1.99,1.95,2.03,1.88,1.94,0.0,1.95,1.95,1.95,1.95,1.98,1.99,1.94,1.92,2.63,3.5,2.6,2.65,3.5,2.5,2.6,3.5,2.6,2.75,3.6,2.63,2.5,3.2,2.45,2.63,3.5,2.6,2.88,3.67,2.7,2.7,3.53,2.59,1.73,2.1,1.76,2.18,1.83,2.23,1.74,2.12,0.0,2.02,1.91,2.01,1.92,2.06,1.96,1.96,1.91,2324,,,,,,,,,,,,,,,,,,,,,,,,,,,,,,,,,,,,,,,,,,,,,,,,,,,,,,,,,,,,,,,,,,,,,,
E0,12/08/2023,15:00,Brighton,Luton,4,1,H,1,0,H,D Coote,27,9,12,3,11,12,6,7,2,2,0,0,1.33,5.5,9.0,1.32,5.5,9.0,1.35,5.25,8.5,1.33,5.65,9.61,1.25,4.6,8.5,1.29,5.25,10.0,1.36,6.0,10.5,1.33,5.52,9.61,1.62,2.3,1.62,2.4,1.65,2.45,1.61,2.34,-1.5,1.95,1.95,1.95,1.95,1.98,2.0,1.93,1.93,1.25,6.5,11.0,1.26,6.0,11.0,1.3,5.5,9.5,1.27,6.36,11.36,1.22,5.5,9.0,1.25,5.75,13.0,1.34,6.59,13.0,1.28,5.99,10.91,1.53,2.5,1.56,2.54,1.62,2.66,1.55,2.48,-1.75,2.01,1.92,2.0,1.91,2.14,1.93,2.0,1.86,2324,,,,,,,,,,,,,,,,,,,,,,,,,,,,,,,,,,,,,,,,,,,,,,,,,,,,,,,,,,,,,,,,,,,,,,
E0,12/08/2023,15:00,Everton,Fulham,0,1,A,0,0,D,S Attwell,19,9,9,2,12,6,10,4,0,2,0,0,2.2,3.4,3.3,2.2,3.4,3.25,2.25,3.4,3.25,2.27,3.45,3.35,2.1,3.2,3.0,2.2,3.3,3.25,2.3,3.57,3.45,2.24,3.43,3.3,2.01,1.89,2.0,1.89,2.04,1.92,1.97,1.86,-0.25,1.93,1.97,1.95,1.95,1.97,2.0,1.92,1.93,2.3,3.2,3.2,2.35,3.2,3.1,2.35,3.25,3.15,2.39,3.32,3.3,2.1,3.2,3.0,2.38,3.2,3.2,2.42,3.42,3.56,2.32,3.28,3.27,2.1,1.73,2.23,1.72,2.26,1.81,2.17,1.71,-0.25,2.06,1.87,2.04,1.88,2.08,1.99,1.98,1.88,2324,,,,,,,,,,,,,,,,,,,,,,,,,,,,,,,,,,,,,,,,,,,,,,,,,,,,,,,,,,,,,,,,,,,,,,
E0,12/08/2023,15:00,Sheffield United,Crystal Palace,0,1,A,0,0,D,J Brooks,8,24,1,8,18,11,5,5,3,0,0,0,3.0,3.3,2.38,3.0,3.25,2.4,3.0,3.25,2.4,3.28,3.22,2.43,2.75,3.1,2.3,3.1,3.1,2.38,3.31,3.42,2.48,3.12,3.24,2.41,2.2,1.67,2.26,1.69,2.28,1.74,2.21,1.68,0.25,1.84,2.06,1.85,2.06,1.86,2.11,1.81,2.05,3.6,3.2,2.15,3.75,3.1,2.15,3.7,3.15,2.15,3.98,3.22,2.17,3.5,2.88,2.05,3.9,3.1,2.1,4.0,3.28,2.23,3.81,3.16,2.16,2.5,1.53,2.59,1.56,2.65,1.57,2.54,1.53,0.25,2.1,1.83,2.1,1.84,2.12,1.86,2.05,1.83,2324,,,,,,,,,,,,,,,,,,,,,,,,,,,,,,,,,,,,,,,,,,,,,,,,,,,,,,,,,,,,,,,,,,,,,,
E0,12/08/2023,17:30,Newcastle,Aston Villa,5,1,H,2,1,H,A Madley,17,16,13,6,12,17,6,5,4,4,0,0,1.75,3.75,4.6,1.73,3.9,4.4,1.75,3.85,4.5,1.77,3.92,4.77,1.67,3.5,4.2,1.73,3.7,4.6,1.8,4.1,4.9,1.76,3.88,4.61,1.73,2.1,1.79,2.11,1.82,2.15,1.76,2.09,-0.75,2.01,1.89,1.99,1.92,2.02,1.94,1.97,1.89,1.62,4.0,5.25,1.65,4.0,5.0,1.63,4.1,5.25,1.68,4.2,5.29,1.55,3.8,4.6,1.6,4.1,5.5,1.71,4.3,5.64,1.65,4.14,5.17,1.67,2.2,1.72,2.23,1.73,2.34,1.68,2.22,-0.75,1.84,2.09,1.85,2.09,1.87,2.13,1.82,2.06,2324,,,,,,,,,,,,,,,,,,,,,,,,,,,,,,,,,,,,,,,,,,,,,,,,,,,,,,,,,,,,,,,,,,,,,,
E0,13/08/2023,14:00,Brentford,Tottenham,2,2,D,2,2,D,R Jones,11,18,6,6,12,13,3,6,1,4,0,0,2.75,3.4,2.45,2.7,3.6,2.45,2.85,3.6,2.35,2.76,3.65,2.55,2.5,3.4,2.3,2.7,3.5,2.45,2.85,3.83,2.6,2.73,3.63,2.5,1.73,2.1,1.71,2.23,1.76,2.25,1.7,2.18,0.0,2.03,1.87,2.03,1.88,2.05,1.92,2.01,1.86,2.5,3.6,2.63,2.5,3.4,2.7,2.55,3.5,2.7,2.62,3.54,2.8,2.4,3.25,2.5,2.55,3.5,2.7,2.81,3.7,2.8,2.6,3.52,2.7,1.73,2.1,1.77,2.16,1.78,2.29,1.72,2.15,0.0,1.88,2.02,1.89,2.03,1.95,2.05,1.89,1.98,2324,,,,,,,,,,,,,,,,,,,,,,,,,,,,,,,,,,,,,,,,,,,,,,,,,,,,,,,,,,,,,,,,,,,,,,
E0,13/08/2023,16:30,Chelsea,Liverpool,1,1,D,1,1,D,A Taylor,10,13,4,1,5,12,4,4,3,3,0,0,2.9,3.4,2.38,2.8,3.6,2.35,2.75,3.65,2.4,2.97,3.64,2.4,2.75,3.25,2.2,2.88,3.5,2.3,3.05,3.82,2.48,2.87,3.64,2.39,1.67,2.2,1.68,2.28,1.73,2.36,1.67,2.24,0.25,1.81,2.09,1.83,2.08,1.89,2.12,1.81,2.04,3.1,3.6,2.15,3.0,3.75,2.2,2.95,3.5,2.35,3.21,3.89,2.2,2.8,3.4,2.1,3.0,3.75,2.2,3.45,3.94,2.4,3.04,3.75,2.26,1.53,2.5,1.53,2.66,1.58,2.66,1.54,2.52,0.25,1.98,1.92,2.0,1.93,2.03,2.08,1.91,1.96,2324,,,,,,,,,,,,,,,,,,,,,,,,,,,,,,,,,,,,,,,,,,,,,,,,,,,,,,,,,,,,,,,,,,,,,,
E0,14/08/2023,20:00,Man United,Wolves,1,0,H,0,0,D,S Hooper,15,23,3,6,14,10,8,7,2,3,0,0,1.33,5.5,9.0,1.3,5.75,9.5,1.33,5.5,9.0,1.32,5.79,9.66,1.22,4.8,9.0,1.29,5.25,10.5,1.34,6.0,11.0,1.31,5.65,9.85,1.62,2.3,1.6,2.44,1.64,2.47,1.6,2.38,-1.5,1.99,1.91,1.92,1.99,1.99,2.08,1.89,1.97,1.25,6.0,10.0,1.26,6.0,11.0,1.3,5.75,10.0,1.27,6.3,12.25,1.2,5.5,9.5,1.25,6.0,12.0,1.33,8.67,13.0,1.27,6.12,10.96,1.62,2.3,1.63,2.38,1.68,2.47,1.6,2.37,-1.5,1.8,2.0,1.82,2.08,1.88,2.14,1.82,2.05,2324,,,,,,,,,,,,,,,,,,,,,,,,,,,,,,,,,,,,,,,,,,,,,,,,,,,,,,,,,,,,,,,,,,,,,,
E0,18/08/2023,19:45,Nott'm Forest,Sheffield United,2,1,H,1,0,H,P Bankes,16,7,4,3,5,9,6,7,2,3,0,0,1.95,3.4,4.0,1.93,3.4,4.1,1.95,3.4,4.1,1.97,3.48,4.37,1.8,3.2,3.9,1.93,3.3,4.33,2.0,3.6,4.5,1.95,3.43,4.25,2.2,1.67,2.28,1.69,2.33,1.73,2.24,1.67,-0.5,1.98,1.95,1.97,1.95,2.01,1.96,1.96,1.91,1.91,3.4,4.2,1.93,3.4,4.1,1.95,3.4,4.2,1.94,3.51,4.48,1.8,3.2,3.9,1.93,3.3,4.4,2.0,3.55,4.78,1.93,3.44,4.33,2.2,1.67,2.27,1.7,2.31,1.75,2.23,1.67,-0.5,1.94,1.99,1.94,1.98,2.01,2.0,1.93,1.94,2324,,,,,,,,,,,,,,,,,,,,,,,,,,,,,,,,,,,,,,,,,,,,,,,,,,,,,,,,,,,,,,,,,,,,,,
E0,19/08/2023,15:00,Fulham,Brentford,0,3,A,0,1,A,D Bond,10,17,2,8,13,12,5,5,2,2,1,0,2.7,3.3,2.63,2.65,3.4,2.6,2.7,3.4,2.6,2.76,3.43,2.67,2.5,3.2,2.45,2.63,3.3,2.6,2.8,3.58,2.73,2.72,3.4,2.63,1.96,1.94,1.95,1.93,2.01,1.97,1.93,1.9,0.0,1.98,1.92,1.98,1.93,2.01,1.95,1.96,1.9,2.8,3.2,2.63,2.87,3.1,2.6,2.8,3.15,2.7,2.87,3.22,2.75,2.62,3.0,2.45,2.8,3.2,2.63,2.95,3.35,2.83,2.82,3.19,2.69,2.1,1.73,2.19,1.75,2.21,1.81,2.14,1.73,0.0,2.01,1.92,2.0,1.92,2.02,1.98,1.97,1.9,2324,,,,,,,,,,,,,,,,,,,,,,,,,,,,,,,,,,,,,,,,,,,,,,,,,,,,,,,,,,,,,,,,,,,,,,
E0,19/08/2023,15:00,Liverpool,Bournemouth,3,1,H,2,1,H,T Bramall,26,13,10,5,11,13,10,2,1,3,1,0,1.2,7.0,13.0,1.23,6.5,13.0,1.25,6.75,11.0,1.23,7.14,11.46,1.17,6.0,10.0,1.2,6.5,13.0,1.26,7.5,13.0,1.23,6.86,11.82,1.33,3.4,1.34,3.33,1.37,3.4,1.35,3.21,-2.0,2.04,1.86,2.03,1.86,2.07,1.89,2.02,1.85,1.2,7.5,12.0,1.2,7.5,12.0,1.22,7.25,11.0,1.2,8.25,13.0,1.17,6.0,10.0,1.2,7.5,12.0,1.23,8.6,14.5,1.2,7.69,12.7,1.25,4.0,1.33,3.48,1.32,4.0,1.28,3.77,-2.0,1.86,2.07,1.85,2.08,1.91,2.11,1.84,2.03,2324,,,,,,,,,,,,,,,,,,,,,,,,,,,,,,,,,,,,,,,,,,,,,,,,,,,,,,,,,,,,,,,,,,,,,,
E0,19/08/2023,15:00,Wolves,Brighton,1,4,A,0,1,A,A Madley,16,16,5,8,14,11,5,3,3,6,1,0,4.0,3.8,1.85,3.75,3.75,1.9,3.9,3.8,1.9,4.12,3.92,1.88,3.5,3.4,1.83,4.1,3.6,1.83,4.25,4.0,1.97,4.0,3.81,1.89,1.73,2.1,1.75,2.17,1.8,2.18,1.74,2.12,0.5,2.03,1.87,2.03,1.88,2.05,1.91,1.99,1.87,4.2,4.0,1.8,4.0,4.0,1.8,4.1,4.0,1.8,4.11,4.21,1.83,3.8,3.5,1.73,4.4,4.0,1.75,4.4,4.21,1.88,4.17,4.06,1.81,1.53,2.5,1.55,2.6,1.61,2.6,1.56,2.46,0.75,1.88,2.05,1.87,2.06,1.91,2.08,1.85,2.01,2324,,,,,,,,,,,,,,,,,,,,,,,,,,,,,,,,,,,,,,,,,,,,,,,,,,,,,,,,,,,,,,,,,,,,,,
E0,19/08/2023,17:30,Tottenham,Man United,2,0,H,0,0,D,M Oliver,17,22,6,6,9,8,5,6,1,3,0,0,2.8,3.6,2.38,2.8,3.6,2.3,2.8,3.65,2.35,2.85,3.82,2.41,2.62,3.5,2.15,2.88,3.6,2.3,2.95,3.96,2.46,2.84,3.75,2.37,1.57,2.38,1.58,2.48,1.64,2.55,1.57,2.44,0.25,1.82,2.08,1.82,2.1,1.85,2.13,1.81,2.05,3.0,3.75,2.2,2.95,3.75,2.2,3.05,3.5,2.3,3.07,3.87,2.28,2.62,3.5,2.15,3.0,3.75,2.2,3.38,3.96,2.33,3.01,3.78,2.25,1.53,2.5,1.54,2.61,1.55,2.65,1.51,2.54,0.25,1.94,1.99,1.93,2.0,2.02,2.0,1.89,1.96,2324,,,,,,,,,,,,,,,,,,,,,,,,,,,,,,,,,,,,,,,,,,,,,,,,,,,,,,,,,,,,,,,,,,,,,,
E0,19/08/2023,20:00,Man City,Newcastle,1,0,H,1,0,H,R Jones,14,7,4,1,12,11,3,0,1,5,0,0,1.67,4.0,5.0,1.68,4.0,4.75,1.7,4.0,4.7,1.73,4.1,4.8,1.57,3.7,4.6,1.65,3.9,5.0,1.75,4.3,5.2,1.7,4.07,4.83,1.73,2.1,1.75,2.17,1.76,2.26,1.72,2.15,-0.75,1.92,1.98,1.93,1.97,1.94,2.03,1.88,1.97,1.83,3.75,4.33,1.83,3.6,4.2,1.8,3.75,4.3,1.87,3.84,4.37,1.7,3.4,4.2,1.87,3.7,4.1,1.91,4.05,4.76,1.84,3.78,4.32,1.85,2.05,1.86,2.05,1.89,2.2,1.8,2.04,-0.5,1.87,2.06,1.87,2.06,1.89,2.09,1.85,2.03,2324,,,,,,,,,,,,,,,,,,,,,,,,,,,,,,,,,,,,,,,,,,,,,,,,,,,,,,,,,,,,,,,,,,,,,,
E0,20/08/2023,14:00,Aston Villa,Everton,4,0,H,2,0,H,A Taylor,13,9,7,2,8,12,7,6,3,4,0,0,1.7,4.0,4.5,1.66,3.9,5.0,1.7,3.95,4.7,1.72,3.99,5.06,1.6,3.5,4.75,1.67,3.75,5.0,1.76,4.1,5.4,1.7,3.91,5.0,1.92,1.98,1.91,1.98,1.96,2.02,1.89,1.94,-0.75,1.91,1.99,1.93,1.98,1.95,2.01,1.89,1.96,1.8,3.8,4.2,1.82,3.75,4.1,1.83,3.8,4.1,1.85,3.92,4.38,1.75,3.5,3.75,1.8,3.8,4.4,1.91,3.92,4.68,1.84,3.82,4.24,1.73,2.1,1.78,2.14,1.82,2.23,1.76,2.09,-0.75,2.03,1.78,2.09,1.83,2.15,1.87,2.07,1.8,2324,,,,,,,,,,,,,,,,,,,,,,,,,,,,,,,,,,,,,,,,,,,,,,,,,,,,,,,,,,,,,,,,,,,,,,
E0,20/08/2023,16:30,West Ham,Chelsea,3,1,H,1,1,D,J Brooks,12,17,6,4,12,9,3,9,2,3,1,0,3.75,3.5,2.0,3.75,3.6,1.95,3.55,3.5,2.05,3.68,3.57,2.1,3.6,3.3,1.85,3.7,3.4,2.0,3.86,3.75,2.12,3.66,3.57,2.04,1.96,1.94,1.95,1.93,1.98,2.0,1.92,1.91,0.5,1.82,2.08,1.83,2.1,1.85,2.11,1.82,2.06,3.1,3.6,2.15,3.2,3.5,2.15,3.2,3.55,2.2,3.25,3.65,2.27,3.1,3.2,2.05,3.5,3.5,2.1,3.6,3.75,2.3,3.27,3.59,2.18,1.73,2.1,1.75,2.19,1.93,2.26,1.77,2.09,0.25,1.96,1.97,1.95,1.97,2.06,1.99,1.97,1.89,2324,,,,,,,,,,,,,,,,,,,,,,,,,,,,,,,,,,,,,,,,,,,,,,,,,,,,,,,,,,,,,,,,,,,,,,
E0,21/08/2023,20:00,Crystal Palace,Arsenal,0,1,A,0,0,D,D Coote,14,14,2,3,14,10,1,8,2,1,0,1,5.5,4.0,1.6,5.75,4.1,1.57,5.75,4.1,1.6,5.73,4.12,1.63,5.5,3.9,1.44,6.0,3.9,1.55,6.0,4.33,1.68,5.79,4.06,1.6,1.94,1.96,1.95,1.93,2.0,1.97,1.92,1.9,1.0,1.84,2.06,1.81,2.11,1.88,2.16,1.82,2.05,4.2,3.4,1.91,4.1,3.5,1.88,4.2,3.5,1.9,4.51,3.53,1.93,4.0,3.4,1.73,4.5,3.6,1.83,4.95,3.9,1.98,4.42,3.55,1.89,2.0,1.8,2.12,1.79,2.14,1.93,2.05,1.8,0.5,2.0,1.93,2.0,1.93,2.19,1.96,2.01,1.87,2324,,,,,,,,,,,,,,,,,,,,,,,,,,,,,,,,,,,,,,,,,,,,,,,,,,,,,,,,,,,,,,,,,,,,,,
E0,25/08/2023,20:00,Chelsea,Luton,3,0,H,1,0,H,R Jones,19,11,8,1,15,12,6,4,2,3,0,0,1.29,5.5,11.0,1.31,5.5,9.5,1.3,5.75,10.0,1.3,6.08,10.68,1.2,5.5,9.0,1.25,6.0,11.0,1.33,6.5,13.0,1.29,5.86,10.78,1.67,2.2,1.68,2.3,1.71,2.42,1.66,2.27,-1.5,1.95,1.98,1.93,1.99,1.97,2.09,1.89,1.98,1.25,6.0,11.0,,,,1.27,5.75,11.0,1.27,6.25,12.5,1.18,5.5,10.0,1.25,6.0,12.0,1.3,6.6,14.0,1.26,6.12,12.06,1.62,2.3,1.63,2.4,1.67,2.45,1.63,2.33,-1.75,2.05,1.75,2.1,1.81,2.13,1.94,2.01,1.84,2324,,,,,,,,,,,,,,,,,,,,,,,,,,,,,,,,,,,,,,,,,,,,,,,,,,,,,,,,,,,,,,,,,,,,,,
E0,26/08/2023,12:30,Bournemouth,Tottenham,0,2,A,0,1,A,T Robinson,11,17,3,6,18,11,6,2,1,3,0,0,3.8,3.75,1.91,3.5,3.9,1.93,3.6,3.9,1.95,3.72,4.04,1.95,3.4,3.5,1.83,3.5,3.75,1.95,3.95,4.1,2.05,3.67,3.94,1.95,1.53,2.5,1.56,2.56,1.59,2.6,1.55,2.47,0.5,1.96,1.94,1.95,1.95,1.99,1.99,1.93,1.94,3.5,3.8,2.0,,,,3.45,3.85,2.0,3.47,3.89,2.09,3.4,3.5,1.83,3.4,3.8,2.05,3.91,4.0,2.1,3.47,3.86,2.03,1.57,2.38,1.56,2.54,1.61,2.63,1.55,2.5,0.5,1.84,2.09,1.85,2.09,1.89,2.09,1.84,2.04,2324,,,,,,,,,,,,,,,,,,,,,,,,,,,,,,,,,,,,,,,,,,,,,,,,,,,,,,,,,,,,,,,,,,,,,,
E0,26/08/2023,15:00,Arsenal,Fulham,2,2,D,0,1,A,P Tierney,19,8,11,3,6,5,8,3,0,3,0,1,1.2,7.0,13.0,1.22,6.75,12.5,1.22,6.75,12.0,1.24,6.07,15.25,1.15,6.0,11.0,1.2,6.5,12.0,1.27,7.27,15.25,1.23,6.49,13.35,1.44,2.75,1.5,2.63,1.53,2.8,1.48,2.67,-1.75,1.85,2.05,1.85,2.05,1.89,2.09,1.84,2.03,1.3,5.75,10.0,,,,1.27,5.75,11.0,1.29,6.29,10.32,1.17,5.8,11.0,1.25,6.0,11.0,1.31,6.5,13.5,1.27,5.98,10.95,1.5,2.63,1.53,2.64,1.54,2.68,1.51,2.58,-1.75,2.04,1.89,2.08,1.85,2.09,1.99,1.98,1.88,2324,,,,,,,,,,,,,,,,,,,,,,,,,,,,,,,,,,,,,,,,,,,,,,,,,,,,,,,,,,,,,,,,,,,,,,
E0,26/08/2023,15:00,Brentford,Crystal Palace,1,1,D,1,0,H,P Bankes,12,15,1,5,9,15,8,6,0,0,0,0,2.15,3.4,3.5,2.1,3.4,3.6,2.15,3.35,3.4,2.17,3.43,3.62,1.95,3.2,3.4,2.1,3.2,3.6,2.2,3.54,3.75,2.14,3.41,3.57,2.1,1.73,2.2,1.72,2.21,1.78,2.13,1.74,-0.25,1.87,2.03,1.87,2.05,1.88,2.09,1.84,2.02,2.15,3.4,3.5,,,,2.15,3.3,3.55,2.16,3.37,3.81,1.95,3.2,3.4,2.1,3.25,3.75,2.2,3.45,3.86,2.15,3.33,3.67,2.2,1.67,2.33,1.67,2.34,1.74,2.25,1.67,-0.25,1.85,2.08,1.85,2.09,1.88,2.09,1.83,2.04,2324,,,,,,,,,,,,,,,,,,,,,,,,,,,,,,,,,,,,,,,,,,,,,,,,,,,,,,,,,,,,,,,,,,,,,,
E0,26/08/2023,15:00,Everton,Wolves,0,1,A,0,0,D,C Pawson,15,11,7,2,10,14,7,0,3,4,0,0,2.3,3.3,3.2,2.3,3.3,3.1,2.3,3.3,3.15,2.34,3.32,3.34,2.2,3.0,3.0,2.25,3.3,3.13,2.42,3.48,3.4,2.32,3.31,3.24,2.1,1.73,2.15,1.76,2.2,1.8,2.12,1.74,-0.25,2.02,1.88,2.0,1.91,2.05,1.94,1.98,1.87,2.4,3.3,2.9,,,,2.4,3.35,2.95,2.45,3.38,3.14,2.25,3.1,2.8,2.38,3.4,3.0,2.5,3.46,3.21,2.43,3.36,3.02,1.99,1.91,2.01,1.9,2.12,1.95,1.97,1.88,-0.25,2.11,1.82,2.1,1.84,2.2,1.85,2.08,1.81,2324,,,,,,,,,,,,,,,,,,,,,,,,,,,,,,,,,,,,,,,,,,,,,,,,,,,,,,,,,,,,,,,,,,,,,,
E0,26/08/2023,15:00,Man United,Nott'm Forest,3,2,H,1,2,A,S Attwell,18,9,9,4,13,11,11,3,4,4,0,1,1.3,6.0,8.0,1.31,5.75,8.75,1.33,5.75,8.75,1.32,5.98,9.11,1.25,5.0,8.0,1.29,5.5,10.0,1.34,6.2,10.0,1.31,5.79,9.23,1.5,2.63,1.53,2.61,1.55,2.63,1.52,2.56,-1.5,1.89,2.01,1.9,2.01,1.94,2.04,1.88,1.98,1.36,5.0,8.0,,,,1.37,5.25,8.25,1.38,5.3,8.51,1.25,5.0,8.0,1.33,5.5,8.0,1.41,5.75,8.83,1.36,5.26,8.13,1.57,2.38,1.59,2.48,1.68,2.55,1.55,2.45,-1.5,2.06,1.87,2.06,1.88,2.09,1.93,2.01,1.85,2324,,,,,,,,,,,,,,,,,,,,,,,,,,,,,,,,,,,,,,,,,,,,,,,,,,,,,,,,,,,,,,,,,,,,,,
E0,26/08/2023,17:30,Brighton,West Ham,1,3,A,0,1,A,A Taylor,25,12,10,3,10,9,17,4,1,3,0,0,1.53,4.75,5.25,1.52,4.6,5.5,1.53,4.7,5.5,1.54,4.74,5.81,1.4,4.2,5.8,1.5,4.5,5.75,1.58,4.9,6.0,1.53,4.67,5.73,1.5,2.63,1.49,2.72,1.52,2.73,1.49,2.63,-1.0,1.86,2.04,1.88,2.03,1.9,2.09,1.85,2.01,1.5,4.75,5.5,,,,1.55,4.6,5.5,1.5,4.95,6.25,1.4,4.2,5.8,1.5,4.6,6.0,1.57,5.1,6.7,1.51,4.78,5.91,1.44,2.75,1.49,2.73,1.51,2.89,1.48,2.69,-1.25,2.08,1.85,2.1,1.87,2.15,1.91,2.06,1.82,2324,,,,,,,,,,,,,,,,,,,,,,,,,,,,,,,,,,,,,,,,,,,,,,,,,,,,,,,,,,,,,,,,,,,,,,
E0,27/08/2023,14:00,Burnley,Aston Villa,1,3,A,0,2,A,M Salisbury,9,16,2,6,12,11,4,6,2,0,0,0,3.4,3.4,2.15,3.3,3.5,2.15,3.25,3.5,2.2,3.39,3.65,2.18,3.2,3.25,2.0,3.4,3.4,2.1,3.46,3.7,2.22,3.36,3.55,2.16,1.86,2.04,1.86,2.03,1.92,2.06,1.85,1.99,0.25,2.02,1.88,2.02,1.88,2.05,1.91,1.99,1.85,3.2,3.4,2.25,,,,3.1,3.5,2.25,3.24,3.6,2.29,2.8,3.3,2.15,3.3,3.5,2.15,3.66,3.7,2.32,3.21,3.54,2.24,1.8,2.0,1.81,2.09,1.84,2.13,1.8,2.06,0.25,1.93,2.0,1.94,1.98,2.04,2.02,1.92,1.94,2324,,,,,,,,,,,,,,,,,,,,,,,,,,,,,,,,,,,,,,,,,,,,,,,,,,,,,,,,,,,,,,,,,,,,,,
E0,27/08/2023,14:00,Sheffield United,Man City,1,2,A,0,0,D,J Gillett,6,30,2,9,11,2,1,12,3,0,0,0,13.0,8.0,1.17,16.0,7.0,1.19,16.0,7.25,1.17,16.72,7.73,1.18,13.0,6.5,1.12,18.0,7.0,1.15,19.5,8.6,1.21,16.67,7.51,1.18,1.57,2.38,1.59,2.44,1.62,2.5,1.57,2.41,2.0,1.94,1.96,1.92,1.97,2.0,2.01,1.92,1.94,12.0,7.0,1.2,,,,13.0,6.75,1.22,16.0,7.4,1.2,13.0,6.5,1.12,17.0,7.0,1.18,17.0,7.6,1.23,14.68,6.99,1.2,1.57,2.38,1.61,2.41,1.66,2.45,1.61,2.36,1.75,2.08,1.85,2.08,1.84,2.12,1.87,2.03,1.83,2324,,,,,,,,,,,,,,,,,,,,,,,,,,,,,,,,,,,,,,,,,,,,,,,,,,,,,,,,,,,,,,,,,,,,,,
E0,27/08/2023,16:30,Newcastle,Liverpool,1,2,A,1,0,H,J Brooks,23,9,8,4,16,10,5,9,1,2,0,1,2.2,3.75,3.0,2.2,3.9,2.95,2.25,3.65,3.05,2.2,3.95,3.13,2.05,3.6,2.75,2.15,3.75,3.0,2.3,4.1,3.18,2.2,3.9,3.03,1.5,2.63,1.51,2.65,1.53,2.8,1.49,2.64,-0.25,1.94,1.96,1.93,1.98,1.97,2.0,1.92,1.94,2.2,3.75,3.1,,,,2.25,3.7,2.95,2.24,3.93,3.11,2.05,3.6,2.75,2.15,3.8,3.1,2.4,4.1,3.2,2.22,3.84,3.02,1.53,2.5,1.57,2.54,1.57,2.82,1.51,2.6,-0.25,1.95,1.98,1.96,1.96,2.04,1.99,1.92,1.93,2324,,,,,,,,,,,,,,,,,,,,,,,,,,,,,,,,,,,,,,,,,,,,,,,,,,,,,,,,,,,,,,,,,,,,,,
E0,01/09/2023,20:00,Luton,West Ham,1,2,A,0,1,A,P Tierney,16,9,1,3,8,13,9,6,1,1,0,0,4.75,3.8,1.73,4.5,3.8,1.75,4.7,3.8,1.73,4.82,4.04,1.75,3.75,3.5,1.75,5.0,3.8,1.7,5.0,4.2,1.78,4.7,3.94,1.74,1.87,2.03,1.83,2.07,1.87,2.1,1.82,2.03,0.75,1.94,1.99,1.96,1.96,2.0,2.0,1.92,1.93,4.5,4.0,1.73,4.4,3.9,1.73,4.6,3.9,1.73,4.67,4.09,1.76,4.33,3.6,1.62,4.8,3.9,1.7,4.99,4.35,1.78,4.67,4.02,1.73,1.73,2.1,1.76,2.17,1.77,2.29,1.73,2.16,0.75,1.93,2.0,1.94,1.98,2.01,2.0,1.93,1.93,2324,,,,,,,,,,,,,,,,,,,,,,,,,,,,,,,,,,,,,,,,,,,,,,,,,,,,,,,,,,,,,,,,,,,,,,
E0,02/09/2023,12:30,Sheffield United,Everton,2,2,D,2,1,H,A Madley,13,16,8,6,11,13,4,6,1,2,0,0,2.9,3.25,2.5,3.0,3.1,2.45,2.95,3.2,2.5,3.06,3.27,2.53,2.9,3.1,2.2,3.0,3.13,2.5,3.15,3.36,2.59,3.01,3.23,2.5,2.2,1.67,2.26,1.69,2.36,1.72,2.26,1.66,0.0,2.13,1.81,2.16,1.78,2.16,1.81,2.11,1.78,3.1,3.4,2.38,3.0,3.25,2.37,3.05,3.35,2.35,3.21,3.42,2.39,2.9,3.1,2.2,3.2,3.3,2.3,3.36,3.5,2.42,3.12,3.36,2.35,2.04,1.86,2.05,1.87,2.13,1.9,2.03,1.82,0.25,1.89,2.04,1.88,2.05,1.94,2.07,1.85,2.01,2324,,,,,,,,,,,,,,,,,,,,,,,,,,,,,,,,,,,,,,,,,,,,,,,,,,,,,,,,,,,,,,,,,,,,,,
E0,02/09/2023,15:00,Brentford,Bournemouth,2,2,D,1,1,D,R Madley,21,12,7,5,6,13,5,2,1,2,0,0,1.73,3.8,4.75,1.66,4.1,4.75,1.73,3.95,4.6,1.75,4.14,4.62,1.55,3.75,4.75,1.7,3.8,4.75,1.77,4.3,4.94,1.72,4.06,4.67,1.73,2.1,1.78,2.13,1.81,2.18,1.74,2.12,-0.75,1.95,1.98,1.95,1.95,1.96,2.01,1.91,1.95,1.73,4.0,4.5,1.71,3.9,4.6,1.75,3.85,4.6,1.75,4.01,4.86,1.62,3.7,4.33,1.73,3.8,4.8,1.76,4.1,5.0,1.73,3.98,4.75,1.8,2.0,1.83,2.07,1.85,2.13,1.8,2.06,-0.75,1.97,1.96,1.96,1.96,1.99,2.0,1.92,1.94,2324,,,,,,,,,,,,,,,,,,,,,,,,,,,,,,,,,,,,,,,,,,,,,,,,,,,,,,,,,,,,,,,,,,,,,,
E0,02/09/2023,15:00,Burnley,Tottenham,2,5,A,1,2,A,D England,16,20,4,10,15,9,7,4,4,3,0,0,3.6,4.0,1.85,3.8,3.9,1.85,3.75,3.95,1.9,3.97,4.04,1.88,3.4,3.4,1.85,3.9,3.75,1.85,3.99,4.2,1.93,3.83,3.99,1.88,1.62,2.3,1.64,2.36,1.68,2.4,1.64,2.31,0.5,2.03,1.9,2.02,1.88,2.04,1.92,1.98,1.88,3.5,3.8,1.95,3.6,3.7,1.95,3.5,3.75,2.0,3.71,3.79,2.04,3.5,3.4,1.83,3.6,3.7,2.0,3.95,3.91,2.06,3.64,3.79,1.99,1.67,2.2,1.69,2.28,1.73,2.29,1.68,2.23,0.5,1.88,2.05,1.88,2.04,1.94,2.06,1.88,2.0,2324,,,,,,,,,,,,,,,,,,,,,,,,,,,,,,,,,,,,,,,,,,,,,,,,,,,,,,,,,,,,,,,,,,,,,,
E0,02/09/2023,15:00,Chelsea,Nott'm Forest,0,1,A,0,0,D,T Robinson,21,7,2,3,10,9,8,0,3,4,0,0,1.4,4.5,8.5,1.37,5.0,7.75,1.4,5.0,7.75,1.39,5.1,8.62,1.3,4.33,7.5,1.36,4.8,8.5,1.43,5.35,9.0,1.38,5.03,8.27,1.62,2.3,1.65,2.32,1.7,2.38,1.64,2.3,-1.25,1.86,2.07,1.85,2.07,1.89,2.09,1.84,2.03,1.4,4.75,7.5,1.41,4.6,7.75,1.43,4.7,7.5,1.41,5.01,8.45,1.3,4.33,7.5,1.4,4.75,8.5,1.44,5.2,8.5,1.4,4.84,8.03,1.73,2.1,1.78,2.12,1.8,2.28,1.73,2.15,-1.25,1.92,2.01,1.93,2.0,1.96,2.05,1.91,1.96,2324,,,,,,,,,,,,,,,,,,,,,,,,,,,,,,,,,,,,,,,,,,,,,,,,,,,,,,,,,,,,,,,,,,,,,,
E0,02/09/2023,15:00,Man City,Fulham,5,1,H,2,1,H,M Oliver,7,6,5,4,12,12,4,5,2,4,0,0,1.17,8.0,15.0,1.16,8.5,16.5,1.15,8.0,16.0,1.15,8.93,18.11,1.08,7.5,15.0,1.13,8.0,20.0,1.18,9.7,22.0,1.15,8.46,17.91,1.4,3.0,1.4,3.0,1.43,3.07,1.4,2.95,-2.25,2.03,1.9,2.01,1.88,2.04,1.92,1.98,1.87,1.18,8.0,13.0,1.19,7.5,14.0,1.2,7.0,14.0,1.19,7.65,16.0,1.08,7.5,15.0,1.17,7.5,17.0,1.22,8.4,19.0,1.18,7.68,15.7,1.44,2.75,1.41,2.99,1.47,3.26,1.42,2.89,-2.0,1.88,2.05,1.87,2.04,1.92,2.07,1.87,2.0,2324,,,,,,,,,,,,,,,,,,,,,,,,,,,,,,,,,,,,,,,,,,,,,,,,,,,,,,,,,,,,,,,,,,,,,,
E0,02/09/2023,17:30,Brighton,Newcastle,3,1,H,1,0,H,S Attwell,15,9,6,2,14,17,5,3,4,4,0,0,2.5,3.8,2.55,2.6,3.75,2.45,2.55,3.8,2.5,2.59,3.94,2.58,2.25,3.4,2.6,2.5,3.7,2.55,2.62,4.1,2.61,2.55,3.87,2.55,1.5,2.63,1.5,2.68,1.52,2.72,1.49,2.65,0.0,1.94,1.99,1.95,1.95,1.98,2.0,1.92,1.93,2.5,3.8,2.5,2.55,3.7,2.5,2.55,3.55,2.6,2.64,3.87,2.59,2.3,3.4,2.5,2.6,3.75,2.5,2.83,3.97,2.78,2.55,3.81,2.58,1.5,2.63,1.51,2.69,1.57,2.9,1.48,2.7,0.0,1.99,1.94,1.98,1.94,2.04,2.07,1.92,1.95,2324,,,,,,,,,,,,,,,,,,,,,,,,,,,,,,,,,,,,,,,,,,,,,,,,,,,,,,,,,,,,,,,,,,,,,,
E0,03/09/2023,14:00,Crystal Palace,Wolves,3,2,H,0,0,D,R Jones,16,12,11,4,12,12,4,2,1,3,0,0,1.91,3.3,4.33,1.9,3.4,4.2,1.95,3.4,4.1,1.97,3.5,4.25,1.85,3.2,3.6,1.91,3.3,4.2,2.01,3.62,4.5,1.95,3.45,4.15,2.2,1.67,2.26,1.69,2.3,1.74,2.23,1.68,-0.5,1.98,1.95,1.97,1.93,2.05,1.96,1.95,1.91,1.85,3.4,4.5,1.9,3.4,4.2,1.95,3.45,4.2,1.9,3.61,4.54,1.85,3.1,3.8,1.87,3.5,4.33,1.95,3.7,4.8,1.9,3.54,4.32,2.1,1.73,2.08,1.84,2.16,1.88,2.09,1.78,-0.5,1.89,2.04,1.9,2.03,1.98,2.05,1.9,1.98,2324,,,,,,,,,,,,,,,,,,,,,,,,,,,,,,,,,,,,,,,,,,,,,,,,,,,,,,,,,,,,,,,,,,,,,,
E0,03/09/2023,14:00,Liverpool,Aston Villa,3,0,H,2,0,H,S Hooper,17,9,4,3,12,7,7,3,0,1,0,0,1.65,4.5,4.5,1.66,4.4,4.4,1.67,4.3,4.5,1.68,4.61,4.6,1.5,4.2,4.6,1.62,4.33,4.6,1.71,4.7,4.9,1.66,4.49,4.57,1.4,3.0,1.41,3.02,1.44,3.07,1.41,2.94,-1.0,2.05,1.75,2.09,1.82,2.12,1.86,2.07,1.8,1.6,4.75,4.75,1.6,4.5,4.8,1.6,4.4,4.9,1.65,4.67,5.02,1.44,4.2,4.8,1.57,4.5,5.25,1.65,4.9,5.25,1.61,4.62,4.94,1.4,3.0,1.42,3.01,1.43,3.12,1.4,2.97,-1.0,2.05,1.88,2.04,1.88,2.06,1.96,1.97,1.9,2324,,,,,,,,,,,,,,,,,,,,,,,,,,,,,,,,,,,,,,,,,,,,,,,,,,,,,,,,,,,,,,,,,,,,,,
E0,03/09/2023,16:30,Arsenal,Man United,3,1,H,1,1,D,A Taylor,17,10,5,2,8,7,12,3,2,3,0,0,1.75,3.8,4.5,1.75,4.0,4.2,1.8,3.85,4.3,1.77,4.08,4.55,1.67,3.7,3.9,1.73,3.9,4.33,1.83,4.25,4.7,1.77,4.04,4.38,1.57,2.38,1.58,2.49,1.6,2.53,1.55,2.47,-0.75,2.01,1.92,1.98,1.93,2.02,1.94,1.97,1.89,1.75,4.1,4.2,1.73,4.1,4.2,1.77,4.0,4.2,1.76,4.2,4.49,1.67,3.7,3.9,1.73,4.2,4.33,1.86,4.4,4.65,1.77,4.14,4.29,1.44,2.75,1.48,2.81,1.53,2.84,1.47,2.71,-0.75,1.96,1.97,1.96,1.96,2.08,1.99,1.96,1.91,2324,,,,,,,,,,,,,,,,,,,,,,,,,,,,,,,,,,,,,,,,,,,,,,,,,,,,,,,,,,,,,,,,,,,,,,
E0,16/09/2023,12:30,Wolves,Liverpool,1,3,A,1,0,H,M Oliver,11,16,2,6,10,4,4,4,1,3,0,0,6.0,5.0,1.45,6.25,4.8,1.46,6.25,4.9,1.45,6.66,4.98,1.47,6.0,4.4,1.36,6.5,4.75,1.44,7.5,5.25,1.51,6.64,4.95,1.45,1.44,2.75,1.5,2.69,1.52,2.75,1.48,2.66,1.25,1.92,1.98,1.88,2.03,1.95,2.05,1.9,1.96,4.33,4.33,1.7,4.5,4.2,1.68,4.5,4.3,1.67,4.58,4.46,1.71,4.75,3.9,1.53,4.75,4.33,1.65,5.27,4.6,1.74,4.77,4.35,1.67,1.53,2.5,1.53,2.64,1.57,2.66,1.52,2.56,0.75,2.02,1.91,2.03,1.9,2.12,1.92,2.04,1.83,2324,,,,,,,,,,,,,,,,,,,,,,,,,,,,,,,,,,,,,,,,,,,,,,,,,,,,,,,,,,,,,,,,,,,,,,
E0,16/09/2023,15:00,Aston Villa,Crystal Palace,3,1,H,0,0,D,D England,16,6,5,3,13,9,4,2,5,3,0,0,1.91,3.6,4.0,1.9,3.6,3.9,1.9,3.65,3.95,1.93,3.76,4.1,1.8,3.1,4.0,1.87,3.5,4.1,1.96,3.89,4.21,1.9,3.7,4.07,1.89,2.01,1.89,2.0,1.92,2.04,1.87,1.97,-0.5,1.91,1.99,1.93,1.98,1.93,2.03,1.89,1.97,1.95,3.6,4.0,1.95,3.6,3.75,1.95,3.6,3.85,1.98,3.66,4.08,1.83,3.3,3.6,1.93,3.6,4.0,2.0,3.8,4.34,1.94,3.64,4.01,1.93,1.97,1.94,1.96,1.95,2.04,1.89,1.95,-0.5,1.99,1.94,1.98,1.94,2.0,1.98,1.95,1.93,2324,,,,,,,,,,,,,,,,,,,,,,,,,,,,,,,,,,,,,,,,,,,,,,,,,,,,,,,,,,,,,,,,,,,,,,
E0,16/09/2023,15:00,Fulham,Luton,1,0,H,0,0,D,M Salisbury,13,7,2,2,6,14,6,2,2,2,0,0,1.67,3.75,5.5,1.66,3.9,5.0,1.65,3.85,5.25,1.68,4.03,5.31,1.57,3.5,5.0,1.65,3.75,5.25,1.73,4.2,5.5,1.68,3.96,5.18,1.89,2.01,1.88,2.0,1.93,2.04,1.88,1.96,-0.75,1.87,2.03,1.88,2.03,1.91,2.09,1.85,2.01,1.65,3.6,6.0,1.65,3.75,5.5,1.65,3.7,5.5,1.69,3.82,5.68,1.57,3.5,5.0,1.62,3.75,6.0,1.71,4.0,6.5,1.66,3.79,5.67,2.1,1.73,2.18,1.75,2.19,1.86,2.1,1.77,-0.75,1.89,2.04,1.91,2.02,1.91,2.11,1.85,2.02,2324,,,,,,,,,,,,,,,,,,,,,,,,,,,,,,,,,,,,,,,,,,,,,,,,,,,,,,,,,,,,,,,,,,,,,,
E0,16/09/2023,15:00,Man United,Brighton,1,3,A,0,1,A,J Gillett,14,10,4,8,8,9,8,1,2,2,0,0,2.15,4.0,2.88,2.15,3.9,2.95,2.2,3.9,2.9,2.25,4.02,2.99,2.0,3.6,2.9,2.15,3.9,2.9,2.28,4.19,3.07,2.21,3.98,2.96,1.44,2.75,1.43,2.95,1.44,3.02,1.42,2.87,-0.25,1.97,1.93,1.98,1.93,2.01,1.97,1.94,1.91,2.0,4.0,3.25,2.0,3.9,3.25,2.05,3.9,3.3,2.07,3.9,3.53,1.85,3.6,3.2,2.0,4.0,3.3,2.08,4.15,3.78,2.0,3.99,3.44,1.44,2.75,1.49,2.75,1.49,3.12,1.43,2.88,-0.5,2.04,1.89,2.07,1.86,2.08,1.96,2.01,1.87,2324,,,,,,,,,,,,,,,,,,,,,,,,,,,,,,,,,,,,,,,,,,,,,,,,,,,,,,,,,,,,,,,,,,,,,,
E0,16/09/2023,15:00,Tottenham,Sheffield United,2,1,H,0,0,D,P Bankes,28,7,10,5,13,14,15,2,6,5,0,1,1.29,5.5,11.0,1.28,6.0,9.75,1.27,6.0,11.0,1.29,6.08,10.21,1.22,5.0,9.0,1.25,5.75,11.0,1.31,6.51,12.0,1.28,6.1,10.52,1.5,2.63,1.49,2.71,1.51,2.75,1.48,2.66,-1.75,2.03,1.87,2.05,1.85,2.07,1.94,1.99,1.87,1.29,5.75,10.0,1.28,6.0,9.5,1.27,6.0,10.0,1.3,6.31,9.4,1.22,5.5,8.0,1.29,6.0,9.5,1.32,6.7,11.0,1.29,6.17,9.68,1.4,3.0,1.41,3.02,1.45,3.19,1.41,2.97,-1.75,2.01,1.92,2.0,1.91,2.05,1.93,1.97,1.89,2324,,,,,,,,,,,,,,,,,,,,,,,,,,,,,,,,,,,,,,,,,,,,,,,,,,,,,,,,,,,,,,,,,,,,,,
E0,16/09/2023,15:00,West Ham,Man City,1,3,A,1,0,H,A Madley,6,29,3,15,7,11,4,11,3,2,0,0,7.0,4.5,1.45,6.25,4.6,1.49,6.5,4.7,1.47,6.58,4.7,1.5,5.8,4.2,1.4,6.5,4.5,1.45,7.5,4.95,1.53,6.57,4.67,1.48,1.62,2.3,1.65,2.34,1.7,2.43,1.62,2.34,1.25,1.83,2.07,1.82,2.11,1.86,2.11,1.82,2.05,5.25,4.2,1.6,5.25,4.1,1.61,6.0,4.2,1.55,5.49,4.3,1.63,5.0,3.7,1.5,6.0,4.1,1.57,6.13,4.4,1.66,5.6,4.22,1.61,1.73,2.1,1.75,2.17,1.83,2.23,1.75,2.08,1.0,1.83,2.1,1.85,2.08,1.96,2.12,1.86,2.03,2324,,,,,,,,,,,,,,,,,,,,,,,,,,,,,,,,,,,,,,,,,,,,,,,,,,,,,,,,,,,,,,,,,,,,,,
E0,16/09/2023,17:30,Newcastle,Brentford,1,0,H,0,0,D,C Pawson,9,11,2,2,8,12,8,3,3,5,0,0,1.53,4.2,6.0,1.55,4.2,5.75,1.53,4.4,5.75,1.54,4.47,6.3,1.44,3.9,5.5,1.5,4.33,6.0,1.58,4.6,6.75,1.53,4.37,6.12,1.67,2.2,1.68,2.29,1.7,2.36,1.67,2.24,-1.0,1.89,2.01,1.9,2.01,1.91,2.05,1.87,1.99,1.6,4.0,5.5,1.63,4.0,5.0,1.63,4.0,5.25,1.66,4.17,5.43,1.5,3.6,5.5,1.62,4.0,5.5,1.69,4.2,6.0,1.64,4.08,5.4,1.73,2.1,1.78,2.13,1.84,2.26,1.77,2.09,-1.0,2.05,1.75,2.11,1.81,2.18,1.83,2.11,1.78,2324,,,,,,,,,,,,,,,,,,,,,,,,,,,,,,,,,,,,,,,,,,,,,,,,,,,,,,,,,,,,,,,,,,,,,,
E0,17/09/2023,14:00,Bournemouth,Chelsea,0,0,D,0,0,D,D Coote,13,14,4,6,15,20,1,7,1,5,0,0,4.33,3.75,1.8,4.2,4.0,1.75,4.3,3.9,1.77,4.39,4.05,1.8,4.0,3.7,1.65,4.33,3.8,1.75,4.5,4.2,1.84,4.34,3.96,1.79,1.67,2.2,1.66,2.32,1.68,2.38,1.64,2.3,0.75,1.89,2.01,1.88,2.03,1.9,2.06,1.85,1.99,4.2,3.75,1.83,3.9,3.8,1.85,3.9,3.85,1.9,4.34,3.97,1.83,3.7,3.5,1.75,4.1,3.75,1.85,4.34,4.0,1.94,4.06,3.88,1.87,1.73,2.1,1.75,2.19,1.77,2.31,1.71,2.19,0.5,2.08,1.85,2.09,1.83,2.09,1.92,2.01,1.87,2324,,,,,,,,,,,,,,,,,,,,,,,,,,,,,,,,,,,,,,,,,,,,,,,,,,,,,,,,,,,,,,,,,,,,,,
E0,17/09/2023,16:30,Everton,Arsenal,0,1,A,0,0,D,S Hooper,8,13,1,4,12,10,1,11,1,1,0,0,6.0,4.5,1.5,5.75,4.5,1.52,5.75,4.4,1.55,6.3,4.54,1.53,5.8,4.2,1.4,6.0,4.33,1.5,6.5,4.75,1.57,6.07,4.55,1.52,1.67,2.2,1.67,2.3,1.7,2.36,1.65,2.27,1.0,2.05,1.85,2.03,1.88,2.08,1.89,2.02,1.85,5.5,4.33,1.55,5.5,4.33,1.55,5.5,4.4,1.55,6.0,4.3,1.59,5.8,4.2,1.4,6.0,4.33,1.53,6.68,4.61,1.64,5.74,4.37,1.57,1.73,2.1,1.75,2.17,1.92,2.35,1.68,2.23,1.0,1.94,1.99,1.94,1.98,2.01,2.05,1.92,1.95,2324,,,,,,,,,,,,,,,,,,,,,,,,,,,,,,,,,,,,,,,,,,,,,,,,,,,,,,,,,,,,,,,,,,,,,,
E0,18/09/2023,19:45,Nott'm Forest,Burnley,1,1,D,0,1,A,R Jones,14,10,4,3,16,10,5,4,2,3,0,1,2.2,3.5,3.25,2.2,3.5,3.1,2.25,3.45,3.15,2.23,3.58,3.33,2.05,3.2,3.1,2.2,3.4,3.2,2.31,3.65,3.41,2.24,3.51,3.22,1.92,1.98,1.92,1.97,1.98,2.01,1.91,1.92,-0.25,1.9,2.0,1.93,1.98,2.0,2.02,1.93,1.92,2.05,3.5,3.5,2.1,3.4,3.6,2.1,3.45,3.5,2.14,3.51,3.69,2.0,3.0,3.4,2.1,3.4,3.6,2.2,3.6,3.95,2.11,3.45,3.59,2.06,1.84,2.08,1.89,2.1,1.93,1.98,1.87,-0.25,1.84,2.09,1.85,2.09,1.85,2.18,1.82,2.05,2324,,,,,,,,,,,,,,,,,,,,,,,,,,,,,,,,,,,,,,,,,,,,,,,,,,,,,,,,,,,,,,,,,,,,,,
E0,23/09/2023,15:00,Crystal Palace,Fulham,0,0,D,0,0,D,P Tierney,7,10,3,5,10,15,3,2,3,2,0,0,1.91,3.4,4.2,1.88,3.5,4.1,1.95,3.4,4.1,1.99,3.54,4.11,1.8,3.25,3.8,1.93,3.4,4.0,2.01,3.68,4.35,1.95,3.51,4.09,2.0,1.8,2.1,1.79,2.13,1.85,2.05,1.8,-0.5,1.98,1.92,1.99,1.92,2.02,1.98,1.95,1.91,2.05,3.25,3.8,1.88,3.5,4.1,2.1,3.3,3.7,2.1,3.39,3.97,1.91,3.0,3.7,2.05,3.25,3.9,2.13,3.47,4.2,2.08,3.34,3.87,2.2,1.67,2.24,1.72,2.28,1.77,2.2,1.7,-0.5,2.11,1.82,2.1,1.84,2.14,1.84,2.09,1.81,2324,,,,,,,,,,,,,,,,,,,,,,,,,,,,,,,,,,,,,,,,,,,,,,,,,,,,,,,,,,,,,,,,,,,,,,
E0,23/09/2023,15:00,Luton,Wolves,1,1,D,0,0,D,J Smith,20,3,4,3,12,17,10,1,0,2,0,1,3.25,3.4,2.2,3.25,3.4,2.2,3.35,3.35,2.2,3.26,3.47,2.31,3.2,3.1,2.05,3.25,3.3,2.2,3.5,3.58,2.34,3.3,3.43,2.23,2.02,1.88,2.03,1.86,2.06,1.91,1.99,1.85,0.25,1.96,1.94,1.92,1.99,1.98,2.01,1.93,1.91,3.1,3.3,2.38,3.25,3.4,2.2,3.1,3.3,2.35,3.28,3.31,2.41,2.9,3.2,2.15,3.2,3.3,2.3,3.45,3.42,2.46,3.18,3.32,2.37,2.1,1.73,2.18,1.79,2.2,1.83,2.08,1.78,0.25,1.89,2.04,1.88,2.05,1.94,2.1,1.86,2.01,2324,,,,,,,,,,,,,,,,,,,,,,,,,,,,,,,,,,,,,,,,,,,,,,,,,,,,,,,,,,,,,,,,,,,,,,
E0,23/09/2023,15:00,Man City,Nott'm Forest,2,0,H,2,0,H,A Taylor,7,10,4,3,5,17,6,6,3,7,1,0,1.14,8.5,15.0,1.15,8.25,18.0,1.15,8.0,16.0,1.15,9.04,17.91,1.1,7.0,13.0,1.13,8.0,20.0,1.17,9.8,21.0,1.15,8.55,18.11,1.4,3.0,1.42,2.93,1.46,3.1,1.41,2.94,-2.25,2.02,1.88,2.04,1.86,2.06,1.95,1.98,1.88,1.17,8.0,15.0,1.15,8.25,18.0,1.17,7.25,16.0,1.17,8.5,18.0,1.08,7.0,17.0,1.14,8.0,21.0,1.18,9.0,21.0,1.16,8.11,18.46,1.5,2.63,1.51,2.66,1.55,2.83,1.51,2.61,-2.0,1.9,2.03,1.9,2.01,1.92,2.15,1.86,2.02,2324,,,,,,,,,,,,,,,,,,,,,,,,,,,,,,,,,,,,,,,,,,,,,,,,,,,,,,,,,,,,,,,,,,,,,,
E0,23/09/2023,17:30,Brentford,Everton,1,3,A,1,1,D,M Oliver,12,18,2,6,9,12,1,4,2,2,0,0,1.8,3.8,4.2,1.77,3.7,4.5,1.8,3.75,4.3,1.81,3.8,4.67,1.65,3.5,4.33,1.75,3.6,4.6,1.84,3.95,4.75,1.8,3.78,4.49,1.95,1.95,1.93,1.95,2.0,2.0,1.92,1.92,-0.75,2.06,1.84,2.06,1.85,2.1,1.9,2.03,1.83,1.91,3.5,4.33,1.93,3.4,4.1,1.95,3.55,4.0,1.95,3.53,4.4,1.73,3.4,4.0,1.9,3.5,4.2,1.98,3.83,4.4,1.93,3.56,4.16,2.1,1.73,2.14,1.78,2.2,1.99,2.03,1.82,-0.5,1.95,1.98,1.95,1.97,1.98,2.0,1.93,1.94,2324,,,,,,,,,,,,,,,,,,,,,,,,,,,,,,,,,,,,,,,,,,,,,,,,,,,,,,,,,,,,,,,,,,,,,,
E0,23/09/2023,20:00,Burnley,Man United,0,1,A,0,1,A,T Harrington,12,11,4,4,6,12,9,5,1,2,0,0,4.2,4.2,1.73,4.33,4.0,1.73,4.2,4.1,1.77,4.28,4.31,1.77,4.2,3.7,1.62,4.5,3.9,1.7,4.6,4.4,1.8,4.31,4.16,1.75,1.62,2.3,1.62,2.41,1.66,2.43,1.61,2.36,0.75,1.95,1.95,1.93,1.98,2.0,2.01,1.91,1.93,4.0,3.8,1.83,4.0,3.8,1.83,4.1,3.85,1.83,4.32,4.0,1.83,3.9,3.6,1.7,4.4,3.9,1.8,4.62,4.1,1.89,4.15,3.91,1.84,1.73,2.1,1.73,2.21,1.75,2.31,1.7,2.2,0.75,1.78,2.03,1.85,2.09,1.9,2.14,1.8,2.06,2324,,,,,,,,,,,,,,,,,,,,,,,,,,,,,,,,,,,,,,,,,,,,,,,,,,,,,,,,,,,,,,,,,,,,,,
E0,24/09/2023,14:00,Arsenal,Tottenham,2,2,D,1,1,D,R Jones,13,13,6,5,12,19,11,4,3,4,0,0,1.67,4.33,4.33,1.72,4.2,4.2,1.7,4.3,4.4,1.68,4.45,4.69,1.65,3.8,3.9,1.65,4.1,4.6,1.76,4.6,4.75,1.7,4.36,4.5,1.5,2.63,1.51,2.66,1.54,2.69,1.51,2.58,-0.75,1.87,2.03,1.86,2.05,1.93,2.06,1.86,1.99,1.62,4.33,4.75,1.62,4.33,4.75,1.65,4.3,4.7,1.65,4.39,5.11,1.5,4.0,4.75,1.62,4.33,5.0,1.71,4.6,5.5,1.64,4.37,5.0,1.53,2.5,1.55,2.6,1.59,2.67,1.52,2.57,-1.0,2.08,1.85,2.08,1.85,2.1,1.9,2.05,1.84,2324,,,,,,,,,,,,,,,,,,,,,,,,,,,,,,,,,,,,,,,,,,,,,,,,,,,,,,,,,,,,,,,,,,,,,,
E0,24/09/2023,14:00,Brighton,Bournemouth,3,1,H,1,1,D,J Brooks,13,12,4,4,12,17,4,4,3,3,0,0,1.36,5.25,7.5,1.36,5.5,7.25,1.4,5.5,7.0,1.41,5.08,7.9,1.29,5.0,7.0,1.33,5.25,8.0,1.43,5.75,8.3,1.38,5.31,7.58,1.36,3.2,1.39,3.13,1.4,3.3,1.37,3.11,-1.5,2.01,1.89,2.01,1.89,2.05,1.93,1.98,1.88,1.5,4.75,5.5,1.49,4.8,5.75,1.5,4.9,5.5,1.52,4.97,5.9,1.36,4.4,5.8,1.44,5.0,6.5,1.54,5.25,6.5,1.5,4.91,5.97,1.44,2.75,1.46,2.85,1.48,3.0,1.44,2.83,-1.25,2.09,1.84,2.09,1.85,2.1,1.92,2.02,1.85,2324,,,,,,,,,,,,,,,,,,,,,,,,,,,,,,,,,,,,,,,,,,,,,,,,,,,,,,,,,,,,,,,,,,,,,,
E0,24/09/2023,14:00,Chelsea,Aston Villa,0,1,A,0,0,D,J Gillett,10,15,4,7,9,11,5,11,2,3,0,0,1.91,3.75,3.8,1.88,3.8,3.8,1.9,3.8,3.8,1.93,3.9,3.93,1.75,3.5,3.7,1.87,3.7,3.8,1.96,4.0,4.1,1.91,3.85,3.87,1.73,2.1,1.7,2.24,1.74,2.26,1.7,2.2,-0.5,1.91,1.99,1.93,1.98,1.94,2.02,1.9,1.97,1.85,3.75,4.0,1.87,3.75,3.9,1.83,3.85,4.1,1.91,3.93,4.1,1.75,3.5,3.7,1.85,3.8,4.1,1.93,4.1,4.4,1.86,3.9,4.09,1.73,2.1,1.72,2.21,1.76,2.25,1.71,2.19,-0.5,1.9,2.03,1.91,2.02,1.92,2.12,1.85,2.03,2324,,,,,,,,,,,,,,,,,,,,,,,,,,,,,,,,,,,,,,,,,,,,,,,,,,,,,,,,,,,,,,,,,,,,,,
E0,24/09/2023,14:00,Liverpool,West Ham,3,1,H,1,1,D,C Kavanagh,22,11,7,4,12,13,7,4,0,2,0,0,1.4,5.0,7.0,1.39,5.25,6.75,1.4,5.5,6.75,1.4,5.67,7.21,1.33,4.6,6.5,1.36,5.0,7.5,1.45,5.8,7.7,1.39,5.38,7.19,1.4,3.0,1.4,3.06,1.42,3.12,1.4,2.96,-1.5,2.03,1.87,2.05,1.86,2.09,1.89,2.03,1.84,1.36,5.25,7.5,1.38,5.5,7.0,1.37,5.25,7.5,1.39,5.64,7.61,1.3,4.8,7.0,1.33,5.5,8.5,1.4,6.0,8.5,1.37,5.58,7.78,1.4,3.0,1.41,3.08,1.41,3.25,1.38,3.11,-1.5,2.01,1.92,2.01,1.91,2.04,1.96,1.96,1.91,2324,,,,,,,,,,,,,,,,,,,,,,,,,,,,,,,,,,,,,,,,,,,,,,,,,,,,,,,,,,,,,,,,,,,,,,
E0,24/09/2023,16:30,Sheffield United,Newcastle,0,8,A,0,3,A,S Attwell,9,22,1,15,12,8,2,6,3,0,0,0,7.0,4.75,1.44,6.75,4.6,1.44,6.75,4.7,1.45,7.05,4.98,1.45,6.5,4.2,1.36,7.5,4.6,1.4,7.5,5.1,1.51,7.01,4.78,1.45,1.67,2.2,1.68,2.29,1.71,2.34,1.66,2.25,1.25,1.92,1.98,1.92,1.99,1.95,2.03,1.88,1.97,6.0,4.2,1.53,5.75,4.2,1.55,6.0,4.3,1.53,6.05,4.39,1.57,5.5,4.0,1.44,6.5,4.1,1.45,7.0,4.6,1.57,6.26,4.37,1.53,1.85,2.05,1.85,2.06,1.87,2.2,1.79,2.07,1.0,1.95,1.98,1.94,1.98,2.08,1.99,1.98,1.89,2324,,,,,,,,,,,,,,,,,,,,,,,,,,,,,,,,,,,,,,,,,,,,,,,,,,,,,,,,,,,,,,,,,,,,,,
E0,30/09/2023,12:30,Aston Villa,Brighton,6,1,H,3,0,H,A Madley,19,11,9,3,19,21,1,3,4,4,0,0,2.55,3.75,2.55,2.45,3.9,2.55,2.6,3.85,2.45,2.58,3.96,2.58,2.5,3.9,2.45,2.5,3.8,2.5,2.65,4.11,2.65,2.56,3.92,2.55,1.44,2.75,1.45,2.88,1.45,2.98,1.43,2.84,0.0,1.97,1.96,1.95,1.95,1.97,1.99,1.93,1.93,2.45,3.6,2.7,2.45,3.6,2.65,2.5,3.6,2.7,2.49,3.77,2.82,2.45,3.7,2.62,2.45,3.8,2.63,2.7,3.85,2.82,2.5,3.7,2.7,1.5,2.63,1.52,2.65,1.52,2.85,1.49,2.63,0.0,1.86,2.07,1.85,2.09,1.96,2.12,1.85,2.01,2324,,,,,,,,,,,,,,,,,,,,,,,,,,,,,,,,,,,,,,,,,,,,,,,,,,,,,,,,,,,,,,,,,,,,,,
E0,30/09/2023,15:00,Bournemouth,Arsenal,0,4,A,0,2,A,M Salisbury,8,15,1,8,11,10,6,6,0,1,0,0,5.5,4.5,1.53,5.75,4.6,1.51,5.5,4.6,1.53,5.59,4.77,1.56,5.8,4.5,1.5,6.0,4.33,1.5,6.0,4.9,1.58,5.77,4.68,1.53,1.53,2.5,1.57,2.5,1.58,2.56,1.54,2.49,1.0,2.0,1.93,2.01,1.9,2.06,1.93,2.01,1.85,5.5,4.5,1.53,6.0,4.4,1.52,5.75,4.5,1.53,6.06,4.62,1.55,6.5,4.6,1.44,6.5,4.33,1.5,6.5,4.8,1.59,6.03,4.55,1.53,1.62,2.3,1.62,2.41,1.7,2.42,1.64,2.32,1.0,2.03,1.9,2.04,1.89,2.08,1.93,2.02,1.86,2324,,,,,,,,,,,,,,,,,,,,,,,,,,,,,,,,,,,,,,,,,,,,,,,,,,,,,,,,,,,,,,,,,,,,,,
E0,30/09/2023,15:00,Everton,Luton,1,2,A,1,2,A,A Taylor,23,9,5,2,8,10,3,6,0,1,0,0,1.57,3.8,6.5,1.6,3.9,5.75,1.6,3.9,6.0,1.62,3.94,6.24,1.6,3.9,5.8,1.57,3.8,6.0,1.68,4.1,6.5,1.61,3.94,6.06,2.05,1.85,2.04,1.85,2.08,1.88,2.02,1.82,-1.0,2.09,1.84,2.11,1.81,2.13,1.84,2.07,1.8,1.67,3.75,5.25,1.62,3.9,5.5,1.63,3.85,5.75,1.67,3.93,5.7,1.6,3.8,5.8,1.62,3.8,6.0,1.68,4.0,6.27,1.65,3.87,5.72,2.03,1.87,2.05,1.87,2.13,1.89,1.99,1.84,-0.75,1.86,2.07,1.87,2.06,1.89,2.14,1.81,2.04,2324,,,,,,,,,,,,,,,,,,,,,,,,,,,,,,,,,,,,,,,,,,,,,,,,,,,,,,,,,,,,,,,,,,,,,,
E0,30/09/2023,15:00,Man United,Crystal Palace,0,1,A,0,1,A,C Kavanagh,19,8,4,2,10,8,10,4,3,2,0,0,1.55,4.2,5.75,1.55,4.2,5.75,1.57,4.2,5.75,1.57,4.36,5.96,1.53,4.2,5.8,1.53,4.1,6.0,1.61,4.5,6.1,1.57,4.3,5.89,1.8,2.0,1.79,2.09,1.83,2.14,1.77,2.08,-1.0,2.0,1.93,1.98,1.92,2.03,1.95,1.95,1.91,1.55,4.2,6.0,1.55,4.1,5.75,1.55,4.2,5.75,1.58,4.37,5.96,1.53,4.2,6.0,1.53,4.1,6.5,1.65,4.46,6.5,1.57,4.26,6.05,1.82,2.08,1.8,2.1,1.91,2.13,1.82,2.03,-1.0,1.97,1.96,1.98,1.94,2.05,1.99,1.96,1.91,2324,,,,,,,,,,,,,,,,,,,,,,,,,,,,,,,,,,,,,,,,,,,,,,,,,,,,,,,,,,,,,,,,,,,,,,
E0,30/09/2023,15:00,Newcastle,Burnley,2,0,H,1,0,H,T Bramall,20,8,8,2,7,15,5,3,1,3,0,0,1.3,5.75,9.0,1.31,5.5,9.25,1.35,5.5,8.25,1.34,5.67,9.15,1.3,5.5,9.0,1.3,5.25,9.5,1.36,5.9,10.5,1.33,5.62,9.22,1.53,2.5,1.56,2.54,1.57,2.58,1.53,2.52,-1.5,1.96,1.97,1.96,1.94,1.97,1.99,1.92,1.94,1.36,5.0,7.5,1.38,4.8,8.0,1.4,5.0,7.75,1.38,5.24,8.53,1.35,5.0,8.5,1.36,4.8,9.0,1.42,5.5,9.5,1.38,5.13,8.43,1.67,2.2,1.68,2.25,1.78,2.42,1.67,2.24,-1.25,1.85,2.08,1.85,2.09,1.91,2.11,1.83,2.03,2324,,,,,,,,,,,,,,,,,,,,,,,,,,,,,,,,,,,,,,,,,,,,,,,,,,,,,,,,,,,,,,,,,,,,,,
E0,30/09/2023,15:00,West Ham,Sheffield United,2,0,H,2,0,H,G Scott,20,16,9,2,6,9,7,4,1,1,0,0,1.45,4.5,7.0,1.46,4.6,6.75,1.45,4.7,6.75,1.44,4.94,7.44,1.4,4.75,7.0,1.4,4.6,7.5,1.49,5.1,7.5,1.45,4.79,7.1,1.67,2.2,1.64,2.34,1.7,2.4,1.64,2.29,-1.25,2.02,1.91,1.98,1.93,2.05,1.94,1.98,1.88,1.44,4.5,7.0,1.46,4.5,6.75,1.45,4.7,6.75,1.48,4.79,7.0,1.4,4.75,7.5,1.4,4.75,8.0,1.48,5.1,8.5,1.44,4.79,7.35,1.73,2.1,1.72,2.21,1.82,2.42,1.7,2.2,-1.25,2.04,1.89,2.06,1.87,2.09,1.96,1.97,1.89,2324,,,,,,,,,,,,,,,,,,,,,,,,,,,,,,,,,,,,,,,,,,,,,,,,,,,,,,,,,,,,,,,,,,,,,,
E0,30/09/2023,15:00,Wolves,Man City,2,1,H,1,0,H,C Pawson,3,23,1,8,18,12,0,6,5,4,0,0,8.0,5.75,1.33,8.75,5.5,1.32,8.25,5.5,1.33,9.61,5.75,1.33,9.5,5.5,1.29,10.0,5.5,1.29,10.0,6.0,1.36,9.2,5.65,1.33,1.53,2.5,1.56,2.54,1.57,2.57,1.53,2.51,1.5,1.97,1.96,1.95,1.95,2.0,2.0,1.94,1.92,7.5,5.0,1.4,7.75,5.0,1.39,7.75,5.0,1.4,8.61,5.19,1.39,8.5,5.0,1.35,8.5,5.0,1.36,9.5,5.59,1.42,8.34,5.12,1.39,1.67,2.2,1.71,2.24,1.75,2.36,1.68,2.23,1.25,2.05,1.88,2.05,1.88,2.11,1.94,2.02,1.85,2324,,,,,,,,,,,,,,,,,,,,,,,,,,,,,,,,,,,,,,,,,,,,,,,,,,,,,,,,,,,,,,,,,,,,,,
E0,30/09/2023,17:30,Tottenham,Liverpool,2,1,H,1,1,D,S Hooper,24,12,8,4,11,17,12,5,5,4,0,2,2.9,4.0,2.15,2.9,4.0,2.15,3.05,3.75,2.2,2.98,4.12,2.23,2.88,4.0,2.15,2.9,3.9,2.15,3.08,4.2,2.28,2.96,4.03,2.21,1.36,3.2,1.42,3.0,1.42,3.2,1.39,3.02,0.25,1.97,1.96,1.94,1.96,1.97,2.0,1.92,1.93,3.0,3.8,2.2,2.8,3.9,2.25,3.0,3.75,2.25,2.96,4.01,2.3,2.8,3.9,2.25,2.9,4.0,2.2,3.29,4.2,2.32,2.96,3.94,2.25,1.36,3.2,1.38,3.22,1.44,3.22,1.38,3.07,0.25,1.92,2.01,1.9,2.02,1.99,2.02,1.9,1.96,2324,,,,,,,,,,,,,,,,,,,,,,,,,,,,,,,,,,,,,,,,,,,,,,,,,,,,,,,,,,,,,,,,,,,,,,
E0,01/10/2023,14:00,Nott'm Forest,Brentford,1,1,D,0,0,D,P Tierney,6,18,1,5,6,10,1,11,1,2,1,0,2.75,3.1,2.7,2.75,3.25,2.6,2.75,3.2,2.65,2.84,3.29,2.69,2.75,3.4,2.5,2.75,3.13,2.6,2.89,3.46,2.75,2.81,3.27,2.65,2.1,1.73,2.13,1.78,2.17,1.81,2.09,1.76,0.0,2.01,1.89,2.01,1.9,2.05,1.91,1.98,1.87,2.63,3.0,2.88,2.55,3.2,2.8,2.7,3.15,2.75,2.62,3.27,2.99,2.6,3.25,2.75,2.7,3.2,2.75,2.85,3.34,3.17,2.65,3.21,2.85,2.1,1.73,2.18,1.76,2.46,1.79,2.13,1.73,0.0,1.82,2.08,1.84,2.1,1.93,2.1,1.86,1.99,2324,,,,,,,,,,,,,,,,,,,,,,,,,,,,,,,,,,,,,,,,,,,,,,,,,,,,,,,,,,,,,,,,,,,,,,
E0,02/10/2023,20:00,Fulham,Chelsea,0,2,A,0,2,A,T Robinson,10,11,3,4,15,12,8,1,1,4,0,0,3.6,3.5,2.05,3.5,3.5,2.05,3.65,3.4,2.1,3.93,3.45,2.06,3.6,3.5,2.0,3.7,3.4,2.0,4.0,3.62,2.1,3.73,3.49,2.06,1.98,1.92,1.99,1.9,2.03,1.94,1.93,1.89,0.5,1.85,2.05,1.85,2.06,1.87,2.11,1.82,2.05,3.4,3.4,2.15,3.3,3.4,2.15,3.35,3.4,2.2,3.52,3.49,2.22,3.3,3.4,2.15,3.5,3.4,2.15,3.82,3.57,2.3,3.46,3.43,2.19,2.01,1.89,2.01,1.88,2.08,1.92,1.97,1.87,0.25,2.01,1.89,2.02,1.91,2.12,1.93,2.0,1.86,2324,,,,,,,,,,,,,,,,,,,,,,,,,,,,,,,,,,,,,,,,,,,,,,,,,,,,,,,,,,,,,,,,,,,,,,
E0,03/10/2023,19:30,Luton,Burnley,1,2,A,0,1,A,P Bankes,18,14,3,4,14,6,7,6,4,2,0,0,2.9,3.0,2.63,2.85,3.1,2.55,2.9,3.1,2.6,2.94,3.23,2.65,2.88,3.1,2.6,2.88,3.13,2.63,3.0,3.3,2.72,2.92,3.18,2.63,2.2,1.65,2.25,1.7,2.31,1.73,2.24,1.67,0.0,2.08,1.85,2.06,1.85,2.09,1.88,2.03,1.83,2.88,3.1,2.6,2.8,3.1,2.6,2.85,3.15,2.6,2.95,3.22,2.69,2.88,3.1,2.6,2.88,3.13,2.63,3.13,3.3,2.7,2.94,3.16,2.62,2.2,1.65,2.29,1.69,2.35,1.74,2.22,1.66,0.0,2.06,1.87,2.06,1.88,2.14,1.88,2.05,1.82,2324,,,,,,,,,,,,,,,,,,,,,,,,,,,,,,,,,,,,,,,,,,,,,,,,,,,,,,,,,,,,,,,,,,,,,,
E0,07/10/2023,12:30,Luton,Tottenham,0,1,A,0,0,D,J Brooks,12,15,2,4,16,7,5,6,2,1,0,1,6.0,4.75,1.45,6.25,4.75,1.47,6.0,4.7,1.5,6.91,4.98,1.46,6.5,4.6,1.44,6.5,4.75,1.45,7.1,5.1,1.54,6.46,4.79,1.48,1.53,2.4,1.55,2.54,1.58,2.57,1.55,2.46,1.25,1.88,2.02,1.92,1.98,1.94,2.07,1.85,2.01,7.0,5.0,1.4,6.5,5.0,1.43,6.25,4.9,1.45,6.8,5.15,1.45,7.5,4.8,1.4,7.5,5.0,1.4,7.8,5.3,1.49,6.8,5.05,1.44,1.48,2.6,1.51,2.68,1.53,2.83,1.49,2.65,1.25,1.91,2.02,1.96,1.96,1.98,2.02,1.93,1.92,2324,,,,,,,,,,,,,,,,,,,,,,,,,,,,,,,,,,,,,,,,,,,,,,,,,,,,,,,,,,,,,,,,,,,,,,
E0,07/10/2023,15:00,Burnley,Chelsea,1,4,A,1,1,D,S Attwell,10,9,3,5,11,8,7,3,2,4,0,0,4.5,3.8,1.73,4.75,3.9,1.7,4.5,3.9,1.75,4.58,3.98,1.78,4.75,3.8,1.7,4.75,3.75,1.7,4.92,4.1,1.8,4.63,3.92,1.76,1.85,2.05,1.84,2.06,1.87,2.1,1.8,2.04,0.75,1.91,1.99,1.89,2.01,1.94,2.04,1.89,1.94,5.25,4.0,1.67,5.0,3.8,1.68,5.0,3.85,1.7,5.2,4.07,1.69,5.0,4.0,1.65,5.5,3.9,1.65,5.64,4.2,1.83,5.16,3.99,1.68,1.85,2.05,1.88,2.02,1.96,2.1,1.85,1.99,0.75,2.05,1.88,2.03,1.89,2.11,1.91,2.0,1.85,2324,,,,,,,,,,,,,,,,,,,,,,,,,,,,,,,,,,,,,,,,,,,,,,,,,,,,,,,,,,,,,,,,,,,,,,
E0,07/10/2023,15:00,Everton,Bournemouth,3,0,H,2,0,H,D Coote,25,11,8,4,14,15,8,7,1,2,0,0,1.91,3.6,3.8,1.95,3.6,3.7,1.95,3.65,3.75,1.99,3.71,3.88,1.91,3.7,3.7,1.93,3.5,3.75,2.03,3.85,3.99,1.97,3.7,3.81,1.85,2.05,1.85,2.04,1.87,2.1,1.83,2.01,-0.5,1.98,1.92,1.99,1.92,2.01,1.95,1.96,1.9,1.85,3.75,4.0,1.9,3.6,3.9,1.9,3.65,3.9,1.93,3.78,4.18,1.85,3.8,3.9,1.91,3.7,3.9,1.97,3.85,4.34,1.92,3.72,4.03,1.86,2.04,1.88,2.03,1.9,2.1,1.83,2.02,-0.5,1.91,2.02,1.93,2.0,1.94,2.02,1.91,1.96,2324,,,,,,,,,,,,,,,,,,,,,,,,,,,,,,,,,,,,,,,,,,,,,,,,,,,,,,,,,,,,,,,,,,,,,,
E0,07/10/2023,15:00,Fulham,Sheffield United,3,1,H,0,0,D,S Barrott,20,5,6,2,8,10,9,4,1,2,0,0,1.62,3.8,6.0,1.63,4.0,5.75,1.63,3.9,5.5,1.64,4.0,5.9,1.6,3.9,5.5,1.6,3.75,5.75,1.68,4.16,6.2,1.64,3.96,5.69,1.96,1.94,1.96,1.93,2.0,1.96,1.93,1.9,-1.0,2.08,1.73,2.12,1.79,2.15,1.82,2.11,1.77,1.45,4.2,7.5,1.5,4.4,6.75,1.5,4.4,6.25,1.52,4.56,6.57,1.5,4.33,6.5,1.5,4.2,7.0,1.57,4.6,7.5,1.52,4.41,6.6,1.73,2.08,1.78,2.13,1.87,2.16,1.78,2.07,-1.0,1.84,2.09,1.85,2.08,1.92,2.12,1.84,2.03,2324,,,,,,,,,,,,,,,,,,,,,,,,,,,,,,,,,,,,,,,,,,,,,,,,,,,,,,,,,,,,,,,,,,,,,,
E0,07/10/2023,15:00,Man United,Brentford,2,1,H,0,1,A,A Madley,21,11,8,3,10,17,7,5,0,5,0,0,1.67,4.2,4.75,1.63,4.2,4.8,1.67,4.2,4.6,1.7,4.23,4.87,1.65,4.2,4.6,1.65,3.9,4.8,1.74,4.35,5.0,1.69,4.2,4.78,1.65,2.2,1.68,2.28,1.72,2.32,1.64,2.23,-0.75,1.88,2.02,1.88,2.03,1.91,2.06,1.85,2.0,1.6,4.33,5.0,1.65,4.1,5.0,1.65,4.2,4.8,1.63,4.33,5.41,1.6,4.2,5.0,1.6,4.1,5.5,1.74,4.35,5.5,1.66,4.19,5.12,1.62,2.25,1.67,2.31,1.75,2.36,1.67,2.24,-1.0,2.06,1.87,2.07,1.87,2.2,1.89,2.1,1.79,2324,,,,,,,,,,,,,,,,,,,,,,,,,,,,,,,,,,,,,,,,,,,,,,,,,,,,,,,,,,,,,,,,,,,,,,
E0,07/10/2023,17:30,Crystal Palace,Nott'm Forest,0,0,D,0,0,D,C Pawson,8,16,2,5,7,12,3,7,0,1,0,0,2.2,3.1,3.6,2.2,3.2,3.4,2.25,3.2,3.45,2.26,3.3,3.54,2.15,3.25,3.5,2.2,3.1,3.5,2.31,3.44,3.65,2.24,3.25,3.49,2.25,1.62,2.31,1.67,2.35,1.71,2.28,1.65,-0.25,1.91,1.99,1.93,1.98,1.95,2.01,1.89,1.95,2.25,3.1,3.4,2.25,3.1,3.5,2.3,3.15,3.35,2.34,3.12,3.64,2.25,3.2,3.3,2.25,3.13,3.5,2.42,3.26,3.8,2.31,3.17,3.46,2.35,1.57,2.51,1.59,2.51,1.68,2.4,1.59,-0.25,1.99,1.94,1.98,1.94,2.03,2.01,1.94,1.91,2324,,,,,,,,,,,,,,,,,,,,,,,,,,,,,,,,,,,,,,,,,,,,,,,,,,,,,,,,,,,,,,,,,,,,,,
E0,08/10/2023,14:00,Brighton,Liverpool,2,2,D,1,2,A,A Taylor,14,14,3,4,12,20,8,1,1,2,0,0,3.0,3.8,2.2,2.95,4.0,2.15,2.95,3.95,2.2,3.14,4.02,2.17,2.88,4.2,2.1,3.0,4.0,2.1,3.25,4.32,2.21,3.05,4.01,2.17,1.36,3.1,1.38,3.19,1.38,3.39,1.35,3.22,0.25,2.0,1.9,2.0,1.91,2.03,1.93,1.96,1.87,3.2,4.2,2.05,3.2,4.1,2.0,3.25,4.0,2.05,3.26,4.19,2.1,3.2,4.0,2.0,3.13,4.1,2.05,3.5,4.4,2.1,3.25,4.19,2.04,1.3,3.5,1.35,3.4,1.35,3.67,1.31,3.45,0.5,1.83,2.1,1.83,2.09,1.89,2.11,1.83,2.05,2324,,,,,,,,,,,,,,,,,,,,,,,,,,,,,,,,,,,,,,,,,,,,,,,,,,,,,,,,,,,,,,,,,,,,,,
E0,08/10/2023,14:00,West Ham,Newcastle,2,2,D,1,0,H,P Bankes,5,10,3,3,11,18,4,2,3,3,0,0,3.2,3.75,2.1,3.1,3.6,2.15,3.2,3.7,2.15,3.41,3.79,2.12,3.3,3.7,2.05,3.3,3.5,2.1,3.47,3.84,2.2,3.32,3.72,2.13,1.7,2.1,1.75,2.17,1.79,2.21,1.72,2.15,0.25,2.06,1.84,2.06,1.85,2.11,1.88,2.01,1.83,3.4,3.75,2.0,3.3,3.6,2.1,3.35,3.65,2.1,3.58,3.73,2.11,3.3,3.6,2.1,3.5,3.6,2.05,3.6,3.8,2.23,3.39,3.67,2.13,1.73,2.08,1.79,2.13,1.84,2.14,1.78,2.08,0.25,2.03,1.78,2.1,1.82,2.1,1.93,2.01,1.83,2324,,,,,,,,,,,,,,,,,,,,,,,,,,,,,,,,,,,,,,,,,,,,,,,,,,,,,,,,,,,,,,,,,,,,,,
E0,08/10/2023,14:00,Wolves,Aston Villa,1,1,D,0,0,D,R Jones,8,18,3,4,19,9,2,10,2,2,1,0,3.5,3.4,2.1,3.4,3.6,2.05,3.35,3.5,2.15,3.39,3.64,2.18,3.3,3.6,2.1,3.3,3.5,2.1,3.5,3.77,2.21,3.4,3.59,2.14,1.75,2.05,1.8,2.09,1.85,2.12,1.8,2.04,0.25,2.04,1.86,2.02,1.89,2.07,1.9,2.0,1.84,3.75,3.4,2.0,3.5,3.5,2.05,3.65,3.35,2.1,3.7,3.68,2.08,3.5,3.6,2.0,3.6,3.5,2.0,3.8,3.78,2.11,3.63,3.61,2.06,1.84,2.06,1.87,2.05,1.88,2.1,1.83,2.03,0.5,1.85,2.08,1.85,2.08,1.88,2.1,1.83,2.05,2324,,,,,,,,,,,,,,,,,,,,,,,,,,,,,,,,,,,,,,,,,,,,,,,,,,,,,,,,,,,,,,,,,,,,,,
E0,08/10/2023,16:30,Arsenal,Man City,1,0,H,0,0,D,M Oliver,12,4,2,1,8,7,5,4,2,3,0,0,2.9,3.3,2.4,2.85,3.5,2.4,2.85,3.45,2.45,2.99,3.49,2.46,2.75,3.6,2.4,2.88,3.4,2.38,3.05,3.66,2.51,2.92,3.49,2.44,1.75,2.05,1.79,2.1,1.85,2.16,1.78,2.05,0.25,1.79,2.11,1.81,2.12,1.83,2.13,1.79,2.07,2.9,3.3,2.45,2.95,3.2,2.45,2.9,3.25,2.5,3.0,3.39,2.56,2.9,3.25,2.45,3.0,3.25,2.45,3.31,3.41,2.6,3.0,3.3,2.5,2.08,1.82,2.05,1.86,2.13,2.04,2.03,1.82,0.25,1.73,2.08,1.78,2.17,1.85,2.23,1.76,2.11,2324,,,,,,,,,,,,,,,,,,,,,,,,,,,,,,,,,,,,,,,,,,,,,,,,,,,,,,,,,,,,,,,,,,,,,,
E0,21/10/2023,12:30,Liverpool,Everton,2,0,H,0,0,D,C Pawson,26,6,6,1,9,9,12,4,1,1,0,1,1.33,5.75,7.5,1.36,5.25,7.75,1.37,5.5,7.25,1.37,5.77,7.65,1.33,5.5,8.0,1.33,5.5,8.5,1.4,6.0,8.8,1.36,5.66,8.01,1.4,2.88,1.41,3.01,1.43,3.07,1.41,2.92,-1.5,2.0,1.93,2.0,1.91,2.04,1.96,1.95,1.91,1.4,5.25,7.0,1.38,5.25,7.0,1.4,5.5,6.75,1.4,5.5,7.4,1.35,5.5,7.5,1.36,5.25,8.0,1.42,5.9,8.0,1.39,5.43,7.38,1.4,2.88,1.41,3.07,1.47,3.1,1.41,2.94,-1.5,2.11,1.82,2.09,1.83,2.11,1.93,2.03,1.84,2324,,,,,,,,,,,,,,,,,,,,,,,,,,,,,,,,,,,,,,,,,,,,,,,,,,,,,,,,,,,,,,,,,,,,,,
E0,21/10/2023,15:00,Bournemouth,Wolves,1,2,A,1,0,H,P Tierney,7,20,4,7,15,10,3,12,2,6,1,0,2.38,3.4,3.0,2.37,3.4,2.87,2.4,3.45,2.9,2.45,3.49,3.01,2.38,3.5,2.8,2.38,3.4,2.9,2.48,3.7,3.05,2.41,3.48,2.95,1.85,2.05,1.86,2.03,1.88,2.07,1.82,2.02,-0.25,2.1,1.83,2.11,1.82,2.12,1.85,2.06,1.8,2.25,3.4,3.1,2.25,3.4,3.1,2.35,3.4,3.0,2.31,3.46,3.32,2.3,3.4,3.0,2.38,3.3,3.0,2.49,3.6,3.32,2.35,3.42,3.11,1.96,1.94,1.95,1.95,2.02,2.1,1.91,1.93,-0.25,2.01,1.92,1.99,1.93,2.11,1.94,2.01,1.85,2324,,,,,,,,,,,,,,,,,,,,,,,,,,,,,,,,,,,,,,,,,,,,,,,,,,,,,,,,,,,,,,,,,,,,,,
E0,21/10/2023,15:00,Brentford,Burnley,3,0,H,1,0,H,J Smith,23,6,10,1,14,12,5,5,5,2,0,1,1.83,3.75,4.2,1.8,3.6,4.5,1.83,3.65,4.3,1.87,3.77,4.37,1.75,3.8,4.4,1.8,3.6,4.33,1.9,3.86,4.53,1.83,3.74,4.4,1.95,1.95,1.97,1.92,2.01,1.97,1.92,1.92,-0.5,1.86,2.07,1.87,2.04,1.88,2.08,1.84,2.04,1.7,3.8,4.75,1.73,3.7,4.75,1.73,3.8,4.7,1.74,3.9,5.09,1.75,3.7,4.6,1.75,3.75,4.8,1.83,3.99,5.2,1.75,3.81,4.9,1.92,1.98,1.93,1.98,2.0,2.0,1.92,1.92,-0.75,1.96,1.97,1.96,1.96,2.01,2.01,1.95,1.91,2324,,,,,,,,,,,,,,,,,,,,,,,,,,,,,,,,,,,,,,,,,,,,,,,,,,,,,,,,,,,,,,,,,,,,,,
E0,21/10/2023,15:00,Man City,Brighton,2,1,H,2,0,H,R Jones,10,5,6,3,9,11,2,2,2,2,1,0,1.4,5.25,6.5,1.41,5.25,6.5,1.43,5.5,6.5,1.42,5.45,6.93,1.4,5.5,6.5,1.36,5.25,7.0,1.46,5.7,7.3,1.41,5.36,6.83,1.36,3.1,1.39,3.13,1.41,3.2,1.37,3.09,-1.25,1.87,2.06,1.88,2.02,1.9,2.08,1.84,2.02,1.36,6.0,6.5,1.36,5.5,7.0,1.37,5.5,7.25,1.36,5.69,7.74,1.3,5.8,8.5,1.33,5.5,8.5,1.4,6.2,8.5,1.36,5.74,7.8,1.33,3.4,1.38,3.19,1.43,3.4,1.38,3.1,-1.5,2.03,1.9,2.03,1.9,2.04,1.98,1.95,1.92,2324,,,,,,,,,,,,,,,,,,,,,,,,,,,,,,,,,,,,,,,,,,,,,,,,,,,,,,,,,,,,,,,,,,,,,,
E0,21/10/2023,15:00,Newcastle,Crystal Palace,4,0,H,3,0,H,T Robinson,10,17,7,3,7,12,6,8,2,3,0,0,1.45,4.5,7.0,1.47,4.33,7.0,1.45,4.5,7.0,1.46,4.63,7.7,1.44,4.5,7.5,1.4,4.4,7.5,1.5,4.8,8.0,1.46,4.53,7.44,1.85,2.05,1.85,2.04,1.87,2.1,1.82,2.03,-1.25,2.06,1.87,2.06,1.85,2.07,1.88,2.02,1.83,1.45,4.5,7.0,1.46,4.33,7.25,1.45,4.4,7.5,1.48,4.49,7.68,1.4,4.4,8.5,1.44,4.2,8.5,1.52,4.7,8.5,1.46,4.45,7.75,2.01,1.89,2.04,1.87,2.05,2.03,1.98,1.87,-1.25,2.11,1.82,2.13,1.82,2.18,1.87,2.07,1.8,2324,,,,,,,,,,,,,,,,,,,,,,,,,,,,,,,,,,,,,,,,,,,,,,,,,,,,,,,,,,,,,,,,,,,,,,
E0,21/10/2023,15:00,Nott'm Forest,Luton,2,2,D,0,0,D,S Barrott,19,13,8,4,12,11,4,2,3,0,0,0,1.67,3.75,5.5,1.65,3.75,5.5,1.67,3.75,5.25,1.7,3.89,5.43,1.62,3.8,5.5,1.65,3.6,5.5,1.75,3.97,5.75,1.69,3.82,5.33,2.08,1.82,2.11,1.78,2.15,1.84,2.03,1.8,-0.75,1.94,1.99,1.94,1.96,1.94,2.04,1.88,1.96,1.73,3.75,5.25,1.7,3.6,5.0,1.73,3.7,5.0,1.76,3.65,5.39,1.7,3.7,5.0,1.7,3.6,5.5,1.81,3.78,5.98,1.73,3.67,5.27,2.1,1.7,2.18,1.78,2.24,1.81,2.12,1.75,-0.75,1.98,1.95,2.0,1.93,2.01,2.0,1.94,1.92,2324,,,,,,,,,,,,,,,,,,,,,,,,,,,,,,,,,,,,,,,,,,,,,,,,,,,,,,,,,,,,,,,,,,,,,,
E0,21/10/2023,17:30,Chelsea,Arsenal,2,2,D,1,0,H,C Kavanagh,11,13,5,3,7,14,2,7,3,3,0,0,3.2,3.4,2.25,3.1,3.4,2.2,3.15,3.45,2.25,3.33,3.5,2.26,3.0,3.5,2.25,3.25,3.3,2.2,3.4,3.56,2.36,3.24,3.47,2.26,1.98,1.92,1.99,1.9,2.01,1.98,1.92,1.9,0.25,1.96,1.97,1.96,1.94,2.0,2.01,1.91,1.93,3.3,3.25,2.25,3.2,3.25,2.25,3.25,3.2,2.3,3.35,3.44,2.31,3.25,3.2,2.25,3.25,3.3,2.3,3.5,3.5,2.41,3.3,3.33,2.32,2.05,1.85,2.04,1.88,2.19,1.88,2.07,1.79,0.25,1.94,1.99,1.94,1.98,1.95,2.06,1.89,1.97,2324,,,,,,,,,,,,,,,,,,,,,,,,,,,,,,,,,,,,,,,,,,,,,,,,,,,,,,,,,,,,,,,,,,,,,,
E0,21/10/2023,20:00,Sheffield United,Man United,1,2,A,1,1,D,M Oliver,12,14,6,5,12,10,5,4,3,1,0,0,6.5,5.25,1.4,7.0,4.75,1.43,7.0,5.0,1.43,7.57,5.24,1.41,7.5,5.0,1.4,7.5,4.8,1.4,7.8,5.4,1.46,7.27,5.07,1.42,1.53,2.4,1.55,2.57,1.59,2.6,1.55,2.47,1.25,2.02,1.91,2.02,1.88,2.02,1.94,1.97,1.88,7.5,5.75,1.36,7.75,5.25,1.36,7.25,5.5,1.37,7.8,5.6,1.38,8.0,5.5,1.33,8.5,5.5,1.33,8.5,5.8,1.41,7.91,5.54,1.37,1.44,2.7,1.47,2.83,1.53,2.83,1.46,2.74,1.5,1.91,2.02,1.9,2.03,1.95,2.05,1.89,1.98,2324,,,,,,,,,,,,,,,,,,,,,,,,,,,,,,,,,,,,,,,,,,,,,,,,,,,,,,,,,,,,,,,,,,,,,,
E0,22/10/2023,16:30,Aston Villa,West Ham,4,1,H,1,0,H,D Coote,15,14,7,4,9,15,8,7,0,1,0,0,1.85,3.6,4.0,1.9,3.7,3.75,1.9,3.8,3.85,1.9,3.93,4.01,1.85,3.9,3.75,1.85,3.8,3.8,1.95,4.03,4.1,1.9,3.86,3.88,1.57,2.35,1.59,2.47,1.63,2.5,1.58,2.39,-0.5,1.91,2.02,1.9,2.0,1.93,2.03,1.89,1.97,1.73,3.8,4.5,1.8,3.9,4.1,1.8,3.75,4.4,1.79,4.02,4.54,1.75,3.9,4.33,1.8,3.9,4.2,1.9,4.1,4.54,1.81,3.94,4.31,1.6,2.3,1.67,2.32,1.7,2.45,1.63,2.3,-0.75,2.03,1.9,2.02,1.91,2.1,1.91,2.02,1.85,2324,,,,,,,,,,,,,,,,,,,,,,,,,,,,,,,,,,,,,,,,,,,,,,,,,,,,,,,,,,,,,,,,,,,,,,
E0,23/10/2023,20:00,Tottenham,Fulham,2,0,H,1,0,H,A Taylor,15,10,5,3,10,14,3,5,2,0,0,0,1.5,4.5,6.0,1.5,4.6,5.75,1.5,4.7,5.75,1.51,4.85,6.06,1.5,4.6,5.8,1.45,4.6,6.0,1.55,5.0,6.4,1.51,4.7,5.99,1.5,2.5,1.52,2.63,1.54,2.66,1.51,2.55,-1.0,1.83,2.1,1.81,2.09,1.83,2.13,1.81,2.07,1.5,4.6,6.0,1.5,4.6,6.0,1.47,4.8,6.25,1.52,4.72,6.13,1.44,4.8,6.0,1.45,4.75,6.0,1.54,4.98,6.65,1.5,4.74,6.22,1.5,2.5,1.52,2.66,1.59,2.79,1.51,2.6,-1.0,1.8,2.0,1.85,2.09,1.85,2.17,1.79,2.1,2324,,,,,,,,,,,,,,,,,,,,,,,,,,,,,,,,,,,,,,,,,,,,,,,,,,,,,,,,,,,,,,,,,,,,,,
E0,27/10/2023,20:00,Crystal Palace,Tottenham,1,2,A,0,0,D,A Madley,13,10,3,1,19,11,11,2,2,1,0,0,4.5,3.75,1.75,4.5,3.7,1.77,4.5,3.75,1.77,4.7,3.84,1.79,4.6,3.75,1.73,4.8,3.7,1.75,5.0,3.95,1.83,4.64,3.83,1.79,1.94,1.96,1.95,1.95,1.99,2.08,1.89,1.96,0.75,1.89,2.04,1.88,2.04,1.92,2.07,1.86,1.99,4.5,3.8,1.75,4.4,3.7,1.78,4.6,3.8,1.75,4.58,3.85,1.81,4.5,3.75,1.75,4.75,3.75,1.75,5.0,4.17,1.86,4.54,3.84,1.79,1.92,1.98,1.93,1.98,2.0,2.04,1.89,1.96,0.75,1.87,2.06,1.87,2.07,1.92,2.1,1.84,2.02,2324,,,,,,,,,,,,,,,,,,,,,,,,,,,,,,,,,,,,,,,,,,,,,,,,,,,,,,,,,,,,,,,,,,,,,,
E0,28/10/2023,12:30,Chelsea,Brentford,0,2,A,0,0,D,S Hooper,17,7,2,5,12,7,10,1,1,4,0,0,1.65,4.0,5.25,1.61,4.1,5.25,1.63,4.1,5.25,1.66,4.15,5.32,1.62,4.0,5.5,1.62,3.9,5.25,1.7,4.22,5.75,1.65,4.1,5.31,1.8,2.0,1.82,2.06,1.86,2.11,1.81,2.04,-0.75,1.86,2.07,1.85,2.07,1.87,2.11,1.82,2.05,1.62,4.0,5.25,1.65,3.9,5.25,1.6,4.2,5.5,1.65,4.05,5.6,1.6,4.0,5.5,1.62,4.0,5.5,1.7,4.32,5.9,1.65,4.07,5.39,1.85,2.05,1.87,2.04,1.87,2.1,1.81,2.04,-0.75,1.83,2.1,1.85,2.09,1.87,2.16,1.8,2.06,2324,,,,,,,,,,,,,,,,,,,,,,,,,,,,,,,,,,,,,,,,,,,,,,,,,,,,,,,,,,,,,,,,,,,,,,
E0,28/10/2023,15:00,Arsenal,Sheffield United,5,0,H,1,0,H,T Robinson,13,2,8,0,9,13,6,1,0,3,0,0,1.13,8.5,19.0,1.13,9.25,19.5,1.12,9.5,22.0,1.13,10.16,21.31,1.1,9.0,23.0,1.1,9.0,22.0,1.14,11.0,26.0,1.13,9.61,21.6,1.36,3.1,1.35,3.25,1.39,3.3,1.36,3.13,-2.5,2.03,1.78,2.07,1.81,2.11,1.89,2.05,1.82,1.13,8.5,19.0,1.13,9.5,19.5,1.12,9.5,21.0,1.13,9.5,21.0,1.1,10.0,19.0,1.1,9.5,22.0,1.15,11.0,27.0,1.13,9.57,21.8,1.36,3.1,1.36,3.21,1.4,3.3,1.36,3.18,-2.25,1.86,2.07,1.83,2.07,1.91,2.1,1.83,2.04,2324,,,,,,,,,,,,,,,,,,,,,,,,,,,,,,,,,,,,,,,,,,,,,,,,,,,,,,,,,,,,,,,,,,,,,,
E0,28/10/2023,15:00,Bournemouth,Burnley,2,1,H,1,1,D,S Barrott,13,6,6,3,9,12,10,5,2,3,0,0,2.15,3.5,3.3,2.1,3.6,3.25,2.15,3.6,3.25,2.1,3.76,3.49,2.1,3.6,3.25,2.1,3.5,3.4,2.19,3.82,3.56,2.13,3.66,3.38,1.75,2.05,1.8,2.09,1.85,2.12,1.8,2.05,-0.25,1.87,2.06,1.83,2.09,1.88,2.09,1.84,2.02,2.15,3.5,3.25,2.15,3.5,3.25,2.2,3.55,3.2,2.13,3.65,3.51,2.15,3.5,3.25,2.15,3.5,3.4,2.24,3.72,3.53,2.17,3.58,3.35,1.87,2.03,1.83,2.07,1.9,2.09,1.83,2.02,-0.25,1.87,2.06,1.88,2.08,1.91,2.08,1.86,2.0,2324,,,,,,,,,,,,,,,,,,,,,,,,,,,,,,,,,,,,,,,,,,,,,,,,,,,,,,,,,,,,,,,,,,,,,,
E0,28/10/2023,17:30,Wolves,Newcastle,2,2,D,1,2,A,A Taylor,11,13,6,5,13,15,8,7,1,4,0,0,4.2,4.0,1.75,4.33,3.9,1.77,4.2,3.9,1.8,4.22,3.99,1.84,4.33,3.9,1.75,4.4,3.75,1.75,4.4,4.1,1.87,4.26,3.94,1.82,1.75,2.05,1.8,2.09,1.83,2.19,1.77,2.1,0.75,1.87,2.06,1.83,2.08,1.87,2.11,1.82,2.03,3.8,3.8,1.91,4.2,3.75,1.82,4.2,3.85,1.8,4.11,3.75,1.93,4.33,3.8,1.8,4.33,3.7,1.83,4.7,4.1,1.93,4.22,3.84,1.85,1.88,2.02,1.91,2.0,1.91,2.16,1.8,2.06,0.5,2.0,1.93,1.99,1.93,2.15,1.93,2.04,1.84,2324,,,,,,,,,,,,,,,,,,,,,,,,,,,,,,,,,,,,,,,,,,,,,,,,,,,,,,,,,,,,,,,,,,,,,,
E0,29/10/2023,13:00,West Ham,Everton,0,1,A,0,0,D,S Attwell,12,10,2,4,7,11,4,3,4,1,0,0,2.15,3.5,3.3,2.1,3.6,3.25,2.15,3.55,3.25,2.18,3.62,3.41,2.1,3.7,3.2,2.1,3.5,3.3,2.21,3.81,3.47,2.15,3.64,3.32,1.73,2.08,1.77,2.13,1.8,2.19,1.74,2.12,-0.25,1.9,2.03,1.89,2.02,1.91,2.06,1.86,1.99,2.1,3.6,3.4,2.05,3.6,3.4,2.1,3.65,3.4,2.08,3.7,3.62,2.05,3.6,3.4,2.05,3.6,3.5,2.15,3.83,3.8,2.07,3.69,3.5,1.73,2.08,1.77,2.16,1.78,2.23,1.73,2.14,-0.5,2.09,1.84,2.09,1.85,2.1,1.86,2.06,1.82,2324,,,,,,,,,,,,,,,,,,,,,,,,,,,,,,,,,,,,,,,,,,,,,,,,,,,,,,,,,,,,,,,,,,,,,,
E0,29/10/2023,14:00,Aston Villa,Luton,3,1,H,1,0,H,J Brooks,17,7,6,1,11,10,6,4,3,2,0,0,1.25,6.5,9.5,1.25,6.25,11.0,1.25,6.25,12.0,1.28,6.23,10.8,1.25,6.0,10.0,1.22,6.0,12.0,1.31,6.5,12.0,1.28,6.19,10.79,1.48,2.6,1.5,2.64,1.54,2.69,1.51,2.59,-1.75,2.0,1.93,1.98,1.91,2.04,1.95,1.97,1.88,1.36,5.5,7.5,1.37,5.5,7.25,1.35,5.5,7.75,1.34,5.85,8.55,1.3,6.0,8.0,1.33,5.5,9.0,1.38,6.4,10.0,1.34,5.71,8.49,1.44,2.7,1.47,2.8,1.53,2.93,1.46,2.74,-1.5,1.97,1.96,1.97,1.94,1.98,2.06,1.92,1.95,2324,,,,,,,,,,,,,,,,,,,,,,,,,,,,,,,,,,,,,,,,,,,,,,,,,,,,,,,,,,,,,,,,,,,,,,
E0,29/10/2023,14:00,Brighton,Fulham,1,1,D,1,0,H,M Salisbury,18,10,7,5,12,8,7,3,0,3,0,0,1.55,4.2,5.5,1.52,4.6,5.5,1.55,4.6,5.25,1.59,4.65,5.36,1.53,4.4,5.5,1.53,4.33,5.5,1.62,4.8,5.75,1.56,4.6,5.42,1.5,2.5,1.54,2.58,1.56,2.68,1.5,2.59,-1.0,1.95,1.98,1.96,1.94,1.97,2.0,1.92,1.95,1.62,4.0,5.5,1.6,4.2,5.25,1.6,4.3,5.25,1.64,4.32,5.29,1.57,4.2,5.5,1.6,4.33,5.25,1.68,4.56,5.5,1.61,4.3,5.3,1.65,2.2,1.68,2.29,1.72,2.45,1.64,2.29,-1.0,2.05,1.88,2.08,1.85,2.12,1.98,2.02,1.85,2324,,,,,,,,,,,,,,,,,,,,,,,,,,,,,,,,,,,,,,,,,,,,,,,,,,,,,,,,,,,,,,,,,,,,,,
E0,29/10/2023,14:00,Liverpool,Nott'm Forest,3,0,H,2,0,H,C Kavanagh,21,9,8,1,9,13,8,3,2,3,0,0,1.29,5.75,11.0,1.27,6.25,9.75,1.25,6.25,11.0,1.27,6.51,10.09,1.25,6.5,10.0,1.25,6.0,11.0,1.3,6.9,11.5,1.27,6.38,10.39,1.4,2.88,1.42,2.96,1.43,3.07,1.41,2.91,-1.75,1.97,1.96,1.95,1.93,2.0,1.96,1.93,1.92,1.22,7.0,11.0,1.23,6.75,12.0,1.25,6.75,10.0,1.22,7.31,12.08,1.2,7.0,12.0,1.22,6.5,12.0,1.26,7.52,16.07,1.23,6.96,12.16,1.44,2.7,1.44,2.87,1.5,2.93,1.44,2.79,-1.75,1.93,2.0,1.84,2.08,1.93,2.16,1.83,2.03,2324,,,,,,,,,,,,,,,,,,,,,,,,,,,,,,,,,,,,,,,,,,,,,,,,,,,,,,,,,,,,,,,,,,,,,,
E0,29/10/2023,15:30,Man United,Man City,0,3,A,0,1,A,P Tierney,7,21,3,10,9,4,7,12,4,1,0,0,5.0,3.8,1.67,4.75,4.0,1.68,4.9,4.0,1.67,5.16,4.07,1.69,4.8,4.0,1.65,5.0,3.9,1.65,5.3,4.22,1.74,4.99,4.04,1.69,1.7,2.1,1.75,2.15,1.79,2.2,1.73,2.15,0.75,2.06,1.87,2.03,1.88,2.07,1.91,2.0,1.85,5.5,4.2,1.57,5.25,4.1,1.61,5.25,4.2,1.6,5.6,4.3,1.61,5.5,4.2,1.57,6.0,4.2,1.55,6.0,4.55,1.73,5.48,4.25,1.62,1.65,2.2,1.7,2.26,1.74,2.4,1.68,2.23,1.0,1.91,2.02,1.88,2.05,1.97,2.12,1.86,2.02,2324,,,,,,,,,,,,,,,,,,,,,,,,,,,,,,,,,,,,,,,,,,,,,,,,,,,,,,,,,,,,,,,,,,,,,,
E0,04/11/2023,12:30,Fulham,Man United,0,1,A,0,0,D,J Brooks,18,12,3,5,9,15,9,4,5,2,0,0,3.2,3.6,2.2,3.2,3.6,2.15,3.2,3.6,2.2,3.22,3.68,2.22,3.2,3.5,2.1,3.25,3.5,2.2,3.5,3.75,2.26,3.24,3.61,2.2,1.75,2.05,1.81,2.07,1.85,2.13,1.79,2.05,0.25,1.99,1.94,1.97,1.93,2.01,1.96,1.96,1.89,2.9,3.6,2.3,2.9,3.5,2.3,2.95,3.5,2.35,3.03,3.59,2.38,2.9,3.5,2.25,3.0,3.5,2.3,3.35,3.71,2.55,3.0,3.56,2.36,1.75,2.05,1.81,2.1,1.9,2.14,1.81,2.04,0.25,1.85,2.08,1.86,2.07,1.98,2.14,1.84,2.02,2324,,,,,,,,,,,,,,,,,,,,,,,,,,,,,,,,,,,,,,,,,,,,,,,,,,,,,,,,,,,,,,,,,,,,,,
E0,04/11/2023,15:00,Brentford,West Ham,3,2,H,1,2,A,T Bramall,16,12,4,2,12,14,4,3,1,4,0,0,2.05,3.6,3.5,2.05,3.6,3.4,2.1,3.6,3.4,2.07,3.74,3.52,2.0,3.7,3.3,2.05,3.5,3.4,2.12,3.85,3.61,2.08,3.67,3.46,1.73,2.08,1.76,2.15,1.78,2.18,1.75,2.11,-0.25,1.75,2.05,1.81,2.1,1.84,2.13,1.79,2.06,2.15,3.5,3.3,2.1,3.6,3.3,2.15,3.6,3.25,2.16,3.71,3.39,2.1,3.6,3.1,2.15,3.6,3.3,2.21,3.89,3.68,2.15,3.66,3.33,1.7,2.1,1.73,2.22,1.82,2.27,1.72,2.17,-0.25,1.89,2.04,1.88,2.04,1.91,2.19,1.85,2.01,2324,,,,,,,,,,,,,,,,,,,,,,,,,,,,,,,,,,,,,,,,,,,,,,,,,,,,,,,,,,,,,,,,,,,,,,
E0,04/11/2023,15:00,Burnley,Crystal Palace,0,2,A,0,1,A,P Bankes,17,4,5,3,9,12,12,1,0,5,0,0,2.75,3.25,2.6,2.75,3.2,2.65,2.8,3.2,2.6,2.89,3.24,2.65,2.8,3.0,2.6,2.8,3.1,2.6,2.95,3.33,2.71,2.85,3.23,2.63,2.2,1.65,2.29,1.68,2.29,1.71,2.23,1.68,0.0,2.05,1.88,2.04,1.87,2.07,1.89,2.02,1.86,3.25,3.2,2.3,3.25,3.1,2.3,3.25,3.15,2.35,3.53,3.21,2.31,3.4,2.9,2.3,3.4,3.1,2.3,3.53,3.31,2.46,3.35,3.17,2.35,2.35,1.57,2.48,1.6,2.51,1.64,2.41,1.58,0.25,1.96,1.97,1.95,1.97,1.96,2.0,1.87,1.97,2324,,,,,,,,,,,,,,,,,,,,,,,,,,,,,,,,,,,,,,,,,,,,,,,,,,,,,,,,,,,,,,,,,,,,,,
E0,04/11/2023,15:00,Everton,Brighton,1,1,D,1,0,H,T Robinson,10,7,4,2,15,5,3,3,4,2,0,0,3.1,3.6,2.2,,,,3.05,3.7,2.2,3.1,3.87,2.21,3.0,3.8,2.1,3.1,3.6,2.15,3.17,3.98,2.25,3.09,3.81,2.2,1.57,2.35,1.62,2.41,1.62,2.48,1.59,2.41,0.25,1.96,1.97,1.96,1.94,1.99,1.97,1.93,1.92,2.8,3.4,2.45,,,,2.75,3.55,2.5,2.86,3.52,2.54,2.62,3.6,2.38,2.8,3.5,2.45,2.93,3.86,2.55,2.83,3.6,2.46,1.7,2.1,1.76,2.18,1.78,2.36,1.7,2.21,0.25,1.73,2.08,1.76,2.19,1.81,2.2,1.77,2.1,2324,,,,,,,,,,,,,,,,,,,,,,,,,,,,,,,,,,,,,,,,,,,,,,,,,,,,,,,,,,,,,,,,,,,,,,
E0,04/11/2023,15:00,Man City,Bournemouth,6,1,H,3,0,H,C Pawson,21,5,8,1,8,9,12,1,0,1,0,0,1.1,11.0,19.0,1.1,11.5,21.0,1.1,10.0,22.0,1.08,12.84,29.22,1.06,10.0,26.0,1.07,10.5,29.0,1.11,14.0,34.0,1.1,11.39,26.19,1.29,3.6,1.32,3.51,1.33,3.7,1.3,3.53,-2.5,1.89,2.04,1.86,2.03,1.91,2.06,1.86,2.01,1.09,11.0,21.0,1.1,11.5,21.0,1.1,11.0,20.0,1.09,11.5,28.5,1.06,11.0,26.0,1.07,12.0,29.0,1.11,14.0,32.0,1.1,11.54,26.43,1.3,3.5,1.32,3.58,1.35,3.75,1.31,3.51,-2.5,1.86,2.07,1.88,2.05,1.91,2.17,1.85,2.03,2324,,,,,,,,,,,,,,,,,,,,,,,,,,,,,,,,,,,,,,,,,,,,,,,,,,,,,,,,,,,,,,,,,,,,,,
E0,04/11/2023,15:00,Sheffield United,Wolves,2,1,H,0,0,D,R Jones,11,10,2,3,13,10,4,4,2,3,0,0,3.8,3.5,2.0,3.6,3.6,1.98,3.75,3.6,1.97,3.91,3.68,1.97,3.6,3.6,1.91,3.9,3.5,1.93,4.1,3.79,2.01,3.83,3.64,1.98,1.91,1.99,1.91,1.98,1.95,2.02,1.89,1.94,0.5,1.93,2.0,1.93,1.98,1.94,2.02,1.9,1.98,4.2,3.6,1.85,4.1,3.6,1.85,3.9,3.6,1.95,4.35,3.76,1.87,4.0,3.6,1.83,4.1,3.6,1.9,4.37,3.83,2.0,4.12,3.68,1.91,1.89,2.01,1.92,1.98,1.95,2.01,1.89,1.95,0.5,2.06,1.87,2.05,1.88,2.08,2.0,1.97,1.91,2324,,,,,,,,,,,,,,,,,,,,,,,,,,,,,,,,,,,,,,,,,,,,,,,,,,,,,,,,,,,,,,,,,,,,,,
E0,04/11/2023,17:30,Newcastle,Arsenal,1,0,H,0,0,D,S Attwell,9,14,2,1,14,9,0,11,5,1,0,0,2.8,3.2,2.6,2.8,3.4,2.45,2.8,3.35,2.55,2.83,3.41,2.59,2.7,3.4,2.45,2.75,3.3,2.5,2.89,3.5,2.65,2.82,3.39,2.56,1.95,1.95,1.95,1.93,2.0,1.96,1.92,1.91,0.0,2.06,1.87,2.04,1.87,2.08,1.88,2.02,1.84,2.8,3.0,2.7,2.75,3.2,2.6,2.75,3.2,2.7,2.84,3.23,2.73,2.75,3.2,2.5,2.7,3.2,2.7,2.94,3.35,2.83,2.8,3.23,2.68,2.1,1.7,2.17,1.76,2.24,1.81,2.12,1.75,0.0,2.03,1.9,2.0,1.93,2.07,2.0,1.97,1.91,2324,,,,,,,,,,,,,,,,,,,,,,,,,,,,,,,,,,,,,,,,,,,,,,,,,,,,,,,,,,,,,,,,,,,,,,
E0,05/11/2023,14:00,Nott'm Forest,Aston Villa,2,0,H,1,0,H,J Gillett,5,13,3,3,6,9,0,10,1,1,0,0,4.2,3.75,1.85,3.9,3.75,1.87,4.0,3.75,1.85,4.17,3.76,1.89,3.9,3.8,1.8,4.1,3.6,1.83,4.3,3.9,1.93,4.09,3.77,1.89,1.73,2.08,1.78,2.13,1.8,2.16,1.76,2.1,0.5,2.04,1.89,2.01,1.9,2.05,1.91,2.0,1.88,3.75,3.75,1.91,3.75,3.7,1.93,3.75,3.75,1.95,3.93,3.81,1.95,3.7,3.75,1.85,3.9,3.75,1.9,4.27,3.9,1.99,3.91,3.75,1.94,1.7,2.1,1.74,2.2,1.85,2.25,1.75,2.12,0.5,1.96,1.97,1.96,1.96,2.0,1.99,1.94,1.95,2324,,,,,,,,,,,,,,,,,,,,,,,,,,,,,,,,,,,,,,,,,,,,,,,,,,,,,,,,,,,,,,,,,,,,,,
E0,05/11/2023,16:30,Luton,Liverpool,1,1,D,0,0,D,A Madley,8,24,5,6,7,13,4,7,1,1,0,0,12.0,6.5,1.22,10.5,6.5,1.25,11.0,6.75,1.25,11.23,6.76,1.24,11.0,6.5,1.2,12.0,6.5,1.2,12.5,7.3,1.26,11.46,6.8,1.24,1.36,3.1,1.39,3.06,1.4,3.22,1.37,3.09,1.75,2.08,1.85,2.05,1.85,2.09,1.87,2.04,1.82,11.0,7.5,1.2,11.0,7.5,1.21,11.0,7.25,1.22,15.0,8.5,1.18,13.0,7.5,1.15,15.0,7.5,1.18,15.0,8.5,1.22,13.28,7.63,1.2,1.36,3.1,1.36,3.28,1.38,3.62,1.35,3.22,2.0,2.0,1.93,1.95,1.95,2.02,1.97,1.95,1.91,2324,,,,,,,,,,,,,,,,,,,,,,,,,,,,,,,,,,,,,,,,,,,,,,,,,,,,,,,,,,,,,,,,,,,,,,
E0,06/11/2023,20:00,Tottenham,Chelsea,1,4,A,1,1,D,M Oliver,8,17,5,8,12,21,1,6,1,5,2,0,2.0,3.75,3.5,2.1,3.6,3.2,2.1,3.7,3.25,2.14,3.73,3.34,2.1,3.7,3.0,2.1,3.5,3.3,2.21,3.92,3.5,2.13,3.73,3.29,1.7,2.1,1.74,2.18,1.78,2.27,1.71,2.16,-0.25,1.88,2.05,1.88,2.04,1.89,2.07,1.85,2.0,2.3,3.6,2.9,2.3,3.5,2.95,2.25,3.45,3.15,2.37,3.65,3.0,2.25,3.5,2.9,2.25,3.6,3.1,2.4,3.75,3.21,2.32,3.63,3.04,1.67,2.15,1.71,2.25,1.77,2.29,1.7,2.21,-0.25,2.07,1.86,2.07,1.86,2.07,1.95,1.99,1.87,2324,,,,,,,,,,,,,,,,,,,,,,,,,,,,,,,,,,,,,,,,,,,,,,,,,,,,,,,,,,,,,,,,,,,,,,
E0,11/11/2023,12:30,Wolves,Tottenham,2,1,H,0,1,A,T Robinson,17,6,4,2,19,15,11,3,4,3,0,0,3.1,3.75,2.2,3.1,3.6,2.2,3.1,3.65,2.2,3.11,3.78,2.23,3.0,3.7,2.1,3.1,3.6,2.15,3.41,3.89,2.28,3.13,3.73,2.21,1.62,2.25,1.64,2.34,1.66,2.4,1.63,2.32,0.25,1.94,1.96,1.95,1.95,2.01,2.0,1.93,1.92,3.1,3.5,2.3,3.0,3.4,2.3,3.05,3.45,2.3,3.13,3.62,2.31,3.0,3.5,2.2,3.2,3.4,2.25,3.3,3.79,2.38,3.14,3.53,2.3,1.89,2.01,1.85,2.06,1.97,2.36,1.85,2.0,0.25,1.91,2.02,1.91,2.01,1.93,2.06,1.88,1.97,2324,,,,,,,,,,,,,,,,,,,,,,,,,,,,,,,,,,,,,,,,,,,,,,,,,,,,,,,,,,,,,,,,,,,,,,
E0,11/11/2023,15:00,Arsenal,Burnley,3,1,H,1,0,H,M Oliver,16,8,6,5,8,9,3,3,0,1,1,0,1.18,7.0,17.0,1.2,7.25,14.0,1.2,7.0,14.0,1.19,7.47,14.74,1.15,7.0,15.0,1.17,7.0,15.0,1.22,8.1,17.0,1.19,7.34,15.07,1.48,2.6,1.51,2.62,1.54,2.68,1.49,2.62,-2.0,1.99,1.91,2.0,1.89,2.05,1.96,1.98,1.88,1.2,6.5,15.0,1.2,6.75,15.0,1.2,6.75,14.0,1.19,7.49,16.59,1.15,6.5,17.0,1.17,7.0,19.0,1.26,8.2,19.0,1.2,7.07,16.18,1.62,2.25,1.66,2.31,1.75,2.74,1.62,2.31,-2.0,2.03,1.78,2.06,1.85,2.29,1.98,2.03,1.84,2324,,,,,,,,,,,,,,,,,,,,,,,,,,,,,,,,,,,,,,,,,,,,,,,,,,,,,,,,,,,,,,,,,,,,,,
E0,11/11/2023,15:00,Crystal Palace,Everton,2,3,A,1,1,D,S Barrott,13,8,4,4,9,18,9,2,1,4,0,0,2.45,3.2,3.0,2.4,3.2,3.0,2.45,3.2,3.05,2.45,3.2,3.19,2.38,3.2,2.9,2.38,3.1,3.1,2.5,3.3,3.27,2.44,3.21,3.11,2.25,1.62,2.36,1.64,2.4,1.67,2.29,1.64,-0.25,2.1,1.8,2.1,1.83,2.13,1.84,2.07,1.8,2.6,3.0,2.9,2.6,3.1,2.87,2.55,3.1,2.95,2.71,3.12,2.96,2.5,3.1,2.8,2.63,3.1,2.9,2.8,3.31,3.1,2.61,3.12,2.95,2.4,1.53,2.51,1.58,2.51,1.65,2.43,1.57,0.0,1.86,2.07,1.84,2.1,1.89,2.12,1.82,2.05,2324,,,,,,,,,,,,,,,,,,,,,,,,,,,,,,,,,,,,,,,,,,,,,,,,,,,,,,,,,,,,,,,,,,,,,,
E0,11/11/2023,15:00,Man United,Luton,1,0,H,0,0,D,G Scott,15,10,4,4,9,11,11,3,0,2,0,0,1.33,5.25,9.5,1.35,5.25,8.5,1.33,5.5,8.5,1.31,5.86,9.36,1.3,5.5,9.0,1.3,5.25,9.5,1.38,6.2,10.0,1.33,5.6,9.17,1.53,2.4,1.54,2.58,1.56,2.63,1.53,2.52,-1.5,1.93,1.97,1.92,1.99,2.02,2.02,1.92,1.94,1.29,6.0,9.5,1.3,5.75,9.5,1.3,6.0,9.0,1.29,6.14,10.06,1.25,5.8,9.5,1.29,5.75,10.5,1.33,6.17,11.0,1.29,5.95,9.95,1.44,2.7,1.47,2.76,1.54,2.76,1.48,2.66,-1.5,1.81,2.13,1.82,2.07,1.89,2.13,1.83,2.04,2324,,,,,,,,,,,,,,,,,,,,,,,,,,,,,,,,,,,,,,,,,,,,,,,,,,,,,,,,,,,,,,,,,,,,,,
E0,11/11/2023,17:30,Bournemouth,Newcastle,2,0,H,0,0,D,C Kavanagh,19,8,10,5,10,4,6,5,2,1,0,0,4.75,4.0,1.73,4.8,3.9,1.68,4.7,3.95,1.73,4.52,4.06,1.76,4.5,4.0,1.65,4.6,3.8,1.7,5.0,4.2,1.78,4.67,4.03,1.73,1.7,2.1,1.73,2.19,1.74,2.3,1.69,2.2,0.75,1.94,1.96,1.93,1.98,2.0,2.02,1.93,1.92,4.0,3.6,1.91,3.9,3.6,1.93,4.0,3.65,1.9,3.9,3.76,1.97,3.8,3.6,1.85,4.1,3.6,1.9,4.33,3.87,2.0,3.97,3.71,1.93,1.83,2.07,1.83,2.06,1.9,2.11,1.82,2.03,0.5,1.97,1.96,1.94,1.98,2.0,2.0,1.93,1.95,2324,,,,,,,,,,,,,,,,,,,,,,,,,,,,,,,,,,,,,,,,,,,,,,,,,,,,,,,,,,,,,,,,,,,,,,
E0,12/11/2023,14:00,Aston Villa,Fulham,3,1,H,2,0,H,S Hooper,12,9,6,5,4,17,2,2,2,5,0,0,1.57,4.2,5.5,1.57,4.1,5.5,1.57,4.2,5.75,1.6,4.27,5.67,1.53,4.2,5.5,1.55,4.1,5.75,1.63,4.5,5.9,1.59,4.28,5.66,1.7,2.1,1.74,2.17,1.76,2.27,1.69,2.19,-1.0,2.02,1.88,2.03,1.88,2.06,1.92,1.99,1.87,1.62,4.0,5.25,1.66,4.1,4.75,1.65,4.1,4.9,1.64,4.22,5.4,1.6,4.0,5.0,1.65,3.9,5.25,1.7,4.4,6.0,1.65,4.13,5.21,1.7,2.1,1.75,2.18,1.82,2.36,1.71,2.19,-1.0,2.03,1.78,2.12,1.83,2.2,1.88,2.1,1.79,2324,,,,,,,,,,,,,,,,,,,,,,,,,,,,,,,,,,,,,,,,,,,,,,,,,,,,,,,,,,,,,,,,,,,,,,
E0,12/11/2023,14:00,Brighton,Sheffield United,1,1,D,1,0,H,J Brooks,11,9,6,1,13,16,6,3,3,2,1,0,1.25,5.75,13.0,1.23,6.5,12.0,1.25,6.5,11.0,1.24,6.8,11.28,1.2,6.5,12.0,1.2,6.5,13.0,1.26,7.4,13.0,1.24,6.73,11.71,1.4,2.88,1.42,2.92,1.45,3.1,1.41,2.94,-1.75,1.88,2.02,1.86,2.03,1.91,2.09,1.84,2.02,1.25,6.0,10.0,1.27,6.0,10.5,1.27,6.25,9.5,1.27,6.23,11.19,1.22,6.0,12.0,1.25,6.0,13.0,1.33,6.65,13.0,1.27,6.18,10.88,1.5,2.5,1.51,2.64,1.56,2.89,1.49,2.65,-1.75,1.98,1.92,2.0,1.91,2.13,1.96,1.98,1.88,2324,,,,,,,,,,,,,,,,,,,,,,,,,,,,,,,,,,,,,,,,,,,,,,,,,,,,,,,,,,,,,,,,,,,,,,
E0,12/11/2023,14:00,Liverpool,Brentford,3,0,H,1,0,H,P Tierney,17,16,10,3,16,12,6,8,1,2,0,0,1.4,5.0,6.5,1.4,5.0,7.0,1.43,5.25,6.5,1.41,5.26,7.17,1.36,5.0,7.0,1.4,4.8,7.0,1.45,5.5,7.6,1.42,5.16,7.05,1.44,2.7,1.47,2.77,1.48,2.86,1.46,2.73,-1.25,1.89,2.01,1.9,2.01,1.92,2.04,1.88,1.97,1.36,5.5,7.5,1.38,5.25,7.25,1.4,5.5,7.0,1.4,5.51,7.48,1.33,5.5,7.5,1.36,5.25,8.0,1.41,5.77,8.5,1.38,5.42,7.57,1.44,2.7,1.44,2.92,1.48,3.0,1.44,2.83,-1.5,2.05,1.85,2.08,1.85,2.1,1.9,2.03,1.85,2324,,,,,,,,,,,,,,,,,,,,,,,,,,,,,,,,,,,,,,,,,,,,,,,,,,,,,,,,,,,,,,,,,,,,,,
E0,12/11/2023,14:00,West Ham,Nott'm Forest,3,2,H,1,1,D,M Salisbury,16,10,6,5,9,12,9,4,2,2,0,0,1.85,3.6,4.0,1.87,3.6,4.1,1.9,3.7,3.95,1.89,3.79,4.1,1.83,3.7,3.8,1.85,3.6,4.1,1.93,3.92,4.5,1.89,3.77,4.09,1.75,2.05,1.81,2.07,1.84,2.12,1.79,2.05,-0.5,1.89,2.01,1.9,2.0,1.92,2.04,1.88,1.99,1.8,3.75,4.5,1.78,3.7,4.4,1.77,3.75,4.4,1.81,3.84,4.59,1.73,3.7,4.4,1.75,3.7,4.8,1.84,3.9,5.0,1.8,3.77,4.58,1.95,1.95,1.91,2.0,1.99,2.0,1.89,1.95,-0.75,2.06,1.84,2.07,1.84,2.08,1.9,2.02,1.84,2324,,,,,,,,,,,,,,,,,,,,,,,,,,,,,,,,,,,,,,,,,,,,,,,,,,,,,,,,,,,,,,,,,,,,,,
E0,12/11/2023,16:30,Chelsea,Man City,4,4,D,2,2,D,A Taylor,17,15,9,10,12,15,3,3,5,3,0,0,5.0,3.7,1.73,4.8,3.7,1.73,4.9,3.8,1.73,4.92,3.8,1.75,4.8,3.7,1.67,4.8,3.75,1.7,5.4,3.98,1.78,4.93,3.83,1.74,1.88,2.02,1.88,2.01,1.94,2.08,1.84,2.0,0.75,1.94,1.96,1.92,1.98,1.97,2.01,1.92,1.93,4.75,3.75,1.73,4.4,3.8,1.77,4.7,3.8,1.73,4.8,4.0,1.76,4.5,3.75,1.7,4.8,3.8,1.73,5.41,4.2,1.83,4.65,3.92,1.77,1.83,2.07,1.85,2.06,1.87,2.13,1.81,2.05,0.75,1.93,1.97,1.93,1.99,2.02,2.08,1.89,1.97,2324,,,,,,,,,,,,,,,,,,,,,,,,,,,,,,,,,,,,,,,,,,,,,,,,,,,,,,,,,,,,,,,,,,,,,,
E0,25/11/2023,12:30,Man City,Liverpool,1,1,D,1,0,H,C Kavanagh,16,8,5,3,9,11,9,6,1,3,0,0,1.73,4.2,4.2,1.72,4.2,4.2,1.75,4.2,4.1,1.75,4.37,4.24,1.65,4.33,4.2,1.7,4.0,4.4,1.8,4.5,4.51,1.75,4.31,4.29,1.48,2.6,1.53,2.59,1.53,2.75,1.5,2.62,-0.75,1.97,1.96,1.95,1.95,2.01,2.0,1.92,1.94,1.7,4.2,4.33,1.71,4.2,4.33,1.7,4.2,4.4,1.7,4.42,4.61,1.65,4.2,4.4,1.67,4.2,4.75,1.83,4.6,4.9,1.71,4.31,4.54,1.48,2.6,1.5,2.71,1.58,2.79,1.49,2.61,-0.75,1.88,2.05,1.88,2.04,1.97,2.06,1.87,1.98,2324,,,,,,,,,,,,,,,,,,,,,,,,,,,,,,,,,,,,,,,,,,,,,,,,,,,,,,,,,,,,,,,,,,,,,,
E0,25/11/2023,15:00,Burnley,West Ham,1,2,A,0,0,D,S Barrott,11,11,5,3,11,7,4,5,1,3,0,0,3.4,3.5,2.05,3.4,3.6,2.05,3.4,3.6,2.1,3.58,3.54,2.12,3.25,3.7,2.0,3.4,3.5,2.05,3.63,3.79,2.17,3.47,3.62,2.1,1.75,2.05,1.81,2.08,1.85,2.16,1.78,2.08,0.25,2.08,1.85,2.08,1.84,2.17,1.86,2.05,1.8,3.4,3.4,2.15,3.3,3.4,2.15,3.35,3.4,2.2,3.48,3.43,2.23,3.3,3.5,2.05,3.5,3.3,2.2,3.88,3.72,2.26,3.43,3.43,2.18,2.06,1.84,2.07,1.85,2.08,1.97,2.01,1.83,0.25,2.0,1.93,2.0,1.92,2.14,1.94,2.0,1.85,2324,,,,,,,,,,,,,,,,,,,,,,,,,,,,,,,,,,,,,,,,,,,,,,,,,,,,,,,,,,,,,,,,,,,,,,
E0,25/11/2023,15:00,Luton,Crystal Palace,2,1,H,0,0,D,J Gillett,8,16,3,8,15,12,4,5,6,1,0,0,3.6,3.3,2.1,3.5,3.3,2.15,3.55,3.3,2.15,3.7,3.41,2.13,3.4,3.4,2.05,3.6,3.2,2.1,3.8,3.54,2.17,3.63,3.38,2.13,2.15,1.67,2.2,1.73,2.23,1.77,2.16,1.72,0.25,2.1,1.83,2.09,1.83,2.11,1.85,2.05,1.81,4.0,3.25,2.0,3.8,3.25,2.05,3.95,3.3,2.05,4.12,3.42,2.03,3.7,3.3,2.0,4.1,3.25,2.0,4.2,3.49,2.08,3.98,3.34,2.03,2.25,1.62,2.33,1.67,2.38,1.74,2.3,1.64,0.5,1.89,2.04,1.89,2.04,1.91,2.09,1.85,2.04,2324,,,,,,,,,,,,,,,,,,,,,,,,,,,,,,,,,,,,,,,,,,,,,,,,,,,,,,,,,,,,,,,,,,,,,,
E0,25/11/2023,15:00,Newcastle,Chelsea,4,1,H,1,1,D,S Hooper,14,7,5,4,13,19,4,2,4,4,0,1,2.55,3.5,2.63,2.5,3.5,2.65,2.6,3.5,2.6,2.65,3.46,2.73,2.45,3.5,2.6,2.55,3.4,2.63,2.72,3.66,2.76,2.62,3.5,2.68,1.86,2.04,1.85,2.04,1.9,2.07,1.84,2.01,0.0,1.93,2.0,1.93,1.98,1.94,2.03,1.91,1.96,2.63,3.6,2.5,2.6,3.5,2.55,2.6,3.55,2.6,2.6,3.55,2.76,2.5,3.5,2.6,2.7,3.5,2.5,2.78,3.74,2.76,2.68,3.54,2.59,1.7,2.1,1.77,2.15,1.83,2.21,1.74,2.12,0.0,2.05,1.88,1.9,2.02,2.07,2.02,1.96,1.9,2324,,,,,,,,,,,,,,,,,,,,,,,,,,,,,,,,,,,,,,,,,,,,,,,,,,,,,,,,,,,,,,,,,,,,,,
E0,25/11/2023,15:00,Nott'm Forest,Brighton,2,3,A,1,2,A,A Taylor,18,11,5,5,12,7,6,4,2,4,0,1,3.2,3.6,2.15,3.0,3.6,2.2,3.1,3.6,2.2,3.32,3.63,2.19,3.0,3.6,2.15,3.2,3.5,2.15,3.4,3.8,2.25,3.22,3.64,2.2,1.73,2.08,1.76,2.16,1.79,2.25,1.74,2.13,0.25,2.0,1.93,2.0,1.91,2.03,1.95,1.96,1.89,3.6,3.6,2.0,3.5,3.5,2.1,3.55,3.55,2.05,3.69,3.63,2.07,3.5,3.6,1.95,3.75,3.5,2.0,3.8,3.67,2.27,3.62,3.6,2.07,1.92,1.98,1.94,1.96,2.02,2.0,1.92,1.93,0.25,2.08,1.73,2.14,1.8,2.17,1.85,2.09,1.78,2324,,,,,,,,,,,,,,,,,,,,,,,,,,,,,,,,,,,,,,,,,,,,,,,,,,,,,,,,,,,,,,,,,,,,,,
E0,25/11/2023,15:00,Sheffield United,Bournemouth,1,3,A,0,2,A,A Madley,10,23,2,11,6,8,4,7,4,1,0,0,3.2,3.5,2.2,3.1,3.5,2.2,3.15,3.5,2.2,3.36,3.54,2.2,3.1,3.6,2.1,3.25,3.4,2.15,3.47,3.72,2.25,3.29,3.53,2.21,1.85,2.05,1.85,2.05,1.91,2.08,1.83,2.02,0.25,1.99,1.94,1.99,1.92,2.04,1.94,1.96,1.88,3.4,3.5,2.15,3.3,3.4,2.15,3.35,3.45,2.15,3.57,3.5,2.16,3.25,3.6,2.05,3.5,3.4,2.15,3.57,3.66,2.33,3.41,3.49,2.19,1.94,1.96,1.95,1.95,2.01,1.98,1.92,1.92,0.25,2.06,1.87,2.06,1.87,2.06,2.01,1.99,1.87,2324,,,,,,,,,,,,,,,,,,,,,,,,,,,,,,,,,,,,,,,,,,,,,,,,,,,,,,,,,,,,,,,,,,,,,,
E0,25/11/2023,17:30,Brentford,Arsenal,0,1,A,0,0,D,T Robinson,9,15,3,4,9,7,1,8,1,1,0,0,4.5,3.75,1.75,4.5,3.75,1.75,4.5,3.8,1.77,4.74,3.82,1.78,4.33,3.75,1.73,4.75,3.6,1.73,5.0,4.01,1.8,4.64,3.84,1.77,1.9,2.0,1.92,1.97,1.94,2.03,1.88,1.96,0.75,1.91,2.02,1.89,2.02,1.92,2.04,1.87,1.97,5.5,3.8,1.6,5.5,4.0,1.6,5.75,4.1,1.6,5.8,4.05,1.65,5.5,4.0,1.55,6.0,4.0,1.57,6.18,4.2,1.72,5.73,4.06,1.61,1.96,1.94,1.97,1.93,1.99,2.0,1.91,1.93,0.75,2.03,1.78,2.11,1.83,2.17,1.87,2.11,1.78,2324,,,,,,,,,,,,,,,,,,,,,,,,,,,,,,,,,,,,,,,,,,,,,,,,,,,,,,,,,,,,,,,,,,,,,,
E0,26/11/2023,14:00,Tottenham,Aston Villa,1,2,A,1,1,D,R Jones,18,15,8,5,11,13,9,3,0,4,0,0,2.3,3.8,2.8,2.3,3.8,2.75,2.35,3.85,2.8,2.36,3.93,2.82,2.25,3.9,2.7,2.3,3.7,2.8,2.42,4.01,2.9,2.35,3.89,2.8,1.5,2.5,1.53,2.61,1.55,2.75,1.5,2.59,-0.25,2.09,1.84,2.08,1.84,2.1,1.86,2.05,1.81,2.55,3.75,2.5,2.65,3.6,2.5,2.6,3.75,2.5,2.7,3.7,2.58,2.45,3.8,2.45,2.63,3.6,2.55,2.75,3.99,2.79,2.63,3.76,2.56,1.53,2.4,1.58,2.51,1.61,2.69,1.54,2.52,0.0,2.02,1.91,2.01,1.92,2.04,1.97,1.97,1.9,2324,,,,,,,,,,,,,,,,,,,,,,,,,,,,,,,,,,,,,,,,,,,,,,,,,,,,,,,,,,,,,,,,,,,,,,
E0,26/11/2023,16:30,Everton,Man United,0,3,A,0,1,A,J Brooks,24,9,6,4,10,8,6,5,3,0,0,0,2.7,3.4,2.55,2.75,3.5,2.45,2.7,3.45,2.55,2.75,3.51,2.6,2.7,3.6,2.38,2.7,3.4,2.5,2.8,3.7,2.65,2.74,3.52,2.56,1.85,2.05,1.83,2.06,1.87,2.11,1.82,2.03,0.0,2.03,1.9,2.01,1.9,2.05,1.91,2.0,1.87,2.63,3.3,2.7,2.65,3.3,2.65,2.65,3.35,2.65,2.68,3.45,2.75,2.6,3.5,2.45,2.7,3.4,2.6,3.01,3.55,2.8,2.69,3.41,2.66,1.94,1.96,1.92,1.99,1.96,2.03,1.89,1.94,0.0,1.96,1.97,1.93,1.99,2.06,2.01,1.94,1.92,2324,,,,,,,,,,,,,,,,,,,,,,,,,,,,,,,,,,,,,,,,,,,,,,,,,,,,,,,,,,,,,,,,,,,,,,
E0,27/11/2023,20:00,Fulham,Wolves,3,2,H,1,1,D,M Salisbury,12,10,6,6,13,13,6,2,2,2,0,0,2.38,3.3,3.0,2.35,3.3,3.0,2.4,3.3,3.0,2.45,3.37,3.05,2.3,3.4,2.9,2.38,3.2,3.0,2.51,3.48,3.1,2.43,3.34,3.02,2.08,1.73,2.15,1.76,2.16,1.82,2.1,1.76,-0.25,2.1,1.83,2.11,1.81,2.13,1.84,2.07,1.8,2.38,3.3,3.0,2.4,3.2,3.0,2.4,3.25,3.05,2.43,3.3,3.19,2.25,3.3,3.0,2.4,3.2,3.1,2.47,3.38,3.3,2.4,3.29,3.11,2.1,1.7,2.18,1.76,2.18,1.81,2.13,1.73,-0.25,2.08,1.85,2.08,1.85,2.11,1.87,2.03,1.82,2324,,,,,,,,,,,,,,,,,,,,,,,,,,,,,,,,,,,,,,,,,,,,,,,,,,,,,,,,,,,,,,,,,,,,,,
E0,02/12/2023,15:00,Arsenal,Wolves,2,1,H,2,0,H,P Bankes,19,6,6,3,10,10,4,0,1,2,0,0,1.25,5.5,12.0,1.27,6.0,10.5,1.27,5.75,11.0,1.29,5.9,10.82,1.22,5.8,12.0,1.25,5.75,12.0,1.3,6.5,12.6,1.27,5.95,11.58,1.65,2.2,1.72,2.21,1.73,2.37,1.65,2.27,-1.5,1.83,2.1,1.87,2.04,1.85,2.12,1.82,2.06,1.22,6.5,12.0,1.25,6.0,12.0,1.27,5.75,11.0,1.24,6.5,13.0,1.18,6.0,15.0,1.2,6.5,15.0,1.3,7.0,16.0,1.24,6.36,13.17,1.62,2.25,1.67,2.29,1.68,2.48,1.64,2.29,-1.75,1.98,1.95,1.95,1.95,1.99,2.02,1.93,1.93,2324,,,,,,,,,,,,,,,,,,,,,,,,,,,,,,,,,,,,,,,,,,,,,,,,,,,,,,,,,,,,,,,,,,,,,,
E0,02/12/2023,15:00,Brentford,Luton,3,1,H,0,0,D,A Taylor,27,7,6,1,10,8,7,5,1,2,0,0,1.45,4.5,6.5,1.46,4.6,6.5,1.47,4.6,6.5,1.45,4.83,7.07,1.44,4.4,6.5,1.44,4.33,7.0,1.51,4.9,7.5,1.48,4.63,6.88,1.7,2.1,1.7,2.25,1.8,2.25,1.72,2.13,-1.25,2.04,1.89,2.01,1.89,2.09,1.9,2.03,1.84,1.53,4.2,6.0,1.52,4.33,6.0,1.53,4.2,6.25,1.54,4.43,6.38,1.44,4.4,6.5,1.5,4.2,6.5,1.57,4.6,7.0,1.53,4.39,6.34,1.75,2.05,1.81,2.09,1.85,2.12,1.78,2.07,-1.0,1.9,2.03,1.91,2.02,1.93,2.06,1.87,2.0,2324,,,,,,,,,,,,,,,,,,,,,,,,,,,,,,,,,,,,,,,,,,,,,,,,,,,,,,,,,,,,,,,,,,,,,,
E0,02/12/2023,15:00,Burnley,Sheffield United,5,0,H,2,0,H,C Kavanagh,19,6,7,3,9,12,6,1,2,5,0,1,1.8,3.6,4.5,1.8,3.7,4.33,1.83,3.65,4.3,1.83,3.63,4.65,1.8,3.6,4.2,1.8,3.5,4.5,1.89,3.82,5.0,1.83,3.68,4.55,2.06,1.84,2.06,1.84,2.1,1.89,2.0,1.84,-0.75,2.03,1.78,2.09,1.81,2.13,1.87,2.06,1.8,1.7,3.6,5.25,1.75,3.6,4.8,1.77,3.6,4.8,1.74,3.81,5.19,1.67,3.7,4.8,1.7,3.7,5.25,1.82,3.88,5.47,1.75,3.73,5.07,2.08,1.73,2.11,1.79,2.16,1.85,2.07,1.78,-0.75,1.97,1.96,1.97,1.95,2.03,2.0,1.96,1.9,2324,,,,,,,,,,,,,,,,,,,,,,,,,,,,,,,,,,,,,,,,,,,,,,,,,,,,,,,,,,,,,,,,,,,,,,
E0,02/12/2023,17:30,Nott'm Forest,Everton,0,1,A,0,0,D,P Tierney,13,12,2,3,15,14,4,3,1,0,0,0,2.75,3.25,2.6,2.75,3.3,2.55,2.75,3.3,2.6,2.85,3.31,2.64,2.62,3.4,2.5,2.8,3.2,2.55,2.9,3.5,2.67,2.8,3.35,2.62,2.05,1.75,2.1,1.79,2.13,1.85,2.04,1.8,0.0,2.05,1.88,2.03,1.88,2.07,1.89,2.0,1.86,2.8,3.1,2.7,2.8,3.1,2.65,2.75,3.2,2.65,2.88,3.16,2.76,2.7,3.2,2.6,2.8,3.13,2.7,3.04,3.28,2.85,2.84,3.16,2.71,2.25,1.62,2.35,1.66,2.4,1.71,2.28,1.65,0.0,2.0,1.93,2.01,1.92,2.03,1.93,1.97,1.9,2324,,,,,,,,,,,,,,,,,,,,,,,,,,,,,,,,,,,,,,,,,,,,,,,,,,,,,,,,,,,,,,,,,,,,,,
E0,02/12/2023,20:00,Newcastle,Man United,1,0,H,0,0,D,R Jones,22,8,4,1,6,13,7,3,1,2,0,0,1.91,3.75,3.8,1.9,3.75,3.7,1.95,3.75,3.7,1.9,3.87,4.0,1.85,3.8,3.7,1.9,3.6,3.8,2.0,4.01,4.05,1.94,3.84,3.84,1.67,2.15,1.72,2.21,1.75,2.32,1.71,2.19,-0.5,1.95,1.98,1.91,2.0,1.97,2.03,1.93,1.94,1.95,3.75,3.6,2.0,3.7,3.5,1.95,3.75,3.65,2.0,3.78,3.79,1.91,3.75,3.6,1.95,3.7,3.75,2.08,3.92,3.95,2.0,3.76,3.68,1.73,2.08,1.77,2.16,1.81,2.34,1.73,2.15,-0.5,2.01,1.92,2.01,1.92,2.07,1.93,2.0,1.88,2324,,,,,,,,,,,,,,,,,,,,,,,,,,,,,,,,,,,,,,,,,,,,,,,,,,,,,,,,,,,,,,,,,,,,,,
E0,03/12/2023,14:00,Bournemouth,Aston Villa,2,2,D,1,1,D,T Bramall,15,11,7,3,16,12,7,7,5,3,0,0,3.4,4.0,1.95,3.3,3.9,2.0,3.4,3.95,2.0,3.56,4.07,1.97,3.3,4.0,1.91,3.5,3.8,1.95,3.57,4.19,2.07,3.45,4.0,2.01,1.53,2.4,1.52,2.64,1.57,2.67,1.52,2.54,0.5,1.95,1.98,1.95,1.95,1.95,2.03,1.9,1.97,3.0,4.0,2.1,3.1,3.8,2.15,3.15,3.95,2.1,3.12,3.98,2.19,3.0,3.9,2.05,3.13,3.8,2.15,3.4,4.11,2.19,3.18,3.93,2.13,1.48,2.6,1.52,2.68,1.58,2.68,1.51,2.6,0.25,1.98,1.95,1.99,1.93,2.06,1.97,1.99,1.87,2324,,,,,,,,,,,,,,,,,,,,,,,,,,,,,,,,,,,,,,,,,,,,,,,,,,,,,,,,,,,,,,,,,,,,,,
E0,03/12/2023,14:00,Chelsea,Brighton,3,2,H,2,1,H,C Pawson,8,18,5,9,16,12,5,8,3,5,1,0,1.73,4.2,4.2,1.7,4.1,4.33,1.73,4.2,4.3,1.75,4.21,4.4,1.67,4.2,4.2,1.7,4.0,4.4,1.78,4.37,4.6,1.75,4.24,4.37,1.53,2.4,1.58,2.5,1.58,2.55,1.53,2.44,-0.75,1.98,1.95,1.96,1.94,2.0,1.97,1.92,1.93,1.57,4.33,5.25,1.62,4.1,5.0,1.67,4.2,4.7,1.6,4.45,5.5,1.57,4.2,5.0,1.6,4.2,5.5,1.77,4.5,5.7,1.64,4.33,5.16,1.65,2.2,1.67,2.31,1.7,2.44,1.62,2.32,-1.0,1.99,1.94,2.0,1.92,2.23,1.97,2.05,1.83,2324,,,,,,,,,,,,,,,,,,,,,,,,,,,,,,,,,,,,,,,,,,,,,,,,,,,,,,,,,,,,,,,,,,,,,,
E0,03/12/2023,14:00,Liverpool,Fulham,4,3,H,2,2,D,S Attwell,26,9,12,5,6,7,3,4,0,0,0,0,1.25,6.5,9.0,1.25,6.25,11.0,1.27,6.5,10.0,1.25,6.76,10.35,1.22,6.5,10.0,1.22,6.5,11.5,1.29,7.2,11.5,1.26,6.62,10.56,1.4,2.88,1.4,3.02,1.43,3.07,1.41,2.93,-1.75,1.95,1.98,1.9,1.99,1.96,2.04,1.9,1.95,1.25,7.0,10.0,1.25,6.5,10.5,1.25,6.75,11.0,1.23,7.04,11.81,1.22,6.0,11.0,1.22,6.5,13.0,1.27,7.5,14.0,1.24,6.82,11.43,1.4,2.88,1.39,3.1,1.43,3.19,1.39,3.01,-1.75,1.97,1.96,1.87,2.04,1.97,2.1,1.86,2.0,2324,,,,,,,,,,,,,,,,,,,,,,,,,,,,,,,,,,,,,,,,,,,,,,,,,,,,,,,,,,,,,,,,,,,,,,
E0,03/12/2023,14:00,West Ham,Crystal Palace,1,1,D,1,0,H,M Oliver,9,9,3,2,17,7,2,3,2,0,0,0,2.0,3.5,3.8,1.98,3.5,3.7,2.0,3.5,3.7,2.01,3.56,3.92,1.95,3.5,3.6,1.95,3.4,3.8,2.06,3.68,4.0,2.02,3.53,3.84,2.04,1.86,2.01,1.88,2.09,1.89,2.0,1.84,-0.5,2.04,1.89,2.01,1.9,2.07,1.9,2.02,1.86,1.91,3.6,4.0,1.93,3.4,4.0,1.95,3.55,3.9,1.94,3.58,4.26,1.91,3.5,3.75,1.91,3.4,4.33,2.08,3.67,4.6,1.95,3.55,4.13,2.08,1.73,2.13,1.79,2.2,1.83,2.08,1.78,-0.5,1.94,1.99,1.95,1.97,2.0,2.0,1.94,1.94,2324,,,,,,,,,,,,,,,,,,,,,,,,,,,,,,,,,,,,,,,,,,,,,,,,,,,,,,,,,,,,,,,,,,,,,,
E0,03/12/2023,16:30,Man City,Tottenham,3,3,D,2,1,H,S Hooper,18,8,4,4,14,14,10,8,4,4,0,0,1.29,6.0,9.0,1.3,6.0,8.75,1.3,6.25,8.75,1.27,6.42,9.75,1.25,6.0,9.0,1.25,6.0,9.5,1.34,6.5,10.5,1.3,6.18,9.27,1.36,3.1,1.36,3.22,1.38,3.33,1.36,3.14,-1.75,1.99,1.94,1.92,1.97,2.03,2.0,1.95,1.9,1.25,6.5,10.0,1.25,6.75,10.0,1.27,6.25,9.5,1.23,7.6,10.75,1.2,6.5,11.0,1.22,7.0,11.0,1.29,7.6,11.5,1.25,6.97,10.56,1.29,3.6,1.32,3.52,1.35,3.65,1.32,3.47,-2.0,2.11,1.82,2.07,1.82,2.12,1.89,2.06,1.82,2324,,,,,,,,,,,,,,,,,,,,,,,,,,,,,,,,,,,,,,,,,,,,,,,,,,,,,,,,,,,,,,,,,,,,,,
E0,05/12/2023,19:30,Wolves,Burnley,1,0,H,1,0,H,J Gillett,7,12,4,3,11,15,6,8,2,4,0,0,1.85,3.6,4.2,1.85,3.6,4.2,1.9,3.6,4.2,1.92,3.6,4.35,1.83,3.6,4.0,1.87,3.5,4.33,1.95,3.8,4.7,1.89,3.62,4.31,2.05,1.85,2.05,1.86,2.08,1.92,2.0,1.85,-0.5,1.9,2.0,1.93,2.0,1.93,2.04,1.89,1.99,1.91,3.6,4.0,1.93,3.5,4.0,1.9,3.6,4.0,1.95,3.65,4.13,1.83,3.6,4.0,1.87,3.4,4.0,1.99,3.8,4.5,1.93,3.61,4.12,1.98,1.92,1.96,1.94,2.03,2.03,1.95,1.89,-0.5,1.95,1.95,1.96,1.96,1.99,1.99,1.94,1.94,2324,,,,,,,,,,,,,,,,,,,,,,,,,,,,,,,,,,,,,,,,,,,,,,,,,,,,,,,,,,,,,,,,,,,,,,
E0,05/12/2023,20:15,Luton,Arsenal,3,4,A,1,2,A,S Barrott,6,23,4,9,14,7,3,8,2,1,0,0,17.0,7.0,1.18,14.0,6.5,1.22,15.0,6.75,1.2,14.73,6.77,1.22,15.0,6.5,1.17,17.0,6.5,1.2,17.0,7.2,1.25,14.98,6.73,1.21,1.65,2.2,1.66,2.3,1.72,2.44,1.64,2.28,1.75,2.01,1.92,2.04,1.88,2.07,1.92,2.01,1.86,17.0,8.0,1.17,14.0,6.75,1.21,15.0,6.75,1.2,15.5,7.25,1.2,15.0,6.5,1.17,17.0,7.0,1.18,19.0,8.08,1.31,16.38,7.06,1.2,1.62,2.25,1.67,2.29,1.68,2.48,1.63,2.31,1.75,2.14,1.8,2.11,1.82,2.14,1.85,2.07,1.81,2324,,,,,,,,,,,,,,,,,,,,,,,,,,,,,,,,,,,,,,,,,,,,,,,,,,,,,,,,,,,,,,,,,,,,,,
E0,06/12/2023,19:30,Brighton,Brentford,2,1,H,1,1,D,P Bankes,18,8,7,2,10,8,7,3,3,1,0,0,1.91,3.8,3.75,1.9,3.8,3.7,1.95,3.85,3.7,1.94,3.89,3.79,1.85,3.9,3.6,1.9,3.7,3.75,1.98,4.1,4.0,1.93,3.91,3.77,1.62,2.25,1.65,2.34,1.68,2.4,1.63,2.32,-0.5,1.93,1.97,1.95,1.95,1.96,2.0,1.92,1.94,1.7,4.2,4.5,1.75,3.9,4.33,1.8,3.95,4.2,1.76,4.1,4.57,1.7,4.0,4.2,1.73,3.9,4.6,1.89,4.2,4.91,1.77,4.05,4.45,1.62,2.25,1.66,2.34,1.68,2.41,1.64,2.31,-0.75,1.95,1.95,1.98,1.94,2.01,2.0,1.94,1.91,2324,,,,,,,,,,,,,,,,,,,,,,,,,,,,,,,,,,,,,,,,,,,,,,,,,,,,,,,,,,,,,,,,,,,,,,
E0,06/12/2023,19:30,Crystal Palace,Bournemouth,0,2,A,0,1,A,C Pawson,16,11,3,4,10,17,3,9,1,3,0,0,2.25,3.5,3.1,2.2,3.4,3.2,2.25,3.45,3.2,2.3,3.45,3.23,2.1,3.4,3.25,2.25,3.3,3.2,2.36,3.58,3.6,2.27,3.45,3.25,2.01,1.89,2.02,1.88,2.06,1.91,1.98,1.86,-0.25,1.98,1.92,1.99,1.92,2.03,1.97,1.95,1.9,2.3,3.5,3.0,2.3,3.3,3.1,2.3,3.35,3.1,2.36,3.43,3.2,2.15,3.4,3.2,2.3,3.3,3.2,2.36,3.57,3.6,2.29,3.41,3.22,2.07,1.83,2.06,1.85,2.09,1.9,2.02,1.82,-0.25,2.02,1.88,2.04,1.89,2.06,1.92,1.96,1.89,2324,,,,,,,,,,,,,,,,,,,,,,,,,,,,,,,,,,,,,,,,,,,,,,,,,,,,,,,,,,,,,,,,,,,,,,
E0,06/12/2023,19:30,Fulham,Nott'm Forest,5,0,H,2,0,H,J Smith,14,4,6,1,7,10,6,1,0,1,0,0,2.0,3.4,3.75,2.0,3.4,3.7,2.05,3.45,3.7,2.06,3.5,3.81,1.91,3.6,3.6,2.0,3.3,3.8,2.14,3.64,3.95,2.05,3.49,3.78,2.06,1.84,2.08,1.83,2.12,1.87,2.05,1.81,-0.5,2.05,1.85,2.07,1.85,2.1,1.87,2.04,1.84,2.0,3.4,3.75,1.98,3.3,3.9,1.97,3.45,3.85,2.06,3.46,3.94,1.91,3.5,3.7,2.0,3.4,3.9,2.14,3.6,4.3,2.01,3.43,3.94,2.1,1.7,2.16,1.77,2.23,1.82,2.1,1.75,-0.5,2.05,1.85,2.07,1.86,2.08,1.91,2.01,1.85,2324,,,,,,,,,,,,,,,,,,,,,,,,,,,,,,,,,,,,,,,,,,,,,,,,,,,,,,,,,,,,,,,,,,,,,,
E0,06/12/2023,19:30,Sheffield United,Liverpool,0,2,A,0,1,A,S Hooper,6,15,1,8,12,8,2,12,2,3,0,0,12.0,7.5,1.2,12.5,7.5,1.2,12.0,7.5,1.2,14.14,7.68,1.19,13.0,7.5,1.15,15.0,7.5,1.15,15.0,8.4,1.29,13.54,7.67,1.2,1.33,3.4,1.34,3.35,1.36,3.5,1.32,3.4,2.0,2.02,1.88,2.04,1.85,2.06,1.9,2.01,1.86,15.0,7.5,1.18,13.5,7.75,1.18,14.0,7.75,1.17,14.0,8.5,1.18,15.0,7.5,1.14,17.0,8.0,1.15,17.0,9.1,1.29,14.76,7.96,1.19,1.3,3.5,1.32,3.53,1.4,3.66,1.33,3.38,2.0,2.03,1.78,2.09,1.81,2.17,1.87,2.08,1.8,2324,,,,,,,,,,,,,,,,,,,,,,,,,,,,,,,,,,,,,,,,,,,,,,,,,,,,,,,,,,,,,,,,,,,,,,
E0,06/12/2023,20:15,Aston Villa,Man City,1,0,H,0,0,D,J Brooks,22,2,7,2,13,13,6,0,2,2,0,0,4.75,4.2,1.7,4.2,4.2,1.73,4.7,4.1,1.7,4.35,4.29,1.75,4.2,4.2,1.67,4.4,4.0,1.7,4.9,4.45,1.78,4.45,4.26,1.73,1.53,2.4,1.55,2.57,1.55,2.63,1.51,2.57,0.75,1.98,1.92,1.95,1.95,2.0,1.97,1.94,1.9,5.0,4.2,1.62,5.0,4.1,1.65,5.25,4.1,1.63,5.12,4.33,1.64,4.6,4.2,1.62,5.0,4.2,1.65,5.74,4.5,1.73,5.19,4.25,1.65,1.62,2.25,1.66,2.29,1.72,2.44,1.65,2.29,1.0,1.82,2.08,1.85,2.1,1.9,2.16,1.82,2.07,2324,,,,,,,,,,,,,,,,,,,,,,,,,,,,,,,,,,,,,,,,,,,,,,,,,,,,,,,,,,,,,,,,,,,,,,
E0,06/12/2023,20:15,Man United,Chelsea,2,1,H,1,1,D,C Kavanagh,28,13,9,3,12,12,12,4,4,0,0,0,2.88,3.4,2.45,2.8,3.6,2.35,2.8,3.55,2.4,2.88,3.67,2.42,2.75,3.6,2.3,2.8,3.5,2.38,2.93,3.8,2.63,2.82,3.65,2.43,1.65,2.2,1.69,2.26,1.72,2.4,1.65,2.28,0.25,1.79,2.11,1.81,2.11,1.82,2.15,1.78,2.08,2.75,3.5,2.45,2.75,3.6,2.4,2.8,3.45,2.5,2.86,3.61,2.49,2.62,3.6,2.38,2.75,3.6,2.45,2.96,3.75,2.7,2.79,3.6,2.5,1.62,2.25,1.67,2.33,1.68,2.53,1.64,2.31,0.0,2.09,1.81,2.11,1.83,2.11,1.9,2.05,1.83,2324,,,,,,,,,,,,,,,,,,,,,,,,,,,,,,,,,,,,,,,,,,,,,,,,,,,,,,,,,,,,,,,,,,,,,,
E0,07/12/2023,19:30,Everton,Newcastle,3,0,H,0,0,D,T Robinson,21,13,6,3,18,8,5,2,3,0,0,0,3.25,3.25,2.25,3.0,3.4,2.3,3.15,3.4,2.3,3.17,3.41,2.36,3.0,3.5,2.2,3.13,3.3,2.25,3.3,3.6,2.5,3.13,3.44,2.33,1.96,1.94,1.95,1.93,1.99,1.97,1.92,1.91,0.25,1.9,2.0,1.88,2.03,1.93,2.06,1.87,1.98,3.1,3.4,2.25,3.1,3.4,2.3,3.1,3.3,2.35,3.28,3.45,2.31,3.0,3.5,2.2,3.3,3.3,2.25,3.55,3.59,2.5,3.17,3.45,2.31,2.04,1.86,2.01,1.9,2.04,1.99,1.95,1.89,0.25,1.89,2.04,1.93,2.0,2.0,2.05,1.88,1.98,2324,,,,,,,,,,,,,,,,,,,,,,,,,,,,,,,,,,,,,,,,,,,,,,,,,,,,,,,,,,,,,,,,,,,,,,
E0,07/12/2023,20:15,Tottenham,West Ham,1,2,A,1,0,H,M Salisbury,23,11,7,5,11,12,8,4,3,3,0,0,1.75,4.2,4.2,1.78,4.1,3.9,1.77,4.2,4.1,1.8,4.31,4.04,1.75,4.2,3.8,1.75,4.0,4.1,1.85,4.5,4.25,1.79,4.22,4.08,1.5,2.5,1.51,2.66,1.53,2.7,1.5,2.61,-0.75,2.0,1.9,2.02,1.89,2.06,1.92,1.99,1.87,1.7,4.2,4.75,1.68,4.2,4.5,1.73,4.1,4.4,1.67,4.4,4.9,1.62,4.2,4.6,1.62,4.33,5.0,1.82,4.42,5.2,1.68,4.29,4.79,1.53,2.4,1.55,2.58,1.58,2.69,1.54,2.51,-0.75,1.84,2.09,1.85,2.09,1.89,2.15,1.82,2.05,2324,,,,,,,,,,,,,,,,,,,,,,,,,,,,,,,,,,,,,,,,,,,,,,,,,,,,,,,,,,,,,,,,,,,,,,
E0,09/12/2023,12:30,Crystal Palace,Liverpool,1,2,A,0,0,D,A Madley,8,14,4,2,17,17,6,5,5,2,1,0,6.0,4.5,1.5,6.0,4.4,1.51,6.0,4.5,1.5,6.3,4.59,1.51,6.0,4.5,1.44,6.5,4.33,1.45,6.6,4.75,1.63,6.12,4.54,1.52,1.65,2.2,1.67,2.28,1.71,2.33,1.65,2.28,1.0,2.06,1.84,2.06,1.85,2.11,1.89,2.03,1.84,6.5,4.75,1.44,6.25,4.4,1.49,6.25,4.6,1.5,6.65,4.7,1.5,6.5,4.5,1.44,7.0,4.5,1.45,7.5,4.9,1.63,6.59,4.62,1.49,1.65,2.2,1.69,2.28,1.74,2.42,1.67,2.25,1.0,2.07,1.83,2.1,1.84,2.19,1.87,2.08,1.8,2324,,,,,,,,,,,,,,,,,,,,,,,,,,,,,,,,,,,,,,,,,,,,,,,,,,,,,,,,,,,,,,,,,,,,,,
E0,09/12/2023,15:00,Brighton,Burnley,1,1,D,0,1,A,S Hooper,29,6,11,3,5,8,9,1,0,4,0,0,1.5,4.75,6.0,,,,1.5,4.7,6.0,1.5,4.69,6.31,1.44,4.6,6.0,1.44,4.4,6.5,1.55,4.9,6.5,1.5,4.69,6.18,1.57,2.35,1.61,2.41,1.65,2.5,1.59,2.4,-1.0,1.75,2.05,1.8,2.1,1.84,2.16,1.79,2.08,1.55,4.2,5.75,,,,1.53,4.5,6.0,1.54,4.53,6.19,1.5,4.5,5.8,1.5,4.33,6.5,1.57,4.92,7.08,1.53,4.5,6.2,1.67,2.15,1.72,2.22,1.75,2.34,1.69,2.22,-1.0,1.94,1.99,1.92,2.01,1.94,2.28,1.87,2.01,2324,,,,,,,,,,,,,,,,,,,,,,,,,,,,,,,,,,,,,,,,,,,,,,,,,,,,,,,,,,,,,,,,,,,,,,
E0,09/12/2023,15:00,Man United,Bournemouth,0,3,A,0,1,A,P Bankes,20,10,3,4,7,10,10,4,3,1,0,0,1.55,4.33,5.75,1.55,4.5,5.25,1.55,4.5,5.5,1.55,4.7,5.52,1.5,4.6,5.5,1.5,4.33,5.5,1.59,4.9,6.0,1.55,4.65,5.54,1.5,2.5,1.52,2.63,1.56,2.65,1.51,2.56,-1.0,1.91,1.99,1.91,1.99,1.93,2.06,1.89,1.98,1.65,4.33,4.5,1.66,4.2,4.6,1.63,4.4,4.8,1.67,4.48,4.78,1.6,4.2,4.75,1.62,4.33,5.0,1.72,4.6,5.15,1.66,4.41,4.74,1.48,2.6,1.48,2.77,1.5,2.85,1.47,2.71,-1.0,2.05,1.75,2.11,1.81,2.17,1.95,2.08,1.8,2324,,,,,,,,,,,,,,,,,,,,,,,,,,,,,,,,,,,,,,,,,,,,,,,,,,,,,,,,,,,,,,,,,,,,,,
E0,09/12/2023,15:00,Sheffield United,Brentford,1,0,H,1,0,H,S Attwell,9,10,4,4,14,13,3,4,5,1,0,0,4.2,3.8,1.75,4.4,3.7,1.78,4.4,3.75,1.8,4.47,3.84,1.81,4.6,3.7,1.7,4.5,3.6,1.75,4.7,3.95,1.85,4.48,3.82,1.8,1.95,1.95,1.92,1.97,1.98,2.01,1.91,1.93,0.75,1.83,2.07,1.85,2.07,1.87,2.12,1.83,2.02,4.5,3.8,1.73,4.5,3.75,1.75,4.6,3.8,1.75,4.71,3.91,1.78,4.5,3.9,1.67,5.0,3.7,1.73,5.0,4.1,1.82,4.61,3.86,1.78,1.95,1.95,1.94,1.96,2.12,2.04,1.9,1.95,0.75,1.91,2.02,1.91,2.02,1.93,2.06,1.87,1.99,2324,,,,,,,,,,,,,,,,,,,,,,,,,,,,,,,,,,,,,,,,,,,,,,,,,,,,,,,,,,,,,,,,,,,,,,
E0,09/12/2023,15:00,Wolves,Nott'm Forest,1,1,D,1,1,D,S Barrott,10,8,4,2,9,11,4,3,0,1,0,0,1.85,3.6,4.33,1.85,3.6,4.2,1.9,3.6,4.2,1.89,3.56,4.44,1.75,3.7,4.2,1.83,3.4,4.2,1.91,3.82,4.6,1.87,3.64,4.34,2.06,1.84,2.04,1.85,2.08,1.9,2.0,1.83,-0.5,1.89,2.01,1.9,2.01,1.9,2.06,1.87,2.0,1.91,3.25,4.33,1.9,3.25,4.5,1.9,3.3,4.5,1.99,3.34,4.42,1.85,3.5,4.0,1.9,3.25,4.6,1.99,3.61,4.92,1.92,3.37,4.53,2.4,1.53,2.51,1.58,2.53,1.71,2.39,1.59,-0.5,1.99,1.94,2.0,1.93,2.0,2.02,1.93,1.95,2324,,,,,,,,,,,,,,,,,,,,,,,,,,,,,,,,,,,,,,,,,,,,,,,,,,,,,,,,,,,,,,,,,,,,,,
E0,09/12/2023,17:30,Aston Villa,Arsenal,1,0,H,1,0,H,J Gillett,10,12,3,5,16,11,3,3,4,2,0,0,3.3,3.6,2.1,3.4,3.7,2.05,3.25,3.6,2.15,3.43,3.69,2.12,3.2,3.75,2.0,3.3,3.5,2.05,3.55,3.84,2.17,3.41,3.66,2.11,1.7,2.1,1.75,2.16,1.79,2.21,1.72,2.15,0.25,2.05,1.85,2.06,1.85,2.09,1.87,2.03,1.82,3.6,3.75,2.0,3.5,3.6,2.0,3.55,3.65,2.0,3.65,3.87,2.02,3.4,3.7,1.95,3.7,3.6,2.0,3.8,3.89,2.12,3.62,3.72,2.03,1.73,2.08,1.76,2.17,1.86,2.21,1.75,2.12,0.5,1.9,2.03,1.9,2.03,1.91,2.07,1.86,2.02,2324,,,,,,,,,,,,,,,,,,,,,,,,,,,,,,,,,,,,,,,,,,,,,,,,,,,,,,,,,,,,,,,,,,,,,,
E0,10/12/2023,14:00,Everton,Chelsea,2,0,H,0,0,D,M Oliver,9,16,5,4,12,12,4,8,2,2,0,0,3.1,3.5,2.25,2.95,3.6,2.25,3.05,3.55,2.3,3.03,3.59,2.36,2.88,3.7,2.2,3.0,3.4,2.25,3.15,3.75,2.41,3.02,3.59,2.31,1.75,2.05,1.8,2.09,1.84,2.13,1.78,2.05,0.25,1.87,2.03,1.86,2.05,1.9,2.08,1.85,1.99,2.4,3.5,2.8,2.55,3.3,2.75,2.55,3.45,2.75,2.55,3.45,2.88,2.38,3.7,2.62,2.5,3.4,2.8,2.75,3.7,2.96,2.54,3.47,2.78,1.91,1.99,1.92,1.99,1.99,2.04,1.88,1.97,0.0,1.84,2.06,1.85,2.09,1.93,2.13,1.84,2.03,2324,,,,,,,,,,,,,,,,,,,,,,,,,,,,,,,,,,,,,,,,,,,,,,,,,,,,,,,,,,,,,,,,,,,,,,
E0,10/12/2023,14:00,Fulham,West Ham,5,0,H,3,0,H,P Tierney,14,9,8,5,5,10,3,6,2,1,0,0,2.38,3.5,2.9,2.37,3.5,2.85,2.35,3.5,2.95,2.44,3.4,3.03,2.3,3.6,2.75,2.3,3.4,2.9,2.49,3.66,3.12,2.39,3.49,2.95,1.9,2.0,1.88,2.02,1.95,2.06,1.85,1.98,-0.25,2.08,1.82,2.11,1.82,2.12,1.88,2.05,1.81,2.2,3.5,3.25,2.2,3.5,3.2,2.2,3.5,3.15,2.19,3.6,3.41,2.1,3.6,3.1,2.15,3.5,3.3,2.4,3.65,3.41,2.22,3.54,3.26,1.86,2.04,1.85,2.06,1.88,2.13,1.82,2.04,-0.25,1.88,2.02,1.9,2.02,1.99,2.06,1.9,1.96,2324,,,,,,,,,,,,,,,,,,,,,,,,,,,,,,,,,,,,,,,,,,,,,,,,,,,,,,,,,,,,,,,,,,,,,,
E0,10/12/2023,14:00,Luton,Man City,1,2,A,1,0,H,T Robinson,4,18,2,6,16,6,6,3,2,1,0,0,17.0,8.0,1.14,16.0,8.5,1.16,17.0,8.5,1.15,18.31,10.09,1.13,19.0,8.0,1.11,19.0,8.0,1.11,22.0,11.0,1.17,18.02,8.94,1.15,1.36,3.1,1.38,3.1,1.43,3.1,1.38,2.99,2.25,1.95,1.95,1.95,1.93,1.99,2.02,1.9,1.95,13.0,7.5,1.18,14.5,7.25,1.19,14.0,7.25,1.2,16.0,7.8,1.18,15.0,8.0,1.14,17.0,7.5,1.17,17.5,8.0,1.22,15.25,7.38,1.19,1.53,2.4,1.56,2.52,1.62,2.58,1.55,2.47,2.0,1.87,2.03,1.87,2.04,1.92,2.07,1.87,2.0,2324,,,,,,,,,,,,,,,,,,,,,,,,,,,,,,,,,,,,,,,,,,,,,,,,,,,,,,,,,,,,,,,,,,,,,,
E0,10/12/2023,16:30,Tottenham,Newcastle,4,1,H,2,0,H,C Kavanagh,23,9,12,3,10,12,3,6,1,3,0,0,2.15,3.8,3.1,2.15,3.8,3.0,2.2,3.8,3.0,2.23,3.84,3.08,2.15,3.8,2.88,2.15,3.6,3.0,2.3,3.99,3.22,2.2,3.84,3.05,1.53,2.4,1.56,2.55,1.57,2.57,1.53,2.49,-0.25,1.95,1.95,1.96,1.94,1.96,1.98,1.92,1.92,2.0,3.75,3.4,2.05,3.8,3.25,2.05,3.7,3.4,2.06,4.0,3.41,2.0,3.9,3.1,2.0,3.9,3.4,2.16,4.12,3.5,2.08,3.88,3.34,1.5,2.5,1.52,2.65,1.55,2.85,1.5,2.62,-0.25,1.73,2.08,1.81,2.12,1.89,2.16,1.81,2.06,2324,,,,,,,,,,,,,,,,,,,,,,,,,,,,,,,,,,,,,,,,,,,,,,,,,,,,,,,,,,,,,,,,,,,,,,
E0,15/12/2023,20:00,Nott'm Forest,Tottenham,0,2,A,0,1,A,J Gillett,15,12,1,6,16,11,6,4,2,4,0,1,4.2,4.2,1.73,4.4,4.0,1.72,4.3,4.1,1.73,4.51,4.14,1.76,4.4,4.0,1.67,4.6,4.0,1.73,4.88,4.3,1.78,4.52,4.13,1.74,1.62,2.25,1.65,2.35,1.68,2.42,1.63,2.32,0.75,1.94,1.99,1.94,1.98,1.97,2.01,1.92,1.93,4.75,4.2,1.67,5.0,4.0,1.66,4.8,4.1,1.67,5.14,4.19,1.68,4.75,4.0,1.62,5.5,4.0,1.62,5.5,4.4,1.77,5.06,4.17,1.66,1.7,2.1,1.75,2.18,1.76,2.4,1.68,2.21,0.75,2.08,1.85,2.07,1.86,2.12,1.89,2.06,1.81,2324,,,,,,,,,,,,,,,,,,,,,,,,,,,,,,,,,,,,,,,,,,,,,,,,,,,,,,,,,,,,,,,,,,,,,,
E0,16/12/2023,15:00,Chelsea,Sheffield United,2,0,H,0,0,D,A Madley,15,6,6,1,9,14,7,6,1,3,0,0,1.22,6.5,13.0,1.23,6.5,12.0,1.25,6.25,12.0,1.24,6.69,11.68,1.22,6.0,12.0,1.2,6.0,13.0,1.28,7.1,13.5,1.24,6.49,12.28,1.5,2.5,1.51,2.62,1.55,2.67,1.52,2.54,-1.75,1.93,2.0,1.89,2.0,1.97,2.03,1.9,1.95,1.18,7.5,13.0,1.18,7.75,14.5,1.25,6.5,11.0,1.18,8.04,15.9,1.15,7.5,13.0,1.18,7.5,13.0,1.25,8.2,18.5,1.2,7.63,14.35,1.4,2.88,1.43,2.95,1.43,3.22,1.4,2.97,-2.0,1.87,2.06,1.87,2.05,2.0,2.06,1.9,1.97,2324,,,,,,,,,,,,,,,,,,,,,,,,,,,,,,,,,,,,,,,,,,,,,,,,,,,,,,,,,,,,,,,,,,,,,,
E0,16/12/2023,15:00,Man City,Crystal Palace,2,2,D,1,0,H,P Tierney,19,5,9,2,12,9,6,1,1,1,0,0,1.18,8.0,13.0,1.18,7.75,15.0,1.2,7.25,15.0,1.17,7.98,15.35,1.14,7.5,15.0,1.14,7.0,17.0,1.2,8.8,19.5,1.18,7.77,16.06,1.44,2.7,1.47,2.73,1.5,3.0,1.46,2.71,-2.0,1.91,2.02,1.9,1.99,1.93,2.03,1.88,1.99,1.17,7.5,15.0,1.17,7.0,17.5,1.2,6.75,17.0,1.18,7.6,20.24,1.14,7.0,17.0,1.17,7.5,18.0,1.2,8.2,21.0,1.18,7.38,18.26,1.73,2.08,1.68,2.27,1.82,2.36,1.7,2.21,-2.0,2.05,1.75,2.07,1.85,2.08,1.9,2.02,1.85,2324,,,,,,,,,,,,,,,,,,,,,,,,,,,,,,,,,,,,,,,,,,,,,,,,,,,,,,,,,,,,,,,,,,,,,,
E0,16/12/2023,15:00,Newcastle,Fulham,3,0,H,0,0,D,S Barrott,27,6,10,4,7,12,5,1,0,2,0,1,1.8,3.8,4.0,1.85,3.8,3.9,1.85,3.85,3.95,1.87,3.94,4.04,1.8,3.9,3.8,1.8,3.7,4.0,1.92,4.05,4.22,1.87,3.91,4.03,1.7,2.1,1.73,2.19,1.77,2.23,1.72,2.16,-0.5,1.88,2.05,1.88,2.03,1.9,2.06,1.87,2.01,1.91,3.8,4.0,1.88,3.6,3.9,1.85,3.7,4.1,1.92,3.83,4.07,1.83,3.8,3.75,1.87,3.7,4.1,1.95,3.96,4.44,1.89,3.78,4.08,1.8,2.0,1.81,2.08,1.84,2.13,1.79,2.04,-0.5,1.93,2.0,1.93,2.0,1.94,2.04,1.9,1.98,2324,,,,,,,,,,,,,,,,,,,,,,,,,,,,,,,,,,,,,,,,,,,,,,,,,,,,,,,,,,,,,,,,,,,,,,
E0,16/12/2023,17:30,Burnley,Everton,0,2,A,0,2,A,A Taylor,14,9,2,6,9,8,8,6,0,1,0,0,3.6,3.4,2.1,3.4,3.4,2.1,3.45,3.4,2.15,3.66,3.44,2.13,3.3,3.5,2.05,3.5,3.25,2.1,3.74,3.62,2.19,3.55,3.45,2.14,2.05,1.75,2.08,1.83,2.1,1.86,2.02,1.81,0.25,2.07,1.86,2.08,1.84,2.09,1.87,2.03,1.82,3.2,3.5,2.25,3.2,3.4,2.2,3.2,3.45,2.25,3.28,3.57,2.26,3.3,3.4,2.1,3.3,3.4,2.2,3.63,3.57,2.28,3.3,3.48,2.22,1.99,1.91,1.95,1.95,2.06,2.03,1.93,1.89,0.25,1.95,1.98,1.96,1.96,2.03,1.98,1.94,1.9,2324,,,,,,,,,,,,,,,,,,,,,,,,,,,,,,,,,,,,,,,,,,,,,,,,,,,,,,,,,,,,,,,,,,,,,,
E0,17/12/2023,14:00,Arsenal,Brighton,2,0,H,0,0,D,T Robinson,26,6,9,1,11,9,10,1,1,3,0,0,1.44,5.0,6.0,1.47,4.6,6.25,1.5,4.7,6.0,1.48,4.76,6.67,1.44,4.6,6.0,1.44,4.4,6.5,1.53,5.0,7.0,1.48,4.73,6.5,1.53,2.4,1.6,2.44,1.66,2.44,1.58,2.36,-1.25,2.08,1.85,2.05,1.86,2.09,1.89,2.03,1.83,1.45,5.0,6.0,1.47,4.6,6.5,1.47,4.7,6.5,1.47,4.88,6.82,1.44,4.5,6.5,1.45,4.8,6.5,1.54,5.12,7.3,1.48,4.76,6.66,1.57,2.35,1.63,2.38,1.71,2.45,1.64,2.3,-1.25,2.06,1.87,2.04,1.88,2.13,1.94,2.03,1.85,2324,,,,,,,,,,,,,,,,,,,,,,,,,,,,,,,,,,,,,,,,,,,,,,,,,,,,,,,,,,,,,,,,,,,,,,
E0,17/12/2023,14:00,Brentford,Aston Villa,1,2,A,1,0,H,D Coote,4,15,3,5,19,6,7,12,6,4,1,1,3.2,3.75,2.1,3.1,3.6,2.15,3.2,3.7,2.15,3.24,3.73,2.19,3.2,3.7,2.05,3.2,3.5,2.1,3.5,3.85,2.23,3.26,3.71,2.16,1.7,2.1,1.72,2.21,1.77,2.26,1.69,2.18,0.25,2.0,1.93,1.99,1.92,2.02,1.94,1.97,1.87,3.0,3.4,2.25,3.1,3.4,2.25,3.1,3.45,2.3,3.18,3.46,2.36,3.1,3.4,2.2,3.13,3.4,2.3,3.5,3.7,2.44,3.18,3.46,2.29,1.98,1.92,1.97,1.93,1.99,2.06,1.92,1.92,0.25,1.88,2.05,1.89,2.04,1.98,2.05,1.89,1.97,2324,,,,,,,,,,,,,,,,,,,,,,,,,,,,,,,,,,,,,,,,,,,,,,,,,,,,,,,,,,,,,,,,,,,,,,
E0,17/12/2023,14:00,West Ham,Wolves,3,0,H,2,0,H,C Kavanagh,13,14,4,3,12,15,6,6,3,1,0,0,2.15,3.5,3.3,2.2,3.5,3.2,2.15,3.5,3.3,2.12,3.62,3.5,2.1,3.5,3.2,2.1,3.3,3.4,2.27,3.68,3.62,2.16,3.55,3.4,1.95,1.95,1.9,1.99,1.96,2.02,1.9,1.93,-0.25,1.88,2.05,1.85,2.07,1.91,2.08,1.85,2.0,1.91,3.6,4.0,1.95,3.5,3.9,1.95,3.55,3.95,1.9,3.65,4.34,1.91,3.6,3.8,1.91,3.5,4.2,2.27,3.78,4.34,1.96,3.6,4.0,2.03,1.87,2.02,1.89,2.04,1.96,1.97,1.87,-0.5,1.93,2.0,1.91,2.01,1.99,2.01,1.94,1.94,2324,,,,,,,,,,,,,,,,,,,,,,,,,,,,,,,,,,,,,,,,,,,,,,,,,,,,,,,,,,,,,,,,,,,,,,
E0,17/12/2023,16:30,Liverpool,Man United,0,0,D,0,0,D,M Oliver,34,6,8,1,13,8,12,0,2,4,0,1,1.3,6.0,8.0,1.31,6.0,8.25,1.33,6.0,7.75,1.32,5.99,8.37,1.25,6.0,8.5,1.29,5.75,8.5,1.42,6.55,9.5,1.32,6.09,8.5,1.33,3.4,1.33,3.39,1.35,3.52,1.32,3.39,-1.5,1.8,2.0,1.82,2.05,1.87,2.13,1.82,2.06,1.33,5.75,7.0,1.33,6.0,7.5,1.35,5.5,7.5,1.33,6.1,8.5,1.29,5.8,8.0,1.33,5.75,8.0,1.42,6.5,9.9,1.35,5.88,7.97,1.36,3.1,1.38,3.18,1.45,3.41,1.4,3.02,-1.5,1.9,2.03,1.88,2.04,2.0,2.07,1.91,1.97,2324,,,,,,,,,,,,,,,,,,,,,,,,,,,,,,,,,,,,,,,,,,,,,,,,,,,,,,,,,,,,,,,,,,,,,,
E0,21/12/2023,20:00,Crystal Palace,Brighton,1,1,D,1,0,H,J Brooks,11,18,3,6,12,11,3,1,5,2,0,0,3.3,3.3,2.15,3.25,3.5,2.15,3.3,3.45,2.2,3.4,3.47,2.22,3.2,3.6,2.05,3.25,3.3,2.15,3.5,3.7,2.25,3.35,3.5,2.18,1.99,1.91,1.95,1.93,2.0,1.99,1.92,1.92,0.25,1.98,1.92,1.99,1.92,2.03,1.94,1.96,1.88,3.4,3.25,2.25,3.2,3.25,2.3,3.15,3.35,2.3,3.23,3.37,2.38,3.25,3.3,2.15,3.25,3.25,2.3,3.5,3.55,2.42,3.24,3.33,2.3,2.1,1.7,2.17,1.76,2.17,1.95,2.09,1.76,0.25,1.89,2.04,1.88,2.04,1.93,2.05,1.88,1.98,2324,,,,,,,,,,,,,,,,,,,,,,,,,,,,,,,,,,,,,,,,,,,,,,,,,,,,,,,,,,,,,,,,,,,,,,
E0,22/12/2023,20:00,Aston Villa,Sheffield United,1,1,D,0,0,D,A Taylor,12,5,4,2,11,16,9,1,3,3,0,0,1.22,6.5,12.0,1.25,6.5,10.5,1.22,6.5,12.0,1.24,6.98,11.3,1.22,6.0,11.0,1.22,6.5,12.0,1.28,7.3,14.0,1.24,6.67,11.7,1.44,2.7,1.45,2.83,1.51,2.92,1.46,2.74,-1.75,1.88,2.02,1.93,1.98,1.95,2.02,1.9,1.96,1.2,7.0,13.0,1.23,7.0,11.0,1.22,6.75,12.0,1.22,7.3,12.5,1.18,7.0,12.0,1.2,7.5,12.0,1.24,7.7,14.9,1.22,7.15,12.8,1.4,2.88,1.4,3.04,1.45,3.19,1.41,2.88,-2.0,2.06,1.87,2.05,1.87,2.12,1.91,2.03,1.84,2324,,,,,,,,,,,,,,,,,,,,,,,,,,,,,,,,,,,,,,,,,,,,,,,,,,,,,,,,,,,,,,,,,,,,,,
E0,23/12/2023,12:30,West Ham,Man United,2,0,H,0,0,D,S Hooper,12,11,5,3,13,15,4,4,2,3,0,0,2.6,3.6,2.6,2.55,3.6,2.55,2.55,3.6,2.6,2.65,3.65,2.62,2.5,3.6,2.5,2.63,3.5,2.6,2.72,3.81,2.7,2.61,3.65,2.6,1.7,2.1,1.71,2.23,1.75,2.28,1.68,2.22,0.0,1.97,1.93,1.96,1.94,2.0,1.96,1.95,1.92,2.1,3.8,3.25,2.15,3.7,3.1,2.25,3.6,3.1,2.1,3.89,3.39,2.15,3.6,3.0,2.1,3.7,3.3,2.6,3.91,3.39,2.19,3.77,3.16,1.6,2.3,1.62,2.41,1.69,2.45,1.62,2.34,-0.25,1.84,2.09,1.85,2.09,2.14,2.11,1.89,1.97,2324,,,,,,,,,,,,,,,,,,,,,,,,,,,,,,,,,,,,,,,,,,,,,,,,,,,,,,,,,,,,,,,,,,,,,,
E0,23/12/2023,15:00,Fulham,Burnley,0,2,A,0,0,D,R Welch,19,7,5,2,5,17,8,6,2,1,0,0,1.67,3.75,5.25,1.66,4.0,5.0,1.7,3.85,4.9,1.7,3.96,5.12,1.67,3.8,4.75,1.65,3.7,5.0,1.76,4.2,5.3,1.7,3.94,5.01,1.92,1.98,1.9,1.98,1.94,2.02,1.87,1.97,-0.75,1.9,2.0,1.91,2.0,1.96,2.03,1.89,1.96,1.67,3.75,5.25,1.73,3.7,4.75,1.73,3.75,4.9,1.71,3.93,5.24,1.67,3.7,4.8,1.65,3.8,5.5,1.8,4.2,5.56,1.71,3.86,5.06,1.97,1.93,1.99,1.91,2.03,2.03,1.94,1.9,-0.75,1.9,2.03,1.93,2.0,2.04,2.04,1.91,1.95,2324,,,,,,,,,,,,,,,,,,,,,,,,,,,,,,,,,,,,,,,,,,,,,,,,,,,,,,,,,,,,,,,,,,,,,,
E0,23/12/2023,15:00,Luton,Newcastle,1,0,H,1,0,H,D England,16,15,5,2,11,5,6,7,2,1,0,0,4.75,4.2,1.65,5.0,4.1,1.62,4.9,4.1,1.65,4.91,4.36,1.65,4.8,4.0,1.62,5.25,3.8,1.62,5.32,4.6,1.71,5.0,4.23,1.65,1.75,2.05,1.78,2.12,1.83,2.14,1.77,2.06,0.75,2.07,1.83,2.07,1.84,2.12,1.84,2.04,1.81,5.25,4.2,1.62,5.25,4.0,1.62,5.25,4.1,1.63,5.32,4.12,1.67,5.0,4.0,1.6,5.25,4.2,1.62,5.77,4.35,1.69,5.3,4.15,1.63,1.87,2.03,1.89,2.02,1.91,2.17,1.82,2.02,1.0,1.82,2.11,1.76,2.18,1.88,2.18,1.8,2.08,2324,,,,,,,,,,,,,,,,,,,,,,,,,,,,,,,,,,,,,,,,,,,,,,,,,,,,,,,,,,,,,,,,,,,,,,
E0,23/12/2023,15:00,Nott'm Forest,Bournemouth,2,3,A,0,0,D,R Jones,11,18,5,7,10,10,6,6,0,3,1,0,2.75,3.4,2.55,2.8,3.4,2.45,2.75,3.45,2.5,2.74,3.52,2.61,2.7,3.5,2.38,2.7,3.3,2.5,2.83,3.63,2.66,2.76,3.49,2.54,1.95,1.95,1.93,1.96,1.95,2.01,1.89,1.95,0.0,2.02,1.88,2.0,1.9,2.05,1.91,2.0,1.86,2.9,3.4,2.45,2.8,3.4,2.45,2.8,3.4,2.5,2.94,3.45,2.52,2.62,3.5,2.45,2.88,3.4,2.45,2.95,3.6,2.6,2.86,3.45,2.49,1.95,1.95,1.94,1.96,2.03,2.03,1.91,1.93,0.0,2.13,1.81,2.13,1.82,2.17,1.83,2.08,1.8,2324,,,,,,,,,,,,,,,,,,,,,,,,,,,,,,,,,,,,,,,,,,,,,,,,,,,,,,,,,,,,,,,,,,,,,,
E0,23/12/2023,15:00,Tottenham,Everton,2,1,H,2,0,H,S Attwell,13,18,6,8,6,18,3,8,1,4,0,0,1.75,4.2,4.0,1.8,4.0,3.9,1.8,4.1,4.0,1.8,4.29,4.05,1.73,4.0,4.0,1.73,3.9,4.2,1.87,4.4,4.34,1.8,4.16,4.08,1.53,2.4,1.56,2.54,1.58,2.55,1.54,2.48,-0.75,2.01,1.89,2.03,1.88,2.06,1.91,1.99,1.86,1.7,4.2,4.33,1.7,4.1,4.5,1.73,4.2,4.4,1.7,4.29,4.76,1.62,4.2,4.6,1.7,4.2,4.5,1.87,4.45,4.98,1.71,4.25,4.57,1.53,2.4,1.58,2.5,1.59,2.66,1.55,2.49,-0.75,1.89,2.04,1.89,2.03,1.95,2.12,1.86,2.0,2324,,,,,,,,,,,,,,,,,,,,,,,,,,,,,,,,,,,,,,,,,,,,,,,,,,,,,,,,,,,,,,,,,,,,,,
E0,23/12/2023,17:30,Liverpool,Arsenal,1,1,D,1,1,D,C Kavanagh,13,13,3,2,13,14,4,5,2,5,0,0,2.38,3.6,2.8,2.35,3.6,2.8,2.45,3.6,2.75,2.47,3.63,2.84,2.3,3.6,2.75,2.3,3.4,2.8,2.53,3.78,3.05,2.43,3.63,2.83,1.7,2.1,1.71,2.23,1.77,2.28,1.69,2.2,-0.25,2.1,1.8,2.14,1.78,2.14,1.83,2.08,1.79,2.45,3.75,2.63,2.45,3.5,2.7,2.45,3.5,2.8,2.52,3.66,2.8,2.38,3.6,2.7,2.45,3.6,2.75,2.56,3.83,3.03,2.47,3.63,2.79,1.6,2.3,1.64,2.37,1.71,2.5,1.63,2.3,0.0,1.86,2.07,1.86,2.07,1.89,2.17,1.82,2.07,2324,,,,,,,,,,,,,,,,,,,,,,,,,,,,,,,,,,,,,,,,,,,,,,,,,,,,,,,,,,,,,,,,,,,,,,
E0,24/12/2023,13:00,Wolves,Chelsea,2,1,H,0,0,D,D Coote,14,16,6,5,11,9,10,6,3,5,0,0,3.75,3.75,1.91,3.6,3.6,1.98,3.7,3.7,1.95,3.77,3.76,1.99,3.6,3.6,1.91,3.7,3.5,1.93,3.91,3.85,2.04,3.73,3.73,1.98,1.86,2.04,1.87,2.03,1.89,2.07,1.83,2.02,0.5,1.91,1.99,1.91,2.0,1.94,2.02,1.89,1.97,3.1,3.6,2.15,3.2,3.6,2.15,3.15,3.6,2.2,3.34,3.65,2.2,3.1,3.6,2.1,3.25,3.6,2.15,3.7,3.8,2.26,3.26,3.65,2.17,1.75,2.05,1.81,2.09,1.84,2.2,1.77,2.09,0.25,1.98,1.95,2.01,1.92,2.06,1.95,1.96,1.89,2324,,,,,,,,,,,,,,,,,,,,,,,,,,,,,,,,,,,,,,,,,,,,,,,,,,,,,,,,,,,,,,,,,,,,,,
E0,26/12/2023,12:30,Newcastle,Nott'm Forest,1,3,A,1,1,D,C Kavanagh,19,15,7,6,10,11,10,2,3,3,0,0,1.5,4.33,5.75,1.5,4.33,6.25,1.53,4.4,6.25,1.51,4.42,6.64,1.44,4.33,6.5,1.5,4.0,6.5,1.56,4.6,7.0,1.51,4.41,6.57,1.8,2.0,1.82,2.06,1.88,2.09,1.78,2.02,-1.0,1.88,2.02,1.88,2.02,1.91,2.06,1.86,2.0,1.4,5.0,6.5,1.41,4.8,7.25,1.43,4.8,6.75,1.4,5.15,8.1,1.35,5.0,7.5,1.4,4.8,8.0,1.47,5.31,8.5,1.41,4.95,7.64,1.62,2.25,1.65,2.32,1.78,2.45,1.64,2.3,-1.25,1.89,2.04,1.91,2.02,1.97,2.05,1.89,1.96,2324,,,,,,,,,,,,,,,,,,,,,,,,,,,,,,,,,,,,,,,,,,,,,,,,,,,,,,,,,,,,,,,,,,,,,,
E0,26/12/2023,15:00,Bournemouth,Fulham,3,0,H,1,0,H,T Robinson,16,8,4,3,10,10,6,5,0,2,0,0,2.15,3.6,3.2,2.2,3.5,3.1,2.2,3.6,3.15,2.22,3.69,3.2,2.15,3.5,3.1,2.15,3.5,3.13,2.27,3.79,3.45,2.22,3.62,3.2,1.73,2.08,1.77,2.14,1.84,2.16,1.76,2.08,-0.25,1.95,1.95,1.94,1.96,1.97,2.0,1.91,1.94,1.91,3.8,3.75,1.9,3.8,3.7,1.95,3.85,3.6,1.92,3.9,3.97,1.91,3.75,3.6,1.91,3.8,3.8,2.05,3.95,3.97,1.95,3.85,3.74,1.65,2.2,1.67,2.32,1.79,2.4,1.64,2.3,-0.5,1.94,1.99,1.93,1.99,2.0,2.0,1.95,1.93,2324,,,,,,,,,,,,,,,,,,,,,,,,,,,,,,,,,,,,,,,,,,,,,,,,,,,,,,,,,,,,,,,,,,,,,,
E0,26/12/2023,15:00,Sheffield United,Luton,2,3,A,0,1,A,S Allison,21,12,6,4,13,13,9,4,5,0,0,0,2.3,3.3,3.1,2.35,3.25,3.0,2.35,3.3,3.05,2.46,3.32,3.07,2.3,3.25,3.0,2.38,3.13,3.0,2.52,3.42,3.19,2.41,3.32,3.07,2.1,1.7,2.14,1.76,2.17,1.81,2.11,1.75,-0.25,2.09,1.81,2.12,1.81,2.13,1.88,2.05,1.82,2.38,3.25,3.1,2.45,3.2,3.0,2.5,3.2,2.95,2.46,3.29,3.15,2.38,3.2,2.9,2.45,3.2,3.0,2.57,3.35,3.3,2.46,3.25,3.07,2.15,1.67,2.22,1.72,2.36,1.76,2.19,1.71,-0.25,2.09,1.84,2.11,1.83,2.15,1.85,2.08,1.8,2324,,,,,,,,,,,,,,,,,,,,,,,,,,,,,,,,,,,,,,,,,,,,,,,,,,,,,,,,,,,,,,,,,,,,,,
E0,26/12/2023,17:30,Burnley,Liverpool,0,2,A,0,1,A,P Tierney,9,19,0,10,7,10,4,4,2,1,0,0,6.5,5.25,1.4,7.0,5.25,1.39,7.0,5.25,1.4,8.02,5.32,1.38,7.5,5.0,1.35,7.5,4.8,1.36,8.5,5.75,1.43,7.67,5.3,1.39,1.44,2.7,1.48,2.73,1.48,2.8,1.45,2.73,1.5,1.78,2.03,1.84,2.08,1.9,2.09,1.83,2.04,8.0,5.25,1.36,7.0,5.25,1.39,7.0,4.9,1.43,7.85,5.65,1.38,8.0,5.0,1.33,8.0,5.25,1.36,8.84,5.65,1.44,7.69,5.28,1.38,1.44,2.7,1.46,2.82,1.54,2.93,1.46,2.72,1.5,1.84,2.09,1.83,2.08,1.98,2.12,1.84,2.03,2324,,,,,,,,,,,,,,,,,,,,,,,,,,,,,,,,,,,,,,,,,,,,,,,,,,,,,,,,,,,,,,,,,,,,,,
E0,26/12/2023,20:00,Man United,Aston Villa,3,2,H,0,2,A,C Pawson,13,10,7,4,10,10,3,6,1,3,0,0,2.6,3.5,2.6,2.45,3.6,2.65,2.6,3.6,2.6,2.68,3.62,2.61,2.5,3.6,2.5,2.55,3.5,2.5,2.75,3.75,2.71,2.63,3.63,2.61,1.62,2.25,1.64,2.36,1.7,2.41,1.63,2.33,0.0,1.95,1.95,1.98,1.93,2.01,2.0,1.96,1.93,2.25,3.75,2.9,2.3,3.6,2.85,2.45,3.65,2.75,2.35,3.77,2.98,2.25,3.7,2.75,2.3,3.7,2.9,2.45,4.2,3.08,2.34,3.75,2.91,1.57,2.35,1.62,2.43,1.62,2.66,1.56,2.46,-0.25,2.04,1.89,2.06,1.88,2.12,1.9,2.02,1.84,2324,,,,,,,,,,,,,,,,,,,,,,,,,,,,,,,,,,,,,,,,,,,,,,,,,,,,,,,,,,,,,,,,,,,,,,
E0,27/12/2023,19:30,Brentford,Wolves,1,4,A,1,3,A,A Madley,14,11,4,5,5,14,8,2,1,1,0,0,1.95,3.5,4.2,1.95,3.5,3.8,1.95,3.5,3.9,1.94,3.66,4.07,1.85,3.6,3.9,1.91,3.4,3.9,2.02,3.72,4.2,1.96,3.59,3.97,2.03,1.87,2.01,1.88,2.05,1.92,1.97,1.86,-0.5,1.98,1.92,1.95,1.95,2.02,1.95,1.96,1.91,2.2,3.4,3.3,2.2,3.3,3.3,2.25,3.4,3.25,2.25,3.39,3.46,2.15,3.4,3.2,2.25,3.3,3.3,2.35,3.5,3.66,2.22,3.41,3.39,2.08,1.73,2.1,1.81,2.16,1.88,2.06,1.79,-0.25,1.94,1.99,1.93,1.98,1.99,2.05,1.89,1.97,2324,,,,,,,,,,,,,,,,,,,,,,,,,,,,,,,,,,,,,,,,,,,,,,,,,,,,,,,,,,,,,,,,,,,,,,
E0,27/12/2023,19:30,Chelsea,Crystal Palace,2,1,H,1,1,D,M Salisbury,9,13,4,5,13,16,4,3,3,2,0,0,1.67,4.0,5.0,1.65,3.9,5.0,1.7,3.9,4.9,1.72,3.89,5.06,1.65,3.9,4.6,1.65,3.7,5.0,1.75,4.05,5.5,1.7,3.91,5.02,1.91,1.99,1.94,1.94,2.0,2.0,1.89,1.94,-0.75,1.86,2.04,1.93,1.96,1.95,2.04,1.89,1.96,1.75,3.75,4.75,1.78,3.7,4.5,1.83,3.7,4.3,1.81,3.76,4.72,1.7,3.8,4.4,1.75,3.7,4.8,1.83,3.85,5.2,1.78,3.75,4.7,1.99,1.91,1.97,1.93,2.0,2.03,1.93,1.9,-0.75,2.07,1.86,2.07,1.86,2.08,1.92,1.98,1.86,2324,,,,,,,,,,,,,,,,,,,,,,,,,,,,,,,,,,,,,,,,,,,,,,,,,,,,,,,,,,,,,,,,,,,,,,
E0,27/12/2023,20:15,Everton,Man City,1,3,A,1,0,H,J Brooks,7,23,2,9,13,5,8,4,4,2,0,0,5.75,4.0,1.57,5.5,4.1,1.58,5.5,4.2,1.6,6.32,4.1,1.57,5.5,4.2,1.53,5.75,4.0,1.53,6.6,4.37,1.64,5.84,4.17,1.59,1.73,2.08,1.78,2.11,1.81,2.17,1.74,2.11,1.0,1.89,2.01,1.93,1.98,1.93,2.07,1.88,1.99,5.0,4.0,1.65,5.5,3.9,1.62,6.0,4.0,1.57,5.5,3.97,1.68,5.8,4.0,1.53,6.0,3.9,1.6,6.26,4.2,1.68,5.65,4.02,1.62,1.95,1.95,1.95,1.95,2.0,2.05,1.91,1.92,1.0,1.68,2.15,1.73,2.23,1.89,2.25,1.78,2.09,2324,,,,,,,,,,,,,,,,,,,,,,,,,,,,,,,,,,,,,,,,,,,,,,,,,,,,,,,,,,,,,,,,,,,,,,
E0,28/12/2023,19:30,Brighton,Tottenham,4,2,H,2,0,H,J Gillett,15,19,9,3,18,6,7,6,3,2,0,0,2.5,3.6,2.6,2.4,3.8,2.6,2.55,3.8,2.55,2.53,4.05,2.56,2.4,3.9,2.5,2.45,3.75,2.5,2.57,4.2,2.7,2.52,3.9,2.57,1.44,2.7,1.47,2.79,1.48,2.9,1.45,2.76,0.0,1.95,1.95,1.94,1.96,1.95,2.01,1.91,1.95,2.5,3.75,2.63,2.45,3.75,2.6,2.55,3.7,2.55,2.48,3.92,2.71,2.45,3.7,2.5,2.45,3.8,2.63,2.81,4.0,2.73,2.5,3.82,2.65,1.44,2.7,1.44,2.93,1.48,2.96,1.43,2.84,0.0,1.86,2.04,1.88,2.05,1.95,2.08,1.88,1.99,2324,,,,,,,,,,,,,,,,,,,,,,,,,,,,,,,,,,,,,,,,,,,,,,,,,,,,,,,,,,,,,,,,,,,,,,
E0,28/12/2023,20:15,Arsenal,West Ham,0,2,A,0,1,A,M Oliver,30,6,8,3,8,8,10,3,2,0,0,0,1.33,5.5,7.5,1.33,5.5,9.0,1.35,5.25,8.0,1.36,5.49,8.28,1.3,5.5,8.0,1.3,5.0,9.0,1.39,5.8,9.5,1.35,5.39,8.64,1.57,2.35,1.6,2.43,1.65,2.5,1.58,2.4,-1.5,2.03,1.87,2.02,1.88,2.05,1.91,2.0,1.87,1.29,6.0,9.5,1.28,6.0,10.0,1.3,6.0,9.5,1.29,6.09,10.81,1.25,5.8,9.5,1.29,5.75,10.0,1.33,6.25,11.0,1.3,5.97,10.13,1.57,2.35,1.61,2.45,1.62,2.69,1.55,2.48,-1.5,1.78,2.03,1.83,2.08,1.9,2.13,1.83,2.04,2324,,,,,,,,,,,,,,,,,,,,,,,,,,,,,,,,,,,,,,,,,,,,,,,,,,,,,,,,,,,,,,,,,,,,,,
E0,30/12/2023,12:30,Luton,Chelsea,2,3,A,0,2,A,P Tierney,15,12,6,8,14,21,7,2,2,2,0,0,6.5,4.2,1.5,5.75,4.4,1.53,5.75,4.5,1.53,6.05,4.65,1.52,5.8,4.4,1.5,6.0,4.2,1.5,6.5,4.8,1.56,6.04,4.53,1.53,1.65,2.2,1.66,2.3,1.71,2.34,1.66,2.27,1.0,2.03,1.87,2.05,1.87,2.07,1.9,2.01,1.86,5.25,4.33,1.57,5.5,4.4,1.55,5.25,4.3,1.63,5.55,4.6,1.58,5.5,4.33,1.53,5.5,4.33,1.57,5.9,4.7,1.63,5.5,4.46,1.58,1.57,2.35,1.62,2.41,1.64,2.53,1.6,2.39,1.0,1.95,1.98,1.96,1.96,2.0,2.0,1.93,1.94,2324,,,,,,,,,,,,,,,,,,,,,,,,,,,,,,,,,,,,,,,,,,,,,,,,,,,,,,,,,,,,,,,,,,,,,,
E0,30/12/2023,15:00,Aston Villa,Burnley,3,2,H,2,1,H,S Attwell,19,9,7,5,9,14,6,2,4,1,0,1,1.36,5.25,7.5,1.38,5.0,7.75,1.37,5.25,7.75,1.38,5.29,8.1,1.33,5.0,8.0,1.33,4.8,8.5,1.4,5.6,8.6,1.37,5.27,8.15,1.57,2.35,1.6,2.44,1.61,2.6,1.57,2.43,-1.5,2.06,1.84,2.08,1.84,2.09,1.9,2.03,1.84,1.36,5.25,7.0,1.39,5.0,7.25,1.43,5.0,6.75,1.41,5.3,7.94,1.33,5.0,8.0,1.36,5.0,8.5,1.46,5.35,8.5,1.4,5.17,7.55,1.5,2.5,1.53,2.64,1.55,2.68,1.51,2.59,-1.25,1.78,2.03,1.83,2.08,1.92,2.14,1.83,2.03,2324,,,,,,,,,,,,,,,,,,,,,,,,,,,,,,,,,,,,,,,,,,,,,,,,,,,,,,,,,,,,,,,,,,,,,,
E0,30/12/2023,15:00,Crystal Palace,Brentford,3,1,H,2,1,H,R Jones,13,9,6,4,14,10,7,4,0,1,0,0,2.2,3.3,3.4,2.2,3.25,3.3,2.25,3.3,3.3,2.22,3.3,3.58,2.15,3.4,3.2,2.15,3.2,3.4,2.31,3.5,3.65,2.23,3.33,3.43,2.15,1.67,2.2,1.72,2.23,1.77,2.17,1.71,-0.25,1.9,2.0,1.9,2.0,1.94,2.03,1.89,1.96,2.05,3.3,3.75,2.1,3.2,3.75,2.1,3.3,3.65,2.15,3.27,3.89,2.05,3.25,3.6,2.1,3.25,3.8,2.2,3.4,3.97,2.12,3.29,3.78,2.3,1.6,2.34,1.65,2.4,1.75,2.27,1.66,-0.25,1.82,2.11,1.84,2.1,1.84,2.14,1.81,2.07,2324,,,,,,,,,,,,,,,,,,,,,,,,,,,,,,,,,,,,,,,,,,,,,,,,,,,,,,,,,,,,,,,,,,,,,,
E0,30/12/2023,15:00,Man City,Sheffield United,2,0,H,1,0,H,D Coote,18,4,4,2,5,6,12,2,1,1,0,0,1.08,11.0,29.0,1.09,12.0,26.0,1.08,11.0,26.0,1.07,14.55,28.9,1.04,12.0,29.0,1.06,10.5,26.0,1.1,17.0,37.0,1.08,12.85,29.4,1.3,3.5,1.31,3.5,1.35,3.6,1.32,3.42,-2.75,2.01,1.89,1.94,1.93,2.06,1.95,1.97,1.88,1.08,13.0,19.0,1.09,12.0,26.0,1.1,10.0,22.0,1.07,14.0,36.0,1.04,13.0,26.0,1.06,13.0,34.0,1.1,14.7,42.0,1.08,12.46,30.83,1.3,3.5,1.3,3.58,1.36,3.66,1.32,3.37,-2.75,2.06,1.87,2.02,1.87,2.06,1.99,1.97,1.87,2324,,,,,,,,,,,,,,,,,,,,,,,,,,,,,,,,,,,,,,,,,,,,,,,,,,,,,,,,,,,,,,,,,,,,,,
E0,30/12/2023,15:00,Wolves,Everton,3,0,H,1,0,H,T Bramall,12,10,6,0,9,14,5,2,2,3,0,0,2.63,3.3,2.7,2.55,3.4,2.7,2.6,3.3,2.7,2.67,3.41,2.74,2.5,3.4,2.6,2.55,3.2,2.7,2.75,3.5,2.81,2.64,3.38,2.74,2.05,1.75,2.05,1.84,2.1,1.87,2.03,1.81,0.0,1.91,1.99,1.93,1.98,1.94,2.03,1.9,1.97,2.9,3.25,2.5,2.8,3.2,2.55,2.8,3.25,2.6,2.97,3.24,2.61,2.7,3.25,2.5,2.8,3.25,2.6,3.0,3.35,2.74,2.88,3.26,2.6,2.1,1.7,2.2,1.73,2.2,1.89,2.12,1.75,0.0,2.1,1.83,2.1,1.85,2.13,1.91,2.04,1.84,2324,,,,,,,,,,,,,,,,,,,,,,,,,,,,,,,,,,,,,,,,,,,,,,,,,,,,,,,,,,,,,,,,,,,,,,
E0,30/12/2023,17:30,Nott'm Forest,Man United,2,1,H,0,0,D,T Robinson,8,10,2,5,9,11,4,5,2,4,0,0,3.2,3.6,2.15,3.2,3.6,2.15,3.2,3.6,2.15,3.33,3.72,2.15,3.1,3.6,2.1,3.25,3.5,2.1,3.41,3.85,2.21,3.27,3.68,2.16,1.73,2.08,1.76,2.14,1.82,2.17,1.76,2.1,0.25,2.01,1.89,2.03,1.88,2.06,1.91,1.98,1.86,3.2,3.6,2.15,3.2,3.5,2.15,3.3,3.55,2.15,3.31,3.66,2.21,3.1,3.6,2.1,3.3,3.6,2.15,3.64,3.77,2.25,3.25,3.64,2.18,1.73,2.08,1.79,2.12,1.79,2.31,1.73,2.14,0.25,1.99,1.94,2.0,1.93,2.09,1.94,1.97,1.89,2324,,,,,,,,,,,,,,,,,,,,,,,,,,,,,,,,,,,,,,,,,,,,,,,,,,,,,,,,,,,,,,,,,,,,,,
E0,31/12/2023,14:00,Fulham,Arsenal,2,1,H,1,1,D,J Smith,15,13,4,3,11,10,5,4,4,1,0,0,5.25,4.5,1.55,5.5,4.1,1.58,5.5,4.3,1.57,5.94,4.29,1.57,5.5,4.2,1.53,5.75,4.0,1.53,6.2,4.5,1.62,5.74,4.29,1.57,1.73,2.08,1.77,2.13,1.83,2.16,1.76,2.1,1.0,1.91,1.99,1.93,1.98,1.94,2.02,1.9,1.97,6.0,4.0,1.57,5.75,4.1,1.57,5.75,4.2,1.57,5.78,4.22,1.61,6.0,4.2,1.5,6.0,4.2,1.55,6.66,4.53,1.63,5.92,4.22,1.58,1.85,2.05,1.83,2.06,1.88,2.13,1.81,2.04,1.0,1.89,2.04,1.87,2.06,2.02,2.07,1.89,1.98,2324,,,,,,,,,,,,,,,,,,,,,,,,,,,,,,,,,,,,,,,,,,,,,,,,,,,,,,,,,,,,,,,,,,,,,,
E0,31/12/2023,14:00,Tottenham,Bournemouth,3,1,H,1,0,H,S Hooper,12,24,6,4,9,18,4,13,3,3,0,0,1.75,4.2,4.0,1.75,4.2,4.0,1.8,4.3,3.9,1.77,4.42,4.08,1.7,4.2,4.0,1.73,4.1,4.0,1.82,4.5,4.25,1.78,4.33,4.04,1.4,2.88,1.4,3.05,1.43,3.07,1.4,2.96,-0.75,2.0,1.9,1.97,1.93,2.02,1.95,1.95,1.9,1.75,4.5,3.8,1.75,4.33,3.9,1.8,4.4,3.7,1.79,4.59,3.92,1.7,4.33,3.9,1.73,4.4,4.1,1.8,4.7,4.23,1.76,4.49,3.98,1.3,3.5,1.36,3.33,1.36,3.66,1.33,3.41,-0.75,1.98,1.95,2.0,1.93,2.0,2.0,1.93,1.93,2324,,,,,,,,,,,,,,,,,,,,,,,,,,,,,,,,,,,,,,,,,,,,,,,,,,,,,,,,,,,,,,,,,,,,,,
E0,01/01/2024,20:00,Liverpool,Newcastle,4,2,H,0,0,D,A Taylor,34,5,15,3,16,15,7,3,3,5,0,0,1.45,4.5,7.0,1.46,4.8,6.0,1.47,4.9,6.0,1.45,4.96,6.69,1.4,4.8,6.5,1.4,4.8,6.5,1.51,5.2,7.2,1.46,4.88,6.56,1.44,2.7,1.47,2.78,1.48,2.95,1.45,2.78,-1.25,1.99,1.91,1.96,1.94,2.0,1.96,1.95,1.9,1.36,5.25,7.5,1.37,5.5,7.25,1.4,4.9,7.5,1.38,5.7,7.75,1.33,5.5,7.5,1.33,5.5,8.0,1.44,5.75,8.0,1.38,5.47,7.49,1.36,3.1,1.37,3.26,1.41,3.35,1.38,3.12,-1.5,2.01,1.92,1.98,1.93,2.14,1.94,2.01,1.87,2324,,,,,,,,,,,,,,,,,,,,,,,,,,,,,,,,,,,,,,,,,,,,,,,,,,,,,,,,,,,,,,,,,,,,,,
E0,02/01/2024,19:30,West Ham,Brighton,0,0,D,0,0,D,S Barrott,6,22,2,8,4,6,2,0,1,0,0,0,2.45,3.75,2.75,2.4,3.7,2.7,2.45,3.7,2.7,2.52,3.68,2.74,2.38,3.7,2.6,2.38,3.5,2.7,2.57,3.89,2.81,2.47,3.7,2.73,1.6,2.3,1.63,2.38,1.66,2.42,1.62,2.34,0.0,1.85,2.05,1.88,2.04,1.89,2.08,1.85,2.03,3.1,3.5,2.2,3.0,3.6,2.2,2.95,3.6,2.3,3.19,3.65,2.27,2.9,3.7,2.15,3.1,3.6,2.2,3.2,3.8,2.63,3.03,3.63,2.3,1.7,2.1,1.74,2.2,1.74,2.38,1.67,2.25,0.25,1.94,1.99,1.94,1.98,1.95,2.06,1.87,1.99,2324,,,,,,,,,,,,,,,,,,,,,,,,,,,,,,,,,,,,,,,,,,,,,,,,,,,,,,,,,,,,,,,,,,,,,,
E0,12/01/2024,19:45,Burnley,Luton,1,1,D,1,0,H,T Harrington,13,14,7,5,7,12,2,8,1,0,0,0,2.0,3.6,3.6,2.0,3.5,3.6,,,,2.06,3.58,3.8,1.91,3.6,3.6,2.0,3.5,3.8,2.09,3.75,3.9,2.03,3.58,3.74,1.99,1.91,1.97,1.93,1.99,1.96,1.92,1.88,-0.5,2.06,1.84,2.07,1.87,2.09,1.87,2.03,1.85,2.15,3.4,3.4,2.1,3.4,3.4,,,,2.18,3.47,3.6,2.0,3.5,3.4,2.15,3.4,3.5,2.2,3.55,3.95,2.15,3.46,3.5,2.06,1.84,2.03,1.88,2.06,1.92,1.97,1.87,-0.25,1.87,2.03,1.88,2.06,1.88,2.11,1.83,2.03,2324,,,,,,,,,,,,,,,,,,,,,,,,,,,,,,,,,,,,,,,,,,,,,,,,,,,,,,,,,,,,,,,,,,,,,,
E0,13/01/2024,12:30,Chelsea,Fulham,1,0,H,1,0,H,A Taylor,17,14,3,4,13,9,6,4,5,1,0,0,1.6,4.2,5.25,1.58,4.33,5.25,,,,1.65,4.22,5.13,1.6,4.2,4.75,1.6,4.2,5.25,1.69,4.4,5.5,1.64,4.24,5.19,1.62,2.25,1.66,2.31,1.7,2.4,1.64,2.3,-1.0,2.08,1.82,2.12,1.79,2.14,1.84,2.07,1.81,1.62,4.2,5.25,1.63,4.1,5.0,,,,1.67,4.15,5.3,1.57,4.2,5.0,1.6,4.1,5.5,1.67,4.3,5.5,1.64,4.16,5.26,1.7,2.1,1.75,2.17,1.77,2.34,1.71,2.16,-1.0,2.11,1.82,2.12,1.81,2.16,1.85,2.08,1.8,2324,,,,,,,,,,,,,,,,,,,,,,,,,,,,,,,,,,,,,,,,,,,,,,,,,,,,,,,,,,,,,,,,,,,,,,
E0,13/01/2024,17:30,Newcastle,Man City,2,3,A,2,1,H,C Kavanagh,12,27,5,11,7,7,3,13,1,2,0,0,5.5,4.33,1.55,5.25,4.33,1.57,,,,5.63,4.53,1.56,5.5,4.33,1.53,5.5,4.1,1.53,5.75,4.63,1.6,5.5,4.47,1.57,1.6,2.3,1.62,2.39,1.65,2.48,1.61,2.35,1.0,1.92,1.98,1.94,1.96,1.95,1.99,1.92,1.94,4.5,4.0,1.7,4.6,4.0,1.68,,,,5.1,4.25,1.67,4.75,4.0,1.62,5.25,4.0,1.65,5.25,4.35,1.72,4.89,4.13,1.68,1.67,2.15,1.7,2.25,1.84,2.33,1.7,2.2,0.75,2.04,1.89,2.06,1.87,2.08,1.91,2.01,1.85,2324,,,,,,,,,,,,,,,,,,,,,,,,,,,,,,,,,,,,,,,,,,,,,,,,,,,,,,,,,,,,,,,,,,,,,,
E0,14/01/2024,14:00,Everton,Aston Villa,0,0,D,0,0,D,D Coote,10,16,2,5,13,14,4,5,1,4,0,0,2.8,3.5,2.45,2.8,3.6,2.35,,,,2.81,3.62,2.49,2.7,3.6,2.38,2.75,3.4,2.4,2.9,3.79,2.5,2.79,3.62,2.45,1.73,2.08,1.75,2.17,1.77,2.25,1.71,2.17,0.25,1.73,2.08,1.76,2.16,1.8,2.16,1.76,2.11,2.55,3.5,2.7,2.5,3.5,2.7,,,,2.55,3.61,2.79,2.38,3.6,2.62,2.55,3.5,2.7,2.81,3.65,2.88,2.55,3.54,2.75,1.7,2.1,1.74,2.21,1.77,2.28,1.71,2.17,0.0,1.88,2.05,1.88,2.06,1.94,2.06,1.86,2.02,2324,,,,,,,,,,,,,,,,,,,,,,,,,,,,,,,,,,,,,,,,,,,,,,,,,,,,,,,,,,,,,,,,,,,,,,
E0,14/01/2024,16:30,Man United,Tottenham,2,2,D,2,1,H,J Brooks,9,16,2,6,8,5,8,13,2,1,0,0,2.2,3.75,3.0,2.15,3.9,2.95,,,,2.22,3.97,3.01,2.15,3.9,2.88,2.15,3.75,2.9,2.26,4.1,3.08,2.2,3.93,3.0,1.48,2.6,1.48,2.76,1.49,2.82,1.47,2.72,-0.25,1.95,1.95,1.96,1.94,1.97,1.97,1.92,1.92,2.05,4.0,3.25,2.0,3.8,3.3,,,,1.99,4.02,3.59,2.0,4.0,3.1,2.0,3.9,3.4,2.15,4.15,3.59,2.04,3.97,3.34,1.48,2.6,1.51,2.71,1.51,2.97,1.47,2.72,-0.5,2.04,1.89,2.0,1.92,2.07,1.92,2.04,1.85,2324,,,,,,,,,,,,,,,,,,,,,,,,,,,,,,,,,,,,,,,,,,,,,,,,,,,,,,,,,,,,,,,,,,,,,,
E0,20/01/2024,12:30,Arsenal,Crystal Palace,5,0,H,2,0,H,P Tierney,21,12,6,5,8,12,6,7,0,0,0,0,1.3,5.75,9.0,1.3,5.5,10.5,,,,1.29,5.85,10.86,1.25,5.5,11.0,1.25,5.75,13.0,1.31,6.2,13.0,1.29,5.74,11.19,1.73,2.08,1.79,2.09,1.81,2.18,1.75,2.1,-1.5,1.91,1.99,1.92,1.99,1.96,2.02,1.89,1.98,1.25,6.0,12.0,1.27,5.5,11.5,,,,1.27,6.15,12.65,1.25,5.5,11.0,1.25,5.75,13.0,1.28,6.2,13.5,1.26,5.91,12.35,1.7,2.1,1.77,2.15,1.78,2.29,1.74,2.14,-1.5,1.78,2.03,1.85,2.08,1.85,2.12,1.83,2.05,2324,,,,,,,,,,,,,,,,,,,,,,,,,,,,,,,,,,,,,,,,,,,,,,,,,,,,,,,,,,,,,,,,,,,,,,
E0,20/01/2024,17:30,Brentford,Nott'm Forest,3,2,H,1,1,D,D England,11,12,5,3,10,14,6,4,1,3,0,0,1.91,3.6,4.0,1.93,3.6,3.75,,,,1.85,3.83,4.29,1.85,3.7,3.75,1.83,3.5,4.1,1.94,3.93,4.36,1.9,3.72,4.06,1.86,2.04,1.81,2.08,1.9,2.1,1.84,2.0,-0.5,1.89,2.01,1.85,2.06,1.94,2.06,1.89,1.98,1.75,3.75,4.75,1.75,3.7,4.6,,,,1.78,3.86,4.81,1.73,3.7,4.5,1.75,3.7,4.8,1.83,3.9,4.95,1.78,3.8,4.66,1.95,1.95,1.92,1.99,1.98,2.03,1.89,1.94,-0.75,1.99,1.91,2.01,1.92,2.07,1.93,1.99,1.86,2324,,,,,,,,,,,,,,,,,,,,,,,,,,,,,,,,,,,,,,,,,,,,,,,,,,,,,,,,,,,,,,,,,,,,,,
E0,21/01/2024,14:00,Sheffield United,West Ham,2,2,D,1,1,D,M Salisbury,21,16,6,5,11,10,4,1,3,1,1,1,3.4,3.3,2.2,3.4,3.4,2.15,,,,3.45,3.47,2.2,3.3,3.5,2.05,3.4,3.25,2.1,3.52,3.53,2.23,3.43,3.43,2.18,2.05,1.75,2.09,1.81,2.2,1.85,2.05,1.79,0.25,2.02,1.88,2.01,1.9,2.03,1.9,1.98,1.85,2.75,3.3,2.6,2.75,3.3,2.55,,,,2.82,3.35,2.67,2.7,3.5,2.4,2.8,3.3,2.55,3.21,3.5,2.67,2.83,3.34,2.56,2.03,1.87,2.0,1.91,2.14,1.93,2.0,1.83,0.0,2.02,1.91,2.02,1.91,2.12,1.91,2.02,1.85,2324,,,,,,,,,,,,,,,,,,,,,,,,,,,,,,,,,,,,,,,,,,,,,,,,,,,,,,,,,,,,,,,,,,,,,,
E0,21/01/2024,16:30,Bournemouth,Liverpool,0,4,A,0,0,D,A Madley,11,14,1,7,9,12,8,5,1,2,0,0,4.2,4.5,1.7,4.4,4.2,1.68,,,,4.41,4.36,1.72,4.2,4.2,1.67,4.4,4.0,1.67,4.5,4.5,1.77,4.38,4.37,1.71,1.44,2.7,1.5,2.68,1.51,2.75,1.47,2.68,0.75,1.99,1.91,1.99,1.92,1.99,1.92,1.95,1.87,4.33,4.5,1.67,4.33,4.33,1.68,,,,4.49,4.46,1.71,4.2,4.33,1.65,4.6,4.33,1.67,4.81,4.65,1.78,4.38,4.4,1.7,1.4,2.88,1.44,2.94,1.48,3.19,1.42,2.9,0.75,2.03,1.9,2.03,1.89,2.09,1.91,1.99,1.86,2324,,,,,,,,,,,,,,,,,,,,,,,,,,,,,,,,,,,,,,,,,,,,,,,,,,,,,,,,,,,,,,,,,,,,,,
E0,22/01/2024,19:45,Brighton,Wolves,0,0,D,0,0,D,C Pawson,11,8,4,3,10,13,8,2,1,4,0,0,1.65,4.33,5.0,1.66,4.2,4.6,,,,1.66,4.28,5.01,1.57,4.2,5.0,1.6,4.0,5.0,1.68,4.5,5.25,1.65,4.29,4.95,1.62,2.25,1.63,2.38,1.69,2.38,1.63,2.29,-1.0,2.05,1.75,2.12,1.78,2.12,1.82,2.07,1.79,1.62,4.0,5.0,1.65,4.1,4.8,,,,1.67,4.25,5.15,1.6,4.2,4.75,1.65,4.1,5.0,1.71,4.33,5.25,1.66,4.16,5.0,1.62,2.25,1.65,2.37,1.65,2.46,1.62,2.32,-0.75,1.84,2.09,1.85,2.09,1.9,2.11,1.82,2.03,2324,,,,,,,,,,,,,,,,,,,,,,,,,,,,,,,,,,,,,,,,,,,,,,,,,,,,,,,,,,,,,,,,,,,,,,
E0,30/01/2024,19:30,Nott'm Forest,Arsenal,1,2,A,0,0,D,S Hooper,9,19,3,3,6,7,2,11,0,1,0,0,7.5,5.0,1.4,7.5,5.0,1.39,,,,7.77,5.14,1.4,8.0,4.8,1.35,8.5,5.0,1.36,8.6,5.3,1.43,8.12,5.09,1.39,1.62,2.25,1.64,2.36,1.69,2.36,1.65,2.29,1.25,2.05,1.88,2.04,1.87,2.08,1.9,2.02,1.85,8.5,5.0,1.4,8.75,4.8,1.36,,,,9.02,5.14,1.38,8.5,4.8,1.33,9.5,5.0,1.33,9.52,5.3,1.41,8.78,5.04,1.38,1.75,2.05,1.79,2.11,1.83,2.3,1.73,2.15,1.5,1.78,2.03,1.81,2.12,1.88,2.14,1.8,2.08,2324,,,,,,,,,,,,,,,,,,,,,,,,,,,,,,,,,,,,,,,,,,,,,,,,,,,,,,,,,,,,,,,,,,,,,,
E0,30/01/2024,19:45,Fulham,Everton,0,0,D,0,0,D,T Bramall,25,21,6,4,6,13,15,6,1,2,0,0,2.45,3.2,3.0,2.4,3.25,2.95,,,,2.46,3.32,3.08,2.3,3.4,2.9,2.4,3.3,3.0,2.55,3.45,3.12,2.45,3.33,3.01,2.05,1.75,2.08,1.83,2.12,1.88,2.03,1.8,-0.25,2.1,1.83,2.11,1.81,2.13,1.86,2.08,1.8,2.25,3.2,3.5,2.2,3.2,3.4,,,,2.23,3.27,3.64,2.1,3.3,3.4,2.15,3.3,3.5,2.4,3.35,3.77,2.25,3.27,3.46,2.15,1.67,2.22,1.73,2.28,1.83,2.16,1.72,-0.25,1.93,2.0,1.91,2.01,1.94,2.04,1.9,1.96,2324,,,,,,,,,,,,,,,,,,,,,,,,,,,,,,,,,,,,,,,,,,,,,,,,,,,,,,,,,,,,,,,,,,,,,,
E0,30/01/2024,19:45,Luton,Brighton,4,0,H,3,0,H,R Jones,18,9,8,2,13,14,7,4,2,2,0,0,4.2,4.2,1.75,4.2,4.0,1.77,,,,4.43,4.06,1.78,4.0,4.0,1.73,4.5,3.9,1.75,4.53,4.2,1.82,4.34,4.09,1.78,1.65,2.2,1.66,2.3,1.71,2.36,1.65,2.28,0.75,1.91,2.02,1.93,1.97,1.93,2.03,1.88,1.96,4.0,4.0,1.8,4.1,3.9,1.8,,,,4.29,3.99,1.83,4.0,4.0,1.73,4.33,3.8,1.8,4.5,4.2,1.86,4.22,4.03,1.8,1.67,2.15,1.7,2.26,1.71,2.36,1.67,2.24,0.75,1.78,2.03,1.85,2.08,1.9,2.12,1.85,2.01,2324,,,,,,,,,,,,,,,,,,,,,,,,,,,,,,,,,,,,,,,,,,,,,,,,,,,,,,,,,,,,,,,,,,,,,,
E0,30/01/2024,20:00,Crystal Palace,Sheffield United,3,2,H,2,2,D,T Harrington,12,9,4,5,8,18,11,1,1,4,0,0,1.62,3.6,6.5,1.63,3.75,5.5,,,,1.64,3.93,5.81,1.6,3.75,5.5,1.62,3.8,6.0,1.68,3.99,6.5,1.64,3.87,5.92,2.08,1.73,2.09,1.79,2.16,1.82,2.09,1.77,-0.75,1.85,2.08,1.83,2.09,1.86,2.11,1.81,2.06,1.62,3.75,6.0,1.61,3.9,5.5,,,,1.61,4.01,6.2,1.57,3.9,5.5,1.57,3.9,6.5,1.65,4.2,6.52,1.61,3.95,6.02,2.07,1.83,2.04,1.87,2.11,1.92,2.0,1.85,-1.0,2.11,1.82,2.1,1.84,2.14,1.87,2.08,1.81,2324,,,,,,,,,,,,,,,,,,,,,,,,,,,,,,,,,,,,,,,,,,,,,,,,,,,,,,,,,,,,,,,,,,,,,,
E0,30/01/2024,20:15,Aston Villa,Newcastle,1,3,A,0,2,A,J Brooks,12,14,6,5,14,12,8,7,4,1,0,0,1.85,4.0,3.8,1.85,4.0,4.0,,,,1.85,4.05,4.02,1.83,3.9,3.6,1.83,4.0,3.9,1.91,4.3,4.1,1.86,4.07,3.92,1.5,2.5,1.53,2.61,1.54,2.69,1.51,2.57,-0.5,1.87,2.06,1.86,2.05,1.9,2.06,1.86,2.03,1.85,4.0,3.8,1.9,3.9,3.9,,,,1.86,4.08,4.06,1.83,4.0,3.6,1.85,3.9,4.0,1.96,4.1,4.1,1.88,4.02,3.89,1.57,2.35,1.58,2.5,1.61,2.63,1.56,2.47,-0.5,1.85,2.08,1.87,2.06,1.88,2.09,1.86,2.03,2324,,,,,,,,,,,,,,,,,,,,,,,,,,,,,,,,,,,,,,,,,,,,,,,,,,,,,,,,,,,,,,,,,,,,,,
E0,31/01/2024,19:30,Man City,Burnley,3,1,H,2,0,H,S Barrott,14,8,4,3,3,13,7,3,2,2,0,0,1.08,12.0,21.0,1.1,11.0,23.0,,,,1.11,12.41,18.6,1.06,11.0,23.0,1.07,10.0,26.0,1.12,13.0,34.0,1.1,11.19,24.13,1.33,3.4,1.32,3.44,1.36,3.45,1.34,3.31,-2.5,1.89,2.01,1.89,2.0,1.95,2.04,1.89,1.98,1.1,11.0,19.0,1.13,9.5,18.5,,,,1.11,11.5,23.0,1.06,11.0,23.0,1.1,10.5,23.0,1.14,13.0,26.0,1.11,10.59,22.43,1.33,3.4,1.34,3.45,1.35,3.66,1.33,3.38,-2.5,2.0,1.8,2.04,1.87,2.09,1.95,2.0,1.86,2324,,,,,,,,,,,,,,,,,,,,,,,,,,,,,,,,,,,,,,,,,,,,,,,,,,,,,,,,,,,,,,,,,,,,,,
E0,31/01/2024,19:30,Tottenham,Brentford,3,2,H,0,1,A,D Coote,19,9,5,5,13,15,5,3,2,3,0,0,1.67,4.2,4.75,1.55,4.5,5.25,,,,1.69,4.32,4.7,1.6,4.33,4.5,1.62,4.1,4.6,1.74,4.5,5.25,1.67,4.34,4.75,1.5,2.5,1.51,2.66,1.53,2.69,1.5,2.59,-0.75,1.85,2.05,1.88,2.03,1.9,2.08,1.83,2.03,1.6,4.33,5.0,1.61,4.4,4.8,,,,1.62,4.56,5.18,1.57,4.33,4.75,1.57,4.5,5.25,1.7,4.65,5.45,1.63,4.46,4.97,1.44,2.7,1.45,2.89,1.49,2.93,1.45,2.79,-1.0,2.0,1.9,2.0,1.92,2.15,1.96,2.02,1.86,2324,,,,,,,,,,,,,,,,,,,,,,,,,,,,,,,,,,,,,,,,,,,,,,,,,,,,,,,,,,,,,,,,,,,,,,
E0,31/01/2024,20:15,Liverpool,Chelsea,4,1,H,2,0,H,P Tierney,28,4,13,3,15,16,8,1,2,4,0,0,1.57,4.33,5.25,1.58,4.4,5.0,,,,1.58,4.64,5.29,1.53,4.6,4.8,1.53,4.33,5.25,1.62,4.87,5.5,1.58,4.61,5.15,1.44,2.7,1.46,2.81,1.48,2.93,1.45,2.77,-1.0,1.95,1.95,1.93,1.97,1.97,1.97,1.93,1.93,1.62,4.2,4.75,1.66,4.2,4.5,,,,1.66,4.46,4.89,1.55,4.5,4.75,1.62,4.33,5.0,1.73,4.6,5.25,1.65,4.4,4.84,1.48,2.6,1.49,2.73,1.57,2.75,1.47,2.68,-1.0,2.06,1.84,2.1,1.84,2.14,1.88,2.05,1.83,2324,,,,,,,,,,,,,,,,,,,,,,,,,,,,,,,,,,,,,,,,,,,,,,,,,,,,,,,,,,,,,,,,,,,,,,
E0,01/02/2024,19:30,West Ham,Bournemouth,1,1,D,0,1,A,T Robinson,9,9,3,4,13,11,1,5,1,3,0,0,2.4,3.75,2.75,2.35,3.7,2.75,,,,2.45,3.71,2.8,2.38,3.7,2.6,2.38,3.5,2.7,2.5,3.85,2.85,2.43,3.73,2.75,1.62,2.25,1.67,2.31,1.7,2.35,1.65,2.27,-0.25,2.08,1.73,2.14,1.78,2.16,1.83,2.09,1.76,2.38,3.6,2.8,2.37,3.5,2.8,,,,2.51,3.54,2.89,2.3,3.7,2.7,2.38,3.5,2.9,2.55,3.71,3.12,2.42,3.58,2.85,1.75,2.05,1.79,2.12,1.81,2.28,1.76,2.1,-0.25,2.05,1.75,2.17,1.78,2.19,1.87,2.08,1.78,2324,,,,,,,,,,,,,,,,,,,,,,,,,,,,,,,,,,,,,,,,,,,,,,,,,,,,,,,,,,,,,,,,,,,,,,
E0,01/02/2024,20:15,Wolves,Man United,3,4,A,0,2,A,J Gillett,16,21,7,8,10,10,4,5,2,5,0,0,2.63,3.6,2.55,2.7,3.6,2.4,,,,2.7,3.51,2.64,2.62,3.6,2.38,2.6,3.4,2.5,2.75,3.72,2.67,2.7,3.58,2.54,1.75,2.05,1.81,2.07,1.84,2.17,1.76,2.09,0.0,2.0,1.9,1.97,1.93,2.03,1.95,1.98,1.89,2.8,3.5,2.4,2.87,3.4,2.4,,,,3.01,3.46,2.46,2.8,3.5,2.3,3.0,3.4,2.38,3.13,3.6,2.5,2.92,3.5,2.43,1.9,2.0,1.89,1.98,1.92,2.03,1.87,1.98,0.25,1.83,2.1,1.82,2.13,1.86,2.15,1.79,2.09,2324,,,,,,,,,,,,,,,,,,,,,,,,,,,,,,,,,,,,,,,,,,,,,,,,,,,,,,,,,,,,,,,,,,,,,,
E0,03/02/2024,12:30,Everton,Tottenham,2,2,D,1,2,A,M Oliver,14,9,5,6,8,14,9,5,3,0,0,0,3.0,3.6,2.25,2.8,3.6,2.37,,,,2.97,3.71,2.34,2.75,3.7,2.25,3.0,3.6,2.3,3.05,3.89,2.38,2.94,3.69,2.34,1.62,2.25,1.66,2.32,1.68,2.38,1.64,2.29,0.25,1.89,2.04,1.86,2.05,1.89,2.06,1.84,2.01,3.0,3.75,2.2,3.1,3.6,2.2,,,,3.1,3.74,2.28,3.0,3.7,2.15,3.1,3.7,2.2,3.34,3.85,2.28,3.1,3.73,2.22,1.62,2.25,1.65,2.35,1.7,2.38,1.63,2.29,0.25,1.92,2.01,1.93,2.0,1.98,2.01,1.92,1.93,2324,,,,,,,,,,,,,,,,,,,,,,,,,,,,,,,,,,,,,,,,,,,,,,,,,,,,,,,,,,,,,,,,,,,,,,
E0,03/02/2024,15:00,Brighton,Crystal Palace,4,1,H,3,0,H,S Hooper,13,7,6,5,8,14,3,2,1,3,0,0,1.7,4.0,4.75,1.66,4.0,4.8,,,,1.71,4.04,4.85,1.6,4.0,5.0,1.67,3.8,4.75,1.75,4.25,5.0,1.7,4.07,4.82,1.73,2.08,1.76,2.14,1.79,2.19,1.73,2.14,-0.75,1.94,1.99,1.93,1.98,1.95,2.01,1.89,1.96,1.7,3.8,5.0,1.72,3.7,4.8,,,,1.74,3.82,5.23,1.62,3.9,5.0,1.7,3.7,5.5,1.79,3.93,5.5,1.72,3.81,5.17,2.06,1.84,2.06,1.85,2.1,1.9,2.01,1.84,-0.75,1.95,1.98,1.95,1.97,1.97,1.99,1.9,1.96,2324,,,,,,,,,,,,,,,,,,,,,,,,,,,,,,,,,,,,,,,,,,,,,,,,,,,,,,,,,,,,,,,,,,,,,,
E0,03/02/2024,15:00,Burnley,Fulham,2,2,D,0,2,A,D Bond,12,15,4,7,11,7,2,13,2,2,0,0,2.9,3.4,2.38,2.87,3.4,2.4,,,,2.98,3.5,2.43,2.88,3.5,2.25,2.9,3.25,2.38,3.0,3.6,2.5,2.94,3.45,2.43,1.99,1.91,1.97,1.92,2.0,1.97,1.93,1.9,0.25,1.83,2.1,1.82,2.11,1.83,2.12,1.79,2.06,2.9,3.3,2.4,2.85,3.25,2.5,,,,2.97,3.28,2.59,2.75,3.4,2.38,2.88,3.25,2.55,3.1,3.41,2.6,2.91,3.31,2.54,2.1,1.7,2.15,1.77,2.2,1.85,2.1,1.76,0.0,2.1,1.83,2.1,1.84,2.12,1.85,2.08,1.81,2324,,,,,,,,,,,,,,,,,,,,,,,,,,,,,,,,,,,,,,,,,,,,,,,,,,,,,,,,,,,,,,,,,,,,,,
E0,03/02/2024,15:00,Newcastle,Luton,4,4,D,2,2,D,T Bramall,19,11,6,8,13,16,8,2,2,2,0,0,1.44,4.75,6.5,1.42,4.8,6.75,,,,1.42,5.07,7.23,1.4,4.8,6.5,1.4,4.6,7.0,1.47,5.2,7.5,1.43,4.97,7.02,1.57,2.35,1.59,2.46,1.65,2.5,1.58,2.43,-1.25,1.95,1.98,1.94,1.96,1.97,1.98,1.93,1.93,1.53,4.5,5.5,1.55,4.4,5.5,,,,1.54,4.69,5.92,1.4,4.75,6.5,1.53,4.4,6.0,1.57,5.0,6.92,1.53,4.61,5.91,1.57,2.35,1.61,2.44,1.67,2.48,1.6,2.37,-1.0,1.91,2.02,1.91,2.02,1.94,2.27,1.88,2.01,2324,,,,,,,,,,,,,,,,,,,,,,,,,,,,,,,,,,,,,,,,,,,,,,,,,,,,,,,,,,,,,,,,,,,,,,
E0,03/02/2024,17:30,Sheffield United,Aston Villa,0,5,A,0,4,A,P Tierney,10,14,5,10,10,7,3,4,1,0,0,0,5.25,4.2,1.62,5.0,4.2,1.6,,,,5.02,4.36,1.65,5.0,4.2,1.57,5.25,4.0,1.6,5.4,4.42,1.69,5.1,4.29,1.63,1.62,2.25,1.64,2.35,1.68,2.38,1.63,2.31,1.0,1.83,2.1,1.8,2.1,1.85,2.1,1.81,2.07,5.0,4.2,1.62,5.0,4.1,1.63,,,,5.35,4.3,1.64,5.0,4.33,1.55,5.5,4.1,1.6,5.6,4.4,1.73,5.17,4.27,1.64,1.65,2.2,1.69,2.28,1.7,2.35,1.66,2.27,1.0,1.82,2.11,1.83,2.11,1.87,2.19,1.82,2.07,2324,,,,,,,,,,,,,,,,,,,,,,,,,,,,,,,,,,,,,,,,,,,,,,,,,,,,,,,,,,,,,,,,,,,,,,
E0,04/02/2024,14:00,Bournemouth,Nott'm Forest,1,1,D,1,1,D,R Welch,9,8,2,6,19,12,11,6,3,2,1,0,1.7,4.2,4.5,1.68,4.1,4.6,,,,1.71,4.2,4.68,1.65,4.0,4.5,1.65,3.9,4.75,1.75,4.3,5.0,1.7,4.15,4.65,1.65,2.2,1.69,2.26,1.71,2.33,1.65,2.26,-0.75,1.92,2.01,1.92,1.99,1.94,2.01,1.87,1.96,1.65,4.5,4.75,1.65,4.2,4.75,,,,1.66,4.37,5.01,1.6,4.2,4.75,1.65,4.2,4.8,1.72,4.5,5.2,1.66,4.34,4.93,1.57,2.35,1.61,2.44,1.67,2.5,1.59,2.4,-0.75,1.83,2.1,1.84,2.1,1.85,2.12,1.81,2.07,2324,,,,,,,,,,,,,,,,,,,,,,,,,,,,,,,,,,,,,,,,,,,,,,,,,,,,,,,,,,,,,,,,,,,,,,
E0,04/02/2024,14:00,Chelsea,Wolves,2,4,A,1,2,A,T Robinson,15,14,6,7,15,11,10,1,3,2,0,0,1.62,4.0,5.5,1.62,4.2,5.0,,,,1.63,4.29,5.27,1.57,4.2,5.0,1.57,4.0,5.25,1.66,4.4,5.6,1.63,4.22,5.24,1.7,2.1,1.71,2.21,1.75,2.25,1.69,2.19,-1.0,2.09,1.84,2.08,1.84,2.11,1.85,2.05,1.82,1.55,4.2,5.75,1.53,4.33,5.75,,,,1.54,4.63,6.02,1.44,4.5,6.0,1.5,4.4,6.5,1.59,4.63,6.5,1.54,4.48,5.92,1.57,2.35,1.63,2.39,1.63,2.49,1.6,2.37,-1.0,1.88,2.05,1.88,2.04,1.95,2.06,1.87,2.0,2324,,,,,,,,,,,,,,,,,,,,,,,,,,,,,,,,,,,,,,,,,,,,,,,,,,,,,,,,,,,,,,,,,,,,,,
E0,04/02/2024,14:00,Man United,West Ham,3,0,H,1,0,H,A Madley,12,22,5,3,10,5,5,8,0,1,0,0,1.62,4.2,5.0,1.68,4.1,4.75,,,,1.65,4.31,5.05,1.62,4.0,4.75,1.62,4.0,4.8,1.72,4.4,5.25,1.66,4.23,4.93,1.6,2.3,1.64,2.35,1.66,2.43,1.62,2.33,-0.75,1.82,2.11,1.83,2.1,1.88,2.12,1.8,2.05,1.55,4.33,5.5,1.55,4.33,5.75,,,,1.56,4.59,5.9,1.5,4.4,5.5,1.5,4.4,6.5,1.64,4.7,6.5,1.55,4.49,5.82,1.57,2.35,1.61,2.43,1.63,2.48,1.59,2.4,-1.0,1.9,2.03,1.93,2.0,2.02,2.06,1.89,1.99,2324,,,,,,,,,,,,,,,,,,,,,,,,,,,,,,,,,,,,,,,,,,,,,,,,,,,,,,,,,,,,,,,,,,,,,,
E0,04/02/2024,16:30,Arsenal,Liverpool,3,1,H,1,1,D,A Taylor,15,10,7,1,11,11,2,4,6,2,0,1,2.2,3.6,3.1,2.25,3.6,2.95,,,,2.24,3.72,3.15,2.15,3.75,2.9,2.15,3.5,3.1,2.32,3.8,3.24,2.25,3.67,3.07,1.67,2.15,1.69,2.26,1.73,2.33,1.67,2.23,-0.25,1.95,1.98,1.95,1.95,1.98,1.98,1.93,1.91,2.1,3.6,3.25,2.15,3.6,3.2,,,,2.2,3.75,3.26,2.25,3.5,2.9,2.15,3.6,3.25,2.3,3.78,3.3,2.21,3.65,3.2,1.67,2.15,1.71,2.25,1.76,2.38,1.7,2.2,-0.25,1.92,2.01,1.93,2.0,2.0,2.01,1.91,1.95,2324,,,,,,,,,,,,,,,,,,,,,,,,,,,,,,,,,,,,,,,,,,,,,,,,,,,,,,,,,,,,,,,,,,,,,,
E0,05/02/2024,20:00,Brentford,Man City,1,3,A,1,1,D,J Gillett,9,25,3,15,2,4,8,13,1,0,0,0,7.0,4.75,1.4,6.75,4.8,1.43,,,,7.44,5.09,1.41,7.0,5.0,1.36,7.5,4.8,1.36,7.8,5.2,1.46,7.17,4.99,1.42,1.57,2.35,1.58,2.48,1.6,2.52,1.57,2.42,1.25,1.99,1.94,1.99,1.91,2.02,1.95,1.95,1.89,7.5,5.25,1.4,7.0,5.25,1.4,,,,7.8,5.4,1.39,7.5,5.0,1.35,8.0,5.25,1.36,8.65,5.9,1.4,7.9,5.41,1.37,1.5,2.5,1.53,2.63,1.55,2.72,1.51,2.61,1.5,1.75,2.05,1.79,2.13,1.97,2.17,1.83,2.05,2324,,,,,,,,,,,,,,,,,,,,,,,,,,,,,,,,,,,,,,,,,,,,,,,,,,,,,,,,,,,,,,,,,,,,,,
E0,10/02/2024,12:30,Man City,Everton,2,0,H,0,0,D,J Brooks,19,5,3,1,6,11,9,0,0,2,0,0,1.18,8.0,13.0,1.22,7.0,11.5,,,,1.19,7.68,13.24,1.18,7.0,12.0,1.18,6.5,13.0,1.24,8.3,16.0,1.2,7.36,13.47,1.44,2.7,1.47,2.74,1.5,2.95,1.44,2.78,-2.0,2.1,1.83,2.07,1.83,2.13,1.95,2.01,1.86,1.2,7.0,13.0,1.27,6.25,9.75,,,,1.24,6.85,12.25,1.18,7.0,12.0,1.25,6.0,12.0,1.28,7.85,14.1,1.24,6.82,12.04,1.48,2.6,1.51,2.66,1.55,2.89,1.49,2.66,-1.75,2.04,1.89,2.0,1.9,2.06,2.13,1.94,1.92,2324,,,,,,,,,,,,,,,,,,,,,,,,,,,,,,,,,,,,,,,,,,,,,,,,,,,,,,,,,,,,,,,,,,,,,,
E0,10/02/2024,15:00,Fulham,Bournemouth,3,1,H,2,0,H,D England,7,25,6,4,11,11,1,14,1,2,0,0,2.38,3.5,2.8,2.3,3.5,2.9,,,,2.46,3.6,2.87,2.25,3.6,2.8,2.38,3.4,2.8,2.47,3.74,3.05,2.4,3.58,2.88,1.73,2.08,1.77,2.14,1.79,2.18,1.74,2.12,-0.25,2.13,1.81,2.13,1.79,2.13,1.84,2.07,1.79,2.55,3.5,2.63,2.5,3.4,2.7,,,,2.64,3.5,2.76,2.38,3.5,2.7,2.55,3.5,2.7,2.69,3.69,2.91,2.56,3.53,2.75,1.75,2.05,1.82,2.08,1.9,2.19,1.78,2.07,0.0,1.92,2.01,1.92,2.01,1.92,2.07,1.88,2.0,2324,,,,,,,,,,,,,,,,,,,,,,,,,,,,,,,,,,,,,,,,,,,,,,,,,,,,,,,,,,,,,,,,,,,,,,
E0,10/02/2024,15:00,Liverpool,Burnley,3,1,H,1,1,D,T Robinson,25,9,10,4,11,13,9,3,3,2,0,0,1.17,8.0,17.0,1.17,8.0,15.0,,,,1.16,8.71,15.08,1.14,8.0,15.0,1.13,8.0,15.0,1.18,9.5,18.5,1.16,8.4,15.8,1.33,3.4,1.32,3.47,1.35,3.52,1.33,3.37,-2.25,2.03,1.9,2.0,1.89,2.05,1.95,1.97,1.88,1.18,8.0,17.0,1.17,8.0,14.5,,,,1.16,9.27,15.41,1.12,8.0,17.0,1.13,8.5,19.0,1.18,9.5,19.0,1.16,8.52,16.31,1.3,3.5,1.31,3.57,1.35,3.7,1.32,3.47,-2.25,1.99,1.94,1.98,1.93,2.04,1.97,1.95,1.91,2324,,,,,,,,,,,,,,,,,,,,,,,,,,,,,,,,,,,,,,,,,,,,,,,,,,,,,,,,,,,,,,,,,,,,,,
E0,10/02/2024,15:00,Luton,Sheffield United,1,3,A,0,2,A,C Kavanagh,20,7,5,3,7,12,13,1,1,2,0,0,1.75,3.75,4.75,1.75,3.75,4.5,,,,1.79,3.85,4.6,1.7,3.9,4.4,1.73,3.6,4.6,1.83,4.02,4.75,1.77,3.88,4.59,1.85,2.05,1.88,2.02,1.89,2.13,1.83,2.02,-0.75,2.03,1.9,2.04,1.88,2.04,1.92,1.98,1.88,1.7,3.9,4.75,1.71,3.9,4.6,,,,1.72,4.05,4.96,1.67,3.8,4.75,1.7,3.9,5.0,1.75,4.1,5.1,1.71,3.98,4.87,1.8,2.0,1.81,2.08,1.85,2.12,1.78,2.05,-0.75,1.94,1.99,1.93,1.99,1.95,2.02,1.89,1.96,2324,,,,,,,,,,,,,,,,,,,,,,,,,,,,,,,,,,,,,,,,,,,,,,,,,,,,,,,,,,,,,,,,,,,,,,
E0,10/02/2024,15:00,Tottenham,Brighton,2,1,H,0,1,A,S Barrott,16,6,6,3,14,13,9,6,2,3,0,0,1.8,4.2,3.8,1.85,4.1,3.7,,,,1.81,4.35,3.92,1.8,4.2,3.6,1.75,4.0,3.9,1.85,4.5,4.01,1.82,4.31,3.84,1.4,2.88,1.4,3.08,1.41,3.17,1.38,3.02,-0.75,2.06,1.87,2.04,1.88,2.08,1.92,2.02,1.84,1.73,4.33,4.0,1.77,4.33,3.8,,,,1.72,4.64,4.27,1.7,4.4,3.9,1.73,4.33,4.2,1.79,4.66,4.28,1.74,4.51,4.09,1.33,3.4,1.35,3.38,1.36,3.5,1.34,3.34,-0.75,1.92,2.01,1.9,2.03,1.98,2.03,1.9,1.96,2324,,,,,,,,,,,,,,,,,,,,,,,,,,,,,,,,,,,,,,,,,,,,,,,,,,,,,,,,,,,,,,,,,,,,,,
E0,10/02/2024,15:00,Wolves,Brentford,0,2,A,0,1,A,S Hooper,17,9,5,6,11,9,7,4,2,3,0,0,2.1,3.6,3.4,2.15,3.6,3.2,,,,2.14,3.65,3.42,2.0,3.6,3.4,2.05,3.5,3.3,2.17,3.84,3.7,2.12,3.66,3.38,1.75,2.05,1.76,2.15,1.83,2.17,1.76,2.09,-0.25,1.86,2.07,1.87,2.05,1.87,2.12,1.82,2.04,2.2,3.5,3.2,2.2,3.5,3.2,,,,2.27,3.54,3.28,2.05,3.6,3.2,2.2,3.5,3.25,2.28,3.75,3.45,2.2,3.58,3.27,1.84,2.06,1.83,2.08,1.85,2.14,1.79,2.08,-0.25,1.94,1.99,1.97,1.95,1.97,2.02,1.9,1.96,2324,,,,,,,,,,,,,,,,,,,,,,,,,,,,,,,,,,,,,,,,,,,,,,,,,,,,,,,,,,,,,,,,,,,,,,
E0,10/02/2024,17:30,Nott'm Forest,Newcastle,2,3,A,2,2,D,A Taylor,13,7,3,5,9,6,4,4,1,2,0,0,3.3,3.75,2.05,3.3,3.6,2.1,,,,3.29,3.81,2.14,3.2,3.7,2.05,3.3,3.5,2.05,3.41,3.84,2.19,3.3,3.71,2.13,1.7,2.1,1.72,2.21,1.77,2.27,1.71,2.16,0.25,2.07,1.86,2.03,1.88,2.07,1.89,2.0,1.84,3.2,3.75,2.1,3.1,3.75,2.1,,,,3.32,3.79,2.16,3.1,3.75,2.05,3.3,3.7,2.1,3.39,3.9,2.21,3.24,3.77,2.15,1.62,2.25,1.68,2.29,1.69,2.45,1.64,2.3,0.25,2.04,1.89,2.08,1.89,2.09,1.91,2.0,1.86,2324,,,,,,,,,,,,,,,,,,,,,,,,,,,,,,,,,,,,,,,,,,,,,,,,,,,,,,,,,,,,,,,,,,,,,,
E0,11/02/2024,14:00,West Ham,Arsenal,0,6,A,0,4,A,C Pawson,5,25,1,12,17,11,2,6,4,0,0,0,6.0,4.33,1.53,5.5,4.2,1.57,,,,5.95,4.4,1.56,5.5,4.33,1.5,6.0,4.1,1.5,6.4,4.6,1.59,5.81,4.38,1.55,1.67,2.15,1.72,2.2,1.73,2.29,1.67,2.22,1.0,1.95,1.95,1.97,1.93,2.0,1.95,1.94,1.91,6.0,4.2,1.53,6.0,4.2,1.53,,,,6.25,4.4,1.56,5.8,4.2,1.5,6.5,4.33,1.5,6.75,4.6,1.59,6.31,4.34,1.53,1.88,2.02,1.89,2.01,1.92,2.09,1.82,2.03,1.0,1.95,1.98,1.98,1.94,2.09,2.02,1.98,1.9,2324,,,,,,,,,,,,,,,,,,,,,,,,,,,,,,,,,,,,,,,,,,,,,,,,,,,,,,,,,,,,,,,,,,,,,,
E0,11/02/2024,16:30,Aston Villa,Man United,1,2,A,0,1,A,R Jones,23,17,10,5,9,7,10,8,3,2,0,0,2.15,3.75,3.1,2.15,3.75,3.1,,,,2.16,3.91,3.18,2.1,3.8,3.0,2.1,3.6,3.1,2.22,4.01,3.25,2.17,3.83,3.11,1.53,2.4,1.57,2.52,1.58,2.55,1.55,2.46,-0.25,1.92,2.01,1.9,2.0,1.97,2.01,1.89,1.95,2.15,3.8,3.1,2.1,3.8,3.1,,,,2.18,3.93,3.18,2.0,3.8,3.2,2.15,3.8,3.1,2.27,4.0,3.25,2.16,3.89,3.13,1.5,2.5,1.52,2.66,1.53,2.74,1.5,2.62,-0.25,1.9,2.03,1.92,2.01,1.94,2.03,1.88,1.98,2324,,,,,,,,,,,,,,,,,,,,,,,,,,,,,,,,,,,,,,,,,,,,,,,,,,,,,,,,,,,,,,,,,,,,,,
E0,12/02/2024,20:00,Crystal Palace,Chelsea,1,3,A,1,0,H,M Oliver,13,14,4,5,14,7,1,7,2,2,0,0,4.2,3.8,1.85,4.1,3.6,1.87,,,,4.25,3.86,1.85,3.9,3.7,1.83,4.2,3.6,1.8,4.5,3.94,1.88,4.2,3.8,1.84,1.86,2.04,1.86,2.03,1.88,2.07,1.83,2.0,0.5,2.07,1.86,2.06,1.85,2.07,1.87,2.03,1.84,4.75,4.0,1.7,4.75,3.8,1.71,,,,5.04,3.99,1.72,4.6,3.9,1.67,5.0,3.8,1.7,5.26,4.11,1.75,4.91,3.97,1.71,1.86,2.04,1.86,2.05,1.9,2.11,1.83,2.02,0.75,1.95,1.98,1.99,1.93,1.99,2.0,1.95,1.91,2324,,,,,,,,,,,,,,,,,,,,,,,,,,,,,,,,,,,,,,,,,,,,,,,,,,,,,,,,,,,,,,,,,,,,,,
E0,17/02/2024,12:30,Brentford,Liverpool,1,4,A,0,1,A,M Oliver,15,15,6,8,4,18,1,6,2,1,0,0,5.5,4.33,1.57,5.0,4.4,1.6,,,,5.27,4.59,1.59,5.5,4.33,1.5,5.25,4.2,1.55,5.5,4.75,1.64,5.24,4.52,1.59,1.48,2.6,1.5,2.67,1.53,2.72,1.5,2.61,1.0,1.91,1.99,1.93,1.97,1.95,2.02,1.91,1.95,4.75,4.2,1.67,4.6,4.33,1.65,,,,4.85,4.45,1.66,5.0,4.2,1.57,5.0,4.4,1.62,5.09,4.62,1.69,4.82,4.4,1.65,1.44,2.7,1.47,2.81,1.5,3.01,1.45,2.78,1.0,1.75,2.05,1.79,2.18,1.9,2.19,1.81,2.08,2324,,,,,,,,,,,,,,,,,,,,,,,,,,,,,,,,,,,,,,,,,,,,,,,,,,,,,,,,,,,,,,,,,,,,,,
E0,17/02/2024,15:00,Burnley,Arsenal,0,5,A,0,2,A,J Gillett,8,16,0,7,11,8,4,6,2,1,0,0,10.0,5.75,1.29,9.25,5.75,1.3,,,,9.78,5.73,1.31,10.0,5.5,1.29,10.5,5.25,1.25,11.0,6.1,1.34,9.94,5.73,1.31,1.57,2.35,1.62,2.39,1.65,2.46,1.6,2.37,1.5,1.99,1.91,1.99,1.92,2.03,1.93,1.98,1.89,10.0,5.75,1.29,10.0,5.75,1.29,,,,10.32,6.08,1.29,9.0,5.5,1.29,11.0,6.0,1.25,11.5,6.42,1.33,10.38,5.94,1.29,1.53,2.4,1.56,2.54,1.62,2.56,1.57,2.45,1.5,2.03,1.78,2.06,1.83,2.12,1.91,2.04,1.83,2324,,,,,,,,,,,,,,,,,,,,,,,,,,,,,,,,,,,,,,,,,,,,,,,,,,,,,,,,,,,,,,,,,,,,,,
E0,17/02/2024,15:00,Fulham,Aston Villa,1,2,A,0,1,A,L Smith,15,12,4,3,11,6,4,4,5,2,0,0,2.9,3.75,2.2,2.87,3.7,2.25,,,,2.97,3.76,2.32,2.88,3.7,2.2,2.9,3.6,2.2,3.08,3.9,2.35,2.94,3.77,2.29,1.6,2.3,1.66,2.32,1.67,2.42,1.62,2.33,0.25,1.88,2.02,1.88,2.03,1.9,2.05,1.86,1.99,2.9,3.75,2.25,2.95,3.7,2.25,,,,3.1,3.74,2.28,2.88,3.7,2.2,3.0,3.7,2.25,3.1,3.85,2.5,2.95,3.72,2.3,1.6,2.3,1.63,2.4,1.73,2.4,1.62,2.33,0.25,1.91,1.99,1.93,2.0,1.95,2.12,1.86,1.99,2324,,,,,,,,,,,,,,,,,,,,,,,,,,,,,,,,,,,,,,,,,,,,,,,,,,,,,,,,,,,,,,,,,,,,,,
E0,17/02/2024,15:00,Newcastle,Bournemouth,2,2,D,0,0,D,M Salisbury,17,12,5,7,9,22,4,2,1,3,0,0,1.83,4.2,3.75,1.8,4.1,3.9,,,,1.87,4.15,3.84,1.75,4.2,3.7,1.8,3.9,3.75,1.9,4.27,4.01,1.85,4.16,3.83,1.48,2.6,1.49,2.7,1.5,2.79,1.47,2.68,-0.5,1.85,2.05,1.88,2.03,1.88,2.05,1.85,2.02,1.95,4.0,3.4,2.0,3.8,3.3,,,,2.0,3.94,3.64,1.95,3.9,3.3,2.0,3.8,3.5,2.06,4.1,3.66,1.99,3.93,3.5,1.53,2.4,1.59,2.49,1.61,2.69,1.53,2.53,-0.5,2.02,1.88,2.01,1.92,2.06,1.92,2.01,1.87,2324,,,,,,,,,,,,,,,,,,,,,,,,,,,,,,,,,,,,,,,,,,,,,,,,,,,,,,,,,,,,,,,,,,,,,,
E0,17/02/2024,15:00,Nott'm Forest,West Ham,2,0,H,1,0,H,T Bramall,19,10,8,3,13,15,5,3,4,4,0,1,2.38,3.5,2.9,2.4,3.5,2.8,,,,2.47,3.5,2.92,2.3,3.5,2.8,2.38,3.3,2.88,2.5,3.64,3.02,2.43,3.51,2.9,1.89,2.01,1.89,2.0,1.91,2.04,1.85,1.99,-0.25,2.09,1.81,2.13,1.79,2.13,1.83,2.08,1.79,2.25,3.6,3.2,2.25,3.5,3.1,,,,2.29,3.54,3.24,2.25,3.5,2.9,2.25,3.4,3.2,2.32,3.61,3.34,2.27,3.52,3.17,1.86,2.04,1.88,2.03,1.94,2.06,1.87,1.97,-0.25,1.97,1.93,1.98,1.94,2.01,1.96,1.96,1.9,2324,,,,,,,,,,,,,,,,,,,,,,,,,,,,,,,,,,,,,,,,,,,,,,,,,,,,,,,,,,,,,,,,,,,,,,
E0,17/02/2024,15:00,Tottenham,Wolves,1,2,A,0,1,A,A Taylor,15,12,4,7,8,13,10,4,0,1,0,0,1.53,4.75,5.25,1.57,4.5,5.0,,,,1.55,4.87,5.36,1.5,4.6,5.5,1.5,4.4,5.5,1.58,4.9,5.6,1.55,4.75,5.37,1.44,2.7,1.43,2.91,1.45,2.98,1.43,2.82,-1.0,1.87,2.03,1.88,2.04,1.9,2.05,1.86,2.01,1.5,5.0,5.25,1.52,4.75,5.5,,,,1.51,5.01,5.84,1.44,4.8,5.5,1.5,4.75,6.0,1.58,5.13,6.0,1.52,4.89,5.57,1.4,2.88,1.4,3.12,1.42,3.12,1.4,3.0,-1.0,1.75,2.05,1.81,2.12,1.88,2.15,1.81,2.06,2324,,,,,,,,,,,,,,,,,,,,,,,,,,,,,,,,,,,,,,,,,,,,,,,,,,,,,,,,,,,,,,,,,,,,,,
E0,17/02/2024,17:30,Man City,Chelsea,1,1,D,0,1,A,A Madley,31,9,5,6,7,12,12,1,1,3,0,0,1.33,5.5,8.0,1.35,5.5,7.75,,,,1.34,5.71,8.37,1.3,5.5,8.0,1.3,5.25,8.5,1.37,6.0,9.05,1.35,5.64,8.22,1.44,2.7,1.45,2.84,1.49,2.84,1.46,2.73,-1.5,1.98,1.92,1.97,1.93,2.0,1.95,1.94,1.92,1.33,6.0,7.5,1.33,5.75,7.75,,,,1.31,6.6,8.75,1.29,5.8,8.0,1.29,6.0,9.5,1.36,6.6,9.5,1.33,6.01,8.28,1.33,3.4,1.35,3.48,1.39,3.48,1.35,3.28,-1.5,1.87,2.03,1.87,2.06,1.97,2.16,1.88,1.99,2324,,,,,,,,,,,,,,,,,,,,,,,,,,,,,,,,,,,,,,,,,,,,,,,,,,,,,,,,,,,,,,,,,,,,,,
E0,18/02/2024,14:00,Sheffield United,Brighton,0,5,A,0,2,A,S Attwell,6,24,1,10,3,5,5,10,1,4,1,0,5.0,4.2,1.62,4.75,4.1,1.65,,,,4.99,4.4,1.64,4.5,4.2,1.62,5.0,4.0,1.6,5.15,4.5,1.68,4.92,4.3,1.65,1.57,2.35,1.58,2.47,1.63,2.48,1.57,2.42,1.0,1.82,2.08,1.88,2.03,1.88,2.11,1.81,2.06,4.5,4.33,1.67,4.6,4.2,1.66,,,,4.91,4.32,1.68,4.5,4.2,1.62,5.0,4.1,1.65,5.15,4.45,1.72,4.81,4.25,1.68,1.57,2.35,1.59,2.46,1.62,2.58,1.58,2.43,0.75,2.07,1.86,2.06,1.87,2.12,1.89,2.03,1.84,2324,,,,,,,,,,,,,,,,,,,,,,,,,,,,,,,,,,,,,,,,,,,,,,,,,,,,,,,,,,,,,,,,,,,,,,
E0,18/02/2024,16:30,Luton,Man United,1,2,A,1,2,A,D Coote,22,21,4,9,7,21,8,6,3,5,0,0,4.0,4.0,1.8,3.8,3.9,1.85,,,,4.17,4.13,1.81,3.9,4.0,1.75,4.1,3.9,1.75,4.34,4.25,1.87,4.07,4.09,1.81,1.57,2.35,1.56,2.54,1.64,2.54,1.58,2.41,0.75,1.85,2.05,1.88,2.03,1.88,2.06,1.84,1.99,4.2,4.2,1.75,4.0,4.0,1.78,,,,4.32,4.14,1.79,4.0,4.0,1.73,4.2,4.1,1.75,4.32,4.39,1.84,4.14,4.12,1.8,1.5,2.5,1.55,2.61,1.59,2.69,1.53,2.54,0.75,1.9,2.03,1.9,2.02,1.93,2.06,1.86,2.0,2324,,,,,,,,,,,,,,,,,,,,,,,,,,,,,,,,,,,,,,,,,,,,,,,,,,,,,,,,,,,,,,,,,,,,,,
E0,19/02/2024,20:00,Everton,Crystal Palace,1,1,D,0,0,D,P Tierney,19,10,4,4,8,12,3,6,0,2,0,0,1.7,3.6,5.25,1.75,3.5,5.0,,,,1.72,3.79,5.26,1.67,3.6,5.0,1.67,3.5,5.25,1.77,3.82,5.5,1.73,3.68,5.12,2.1,1.7,2.14,1.76,2.24,1.77,2.16,1.7,-0.75,1.92,1.98,1.93,1.98,1.98,1.98,1.92,1.91,1.8,3.4,5.0,1.82,3.4,4.6,,,,1.83,3.49,5.06,1.7,3.6,4.75,1.8,3.4,5.0,1.85,3.6,5.25,1.81,3.49,4.98,2.3,1.6,2.38,1.64,2.43,1.67,2.33,1.62,-0.75,2.05,1.75,2.1,1.81,2.14,1.83,2.06,1.8,2324,,,,,,,,,,,,,,,,,,,,,,,,,,,,,,,,,,,,,,,,,,,,,,,,,,,,,,,,,,,,,,,,,,,,,,
E0,20/02/2024,19:30,Man City,Brentford,1,0,H,0,0,D,D England,25,6,11,2,12,6,10,1,2,4,0,0,1.18,8.0,13.0,1.19,7.75,13.5,,,,1.17,8.67,15.04,1.15,7.0,15.0,1.15,8.0,17.0,1.19,8.9,18.0,1.18,8.12,15.16,1.33,3.4,1.34,3.36,1.37,3.4,1.34,3.26,-2.0,1.78,2.03,1.79,2.11,1.84,2.14,1.81,2.07,1.18,7.5,13.0,1.19,7.5,12.0,,,,1.18,8.5,15.0,1.14,8.0,15.0,1.17,7.5,17.0,1.21,8.5,17.0,1.19,7.81,14.24,1.36,3.1,1.38,3.17,1.4,3.3,1.37,3.16,-2.0,1.9,2.03,1.89,2.02,1.95,2.06,1.88,2.0,2324,,,,,,,,,,,,,,,,,,,,,,,,,,,,,,,,,,,,,,,,,,,,,,,,,,,,,,,,,,,,,,,,,,,,,,
E0,21/02/2024,19:30,Liverpool,Luton,4,1,H,0,1,A,A Madley,29,12,13,3,15,14,13,4,1,4,0,0,1.2,7.0,13.0,1.19,7.75,13.0,,,,1.19,7.94,12.93,1.14,8.0,13.0,1.17,7.0,13.0,1.23,8.3,15.0,1.2,7.72,13.14,1.3,3.5,1.32,3.44,1.33,3.75,1.3,3.51,-2.0,1.88,2.02,1.87,2.02,1.91,2.06,1.87,2.0,1.29,6.0,8.0,1.29,6.25,8.75,,,,1.25,6.93,10.47,1.18,6.5,11.0,1.25,6.5,10.5,1.31,7.5,12.0,1.27,6.68,10.07,1.36,3.1,1.35,3.33,1.39,3.4,1.37,3.16,-1.75,2.01,1.89,1.95,1.95,2.04,2.05,1.92,1.94,2324,,,,,,,,,,,,,,,,,,,,,,,,,,,,,,,,,,,,,,,,,,,,,,,,,,,,,,,,,,,,,,,,,,,,,,
E0,24/02/2024,15:00,Aston Villa,Nott'm Forest,4,2,H,3,1,H,S Barrott,16,10,6,3,7,16,7,2,1,2,0,0,1.53,4.5,5.75,1.55,4.5,5.5,,,,1.57,4.52,5.55,1.44,4.6,5.8,1.53,4.2,5.5,1.6,4.7,6.1,1.55,4.54,5.63,1.57,2.35,1.6,2.43,1.62,2.49,1.57,2.42,-1.0,1.95,1.95,1.95,1.95,1.97,2.0,1.91,1.95,1.57,4.5,5.25,1.58,4.5,5.0,,,,1.61,4.51,5.37,1.5,4.4,5.5,1.55,4.33,5.75,1.61,4.6,6.0,1.58,4.51,5.39,1.5,2.5,1.52,2.64,1.56,2.69,1.51,2.56,-1.0,1.99,1.91,2.0,1.92,2.02,1.96,1.95,1.92,2324,,,,,,,,,,,,,,,,,,,,,,,,,,,,,,,,,,,,,,,,,,,,,,,,,,,,,,,,,,,,,,,,,,,,,,
E0,24/02/2024,15:00,Brighton,Everton,1,1,D,0,0,D,T Harrington,23,6,7,3,9,14,11,3,2,3,1,0,1.83,3.8,4.2,1.88,3.75,3.9,,,,1.82,4.04,4.2,1.8,3.9,3.75,1.8,3.7,4.0,1.88,4.16,4.35,1.84,3.93,4.1,1.65,2.2,1.67,2.3,1.71,2.32,1.67,2.24,-0.5,1.84,2.06,1.82,2.09,1.88,2.09,1.83,2.05,1.83,3.8,4.0,1.85,3.9,3.8,,,,1.87,3.98,4.1,1.8,3.9,3.75,1.8,3.9,4.2,1.95,4.05,4.23,1.87,3.93,4.0,1.6,2.3,1.65,2.36,1.69,2.44,1.63,2.32,-0.5,1.85,2.05,1.88,2.05,1.93,2.09,1.87,2.01,2324,,,,,,,,,,,,,,,,,,,,,,,,,,,,,,,,,,,,,,,,,,,,,,,,,,,,,,,,,,,,,,,,,,,,,,
E0,24/02/2024,15:00,Crystal Palace,Burnley,3,0,H,0,0,D,L Smith,15,2,6,0,8,13,12,3,3,1,0,1,1.95,3.5,4.0,2.0,3.4,3.8,,,,2.03,3.45,3.98,1.91,3.5,3.75,1.95,3.25,3.9,2.06,3.6,4.1,2.01,3.46,3.92,2.1,1.7,2.19,1.74,2.2,1.79,2.12,1.74,-0.5,2.02,1.88,2.04,1.88,2.04,1.91,2.0,1.87,1.95,3.5,4.0,2.0,3.4,3.8,,,,1.98,3.54,4.13,1.91,3.5,3.8,1.95,3.4,4.1,2.06,3.58,4.19,2.0,3.44,4.0,2.1,1.7,2.17,1.76,2.27,1.77,2.15,1.73,-0.5,1.98,1.92,1.99,1.93,2.06,1.93,2.01,1.87,2324,,,,,,,,,,,,,,,,,,,,,,,,,,,,,,,,,,,,,,,,,,,,,,,,,,,,,,,,,,,,,,,,,,,,,,
E0,24/02/2024,15:00,Man United,Fulham,1,2,A,0,0,D,M Oliver,21,17,9,5,6,11,10,9,2,5,0,0,1.57,4.33,5.5,1.55,4.4,5.25,,,,1.61,4.48,5.21,1.5,4.4,5.5,1.55,4.2,5.25,1.63,4.6,5.6,1.58,4.47,5.33,1.57,2.35,1.6,2.44,1.63,2.5,1.57,2.43,-1.0,2.0,1.9,2.02,1.89,2.04,1.96,1.96,1.9,1.65,4.33,5.0,1.63,4.2,4.8,,,,1.65,4.26,5.24,1.53,4.4,5.0,1.65,4.2,5.0,1.73,4.4,5.24,1.65,4.27,5.0,1.53,2.4,1.58,2.51,1.61,2.62,1.55,2.48,-0.75,1.75,2.05,1.83,2.11,1.9,2.14,1.8,2.06,2324,,,,,,,,,,,,,,,,,,,,,,,,,,,,,,,,,,,,,,,,,,,,,,,,,,,,,,,,,,,,,,,,,,,,,,
E0,24/02/2024,17:30,Bournemouth,Man City,0,1,A,0,1,A,J Gillett,13,15,4,6,14,6,3,8,2,2,0,0,7.0,5.25,1.4,6.5,5.0,1.42,,,,7.2,5.14,1.42,6.5,5.0,1.4,7.0,4.8,1.36,7.5,5.5,1.46,6.96,5.16,1.42,1.48,2.6,1.53,2.62,1.54,2.8,1.49,2.64,1.25,1.99,1.91,1.99,1.92,2.02,1.95,1.97,1.88,7.0,4.5,1.44,6.0,5.0,1.46,,,,6.75,5.2,1.45,6.5,4.8,1.4,6.5,4.6,1.45,7.56,5.2,1.5,6.53,4.89,1.46,1.48,2.6,1.49,2.73,1.54,2.78,1.49,2.65,1.25,1.92,1.98,1.93,2.0,1.95,2.09,1.86,2.0,2324,,,,,,,,,,,,,,,,,,,,,,,,,,,,,,,,,,,,,,,,,,,,,,,,,,,,,,,,,,,,,,,,,,,,,,
E0,24/02/2024,20:00,Arsenal,Newcastle,4,1,H,2,0,H,P Tierney,18,3,8,2,15,6,9,0,1,0,0,0,1.36,5.25,8.0,1.38,5.25,7.25,,,,1.4,5.32,7.33,1.33,5.5,7.0,1.33,5.0,8.0,1.42,5.53,8.0,1.38,5.34,7.53,1.48,2.6,1.5,2.67,1.53,2.78,1.48,2.67,-1.5,2.06,1.84,2.06,1.85,2.08,1.88,2.04,1.84,1.36,5.5,7.5,1.36,5.5,7.5,,,,1.36,5.75,8.2,1.33,5.5,7.5,1.33,5.5,8.0,1.4,5.9,9.1,1.35,5.63,8.17,1.44,2.7,1.45,2.87,1.5,2.96,1.46,2.76,-1.5,2.01,1.89,2.02,1.91,2.04,1.94,1.97,1.9,2324,,,,,,,,,,,,,,,,,,,,,,,,,,,,,,,,,,,,,,,,,,,,,,,,,,,,,,,,,,,,,,,,,,,,,,
E0,25/02/2024,13:30,Wolves,Sheffield United,1,0,H,1,0,H,D Bond,13,12,2,4,8,4,5,6,2,1,0,0,1.44,4.75,7.0,1.41,4.5,6.25,,,,1.43,4.66,7.0,1.44,4.6,6.0,1.4,4.4,7.0,1.5,4.9,7.5,1.46,4.69,6.86,1.65,2.2,1.65,2.25,1.72,2.34,1.66,2.26,-1.25,2.04,1.86,2.0,1.86,2.08,1.91,2.01,1.84,1.45,4.5,7.0,1.42,4.4,6.5,,,,1.49,4.65,6.92,1.44,4.4,6.5,1.44,4.6,7.5,1.52,4.7,7.5,1.48,4.53,6.85,1.73,2.08,1.77,2.14,1.81,2.2,1.73,2.1,-1.0,1.73,2.08,1.79,2.13,1.83,2.15,1.79,2.1,2324,,,,,,,,,,,,,,,,,,,,,,,,,,,,,,,,,,,,,,,,,,,,,,,,,,,,,,,,,,,,,,,,,,,,,,
E0,26/02/2024,20:00,West Ham,Brentford,4,2,H,2,1,H,S Hooper,17,14,6,8,5,9,1,7,1,2,0,0,2.5,3.5,2.75,2.45,3.6,2.7,,,,2.57,3.68,2.68,2.45,3.5,2.6,2.45,3.4,2.7,2.61,3.76,2.85,2.5,3.6,2.73,1.7,2.1,1.72,2.21,1.77,2.22,1.72,2.12,0.0,1.88,2.02,1.91,2.0,1.92,2.04,1.86,2.0,2.3,3.6,3.0,2.35,3.5,2.9,,,,2.33,3.6,3.12,2.3,3.5,2.8,2.3,3.5,3.0,2.42,3.65,3.16,2.36,3.53,3.01,1.75,2.05,1.8,2.11,1.85,2.14,1.77,2.06,-0.25,2.01,1.89,2.03,1.9,2.06,1.9,2.02,1.85,2324,,,,,,,,,,,,,,,,,,,,,,,,,,,,,,,,,,,,,,,,,,,,,,,,,,,,,,,,,,,,,,,,,,,,,,
E0,02/03/2024,15:00,Brentford,Chelsea,2,2,D,0,1,A,J Gillett,14,17,5,6,10,9,0,6,3,1,0,0,3.1,3.75,2.15,3.0,3.75,2.2,,,,3.04,3.95,2.21,3.1,3.75,2.2,3.0,3.7,2.15,3.2,4.0,2.23,3.07,3.86,2.19,1.53,2.4,1.57,2.51,1.58,2.55,1.54,2.48,0.25,1.98,1.92,1.95,1.95,1.99,1.95,1.94,1.89,3.25,3.6,2.15,3.1,3.7,2.15,,,,3.28,3.74,2.2,3.2,3.75,2.2,3.25,3.6,2.15,3.43,3.8,2.23,3.23,3.72,2.18,1.62,2.25,1.67,2.33,1.67,2.4,1.63,2.32,0.25,2.0,1.9,2.0,1.92,2.05,1.94,1.98,1.88,2324,,,,,,,,,,,,,,,,,,,,,,,,,,,,,,,,,,,,,,,,,,,,,,,,,,,,,,,,,,,,,,,,,,,,,,
E0,02/03/2024,15:00,Everton,West Ham,1,3,A,0,0,D,C Pawson,22,12,11,5,9,6,4,5,1,2,0,0,2.05,3.6,3.5,2.05,3.4,3.6,,,,2.1,3.57,3.62,2.1,3.6,3.4,2.05,3.4,3.4,2.14,3.72,3.67,2.09,3.57,3.52,1.92,1.98,1.93,1.96,1.95,2.01,1.87,1.95,-0.25,1.82,2.08,1.82,2.1,1.86,2.12,1.8,2.06,2.15,3.6,3.3,2.1,3.5,3.4,,,,2.17,3.56,3.49,2.1,3.5,3.6,2.15,3.4,3.4,2.23,3.65,3.61,2.13,3.53,3.45,1.95,1.95,1.95,1.95,1.99,2.0,1.9,1.92,-0.25,1.85,2.05,1.88,2.04,1.91,2.07,1.83,2.02,2324,,,,,,,,,,,,,,,,,,,,,,,,,,,,,,,,,,,,,,,,,,,,,,,,,,,,,,,,,,,,,,,,,,,,,,
E0,02/03/2024,15:00,Fulham,Brighton,3,0,H,2,0,H,S Hooper,12,15,5,5,16,10,2,6,1,2,0,0,2.55,3.6,2.63,2.65,3.6,2.5,,,,2.6,3.59,2.7,2.62,3.7,2.62,2.5,3.5,2.55,2.65,3.85,2.71,2.59,3.64,2.62,1.62,2.25,1.65,2.33,1.69,2.38,1.64,2.31,0.0,1.91,1.99,1.92,1.99,1.96,2.0,1.92,1.95,2.55,3.4,2.8,2.55,3.4,2.7,,,,2.62,3.44,2.81,2.6,3.5,2.75,2.55,3.4,2.75,2.62,3.6,2.89,2.56,3.49,2.76,1.89,2.01,1.83,2.05,1.91,2.15,1.79,2.04,0.0,1.87,2.03,1.89,2.04,1.92,2.06,1.87,2.0,2324,,,,,,,,,,,,,,,,,,,,,,,,,,,,,,,,,,,,,,,,,,,,,,,,,,,,,,,,,,,,,,,,,,,,,,
E0,02/03/2024,15:00,Newcastle,Wolves,3,0,H,2,0,H,T Robinson,14,12,7,3,8,11,3,5,0,1,0,0,1.91,4.0,3.6,1.9,3.8,3.7,,,,1.89,4.01,3.89,1.87,3.9,3.75,1.85,3.75,3.75,1.94,4.1,4.04,1.9,3.95,3.8,1.57,2.35,1.6,2.44,1.65,2.45,1.59,2.39,-0.5,1.91,1.99,1.9,2.01,1.94,2.01,1.89,1.98,1.73,4.2,4.33,1.71,4.0,4.4,,,,1.73,4.28,4.58,1.8,4.0,4.2,1.7,4.2,4.5,1.8,4.35,4.8,1.74,4.19,4.47,1.53,2.4,1.56,2.58,1.58,2.62,1.54,2.52,-0.75,1.91,1.99,1.93,2.0,2.0,2.0,1.91,1.95,2324,,,,,,,,,,,,,,,,,,,,,,,,,,,,,,,,,,,,,,,,,,,,,,,,,,,,,,,,,,,,,,,,,,,,,,
E0,02/03/2024,15:00,Nott'm Forest,Liverpool,0,1,A,0,0,D,P Tierney,8,22,2,2,11,12,3,12,2,2,0,0,6.0,4.33,1.53,5.5,4.6,1.52,,,,5.69,4.73,1.54,5.5,4.6,1.53,5.5,4.4,1.5,6.1,4.85,1.58,5.63,4.67,1.54,1.48,2.6,1.51,2.64,1.52,2.73,1.48,2.65,1.0,2.02,1.88,2.03,1.88,2.06,1.92,2.01,1.86,5.25,4.33,1.6,5.0,4.33,1.6,,,,5.41,4.51,1.6,4.75,4.4,1.62,5.5,4.4,1.55,5.55,4.6,1.66,5.23,4.44,1.6,1.53,2.4,1.55,2.6,1.58,2.61,1.53,2.54,1.0,1.9,2.0,1.92,2.01,1.95,2.09,1.89,1.98,2324,,,,,,,,,,,,,,,,,,,,,,,,,,,,,,,,,,,,,,,,,,,,,,,,,,,,,,,,,,,,,,,,,,,,,,
E0,02/03/2024,15:00,Tottenham,Crystal Palace,3,1,H,0,0,D,J Brooks,14,4,6,1,7,16,11,1,1,2,0,0,1.5,4.33,6.5,1.47,4.6,6.25,,,,1.52,4.51,6.26,1.5,4.4,6.0,1.45,4.5,6.0,1.55,5.0,7.5,1.49,4.66,6.26,1.53,2.4,1.57,2.51,1.55,2.61,1.52,2.48,-1.25,2.05,1.75,2.1,1.8,2.12,1.88,2.04,1.81,1.53,4.5,5.75,1.53,4.5,5.5,,,,1.54,4.6,6.11,1.53,4.5,6.0,1.5,4.5,6.0,1.57,4.75,6.5,1.53,4.58,5.93,1.48,2.6,1.49,2.73,1.56,2.74,1.5,2.62,-1.0,1.87,2.03,1.88,2.04,1.91,2.06,1.86,2.02,2324,,,,,,,,,,,,,,,,,,,,,,,,,,,,,,,,,,,,,,,,,,,,,,,,,,,,,,,,,,,,,,,,,,,,,,
E0,02/03/2024,17:30,Luton,Aston Villa,2,3,A,0,2,A,M Oliver,13,12,5,8,8,19,8,6,1,4,0,0,4.33,4.2,1.73,4.1,4.1,1.77,,,,4.34,4.44,1.72,4.2,4.2,1.73,4.33,4.1,1.67,4.5,4.5,1.78,4.29,4.3,1.74,1.44,2.7,1.46,2.83,1.48,2.86,1.46,2.73,0.75,1.98,1.92,1.99,1.91,1.99,1.94,1.94,1.9,4.33,4.33,1.7,4.2,4.2,1.71,,,,4.55,4.5,1.7,4.4,4.33,1.73,4.6,4.33,1.67,4.8,4.6,1.73,4.5,4.41,1.7,1.44,2.7,1.47,2.83,1.47,2.85,1.44,2.74,0.75,2.02,1.88,2.04,1.89,2.06,1.91,2.0,1.86,2324,,,,,,,,,,,,,,,,,,,,,,,,,,,,,,,,,,,,,,,,,,,,,,,,,,,,,,,,,,,,,,,,,,,,,,
E0,03/03/2024,13:00,Burnley,Bournemouth,0,2,A,0,1,A,D Coote,20,10,6,3,8,13,7,2,2,4,0,0,3.75,3.6,1.95,3.7,3.75,1.93,,,,3.79,3.83,1.96,3.6,3.8,1.91,3.7,3.6,1.9,3.89,3.93,2.02,3.72,3.78,1.96,1.7,2.1,1.74,2.18,1.76,2.28,1.71,2.18,0.5,1.93,1.97,1.93,1.97,1.95,2.01,1.91,1.95,3.6,3.6,2.0,3.5,3.7,2.0,,,,3.8,3.8,1.99,3.5,3.8,2.05,3.7,3.7,1.95,3.83,3.85,2.05,3.66,3.74,2.01,1.67,2.15,1.7,2.27,1.71,2.29,1.66,2.23,0.5,1.9,2.0,1.93,2.0,1.93,2.05,1.88,2.0,2324,,,,,,,,,,,,,,,,,,,,,,,,,,,,,,,,,,,,,,,,,,,,,,,,,,,,,,,,,,,,,,,,,,,,,,
E0,03/03/2024,15:30,Man City,Man United,3,1,H,0,1,A,A Madley,27,3,8,1,5,10,15,2,0,1,0,0,1.25,5.75,11.0,1.26,6.25,10.0,,,,1.27,6.39,10.06,1.25,6.5,10.0,1.22,6.0,11.0,1.29,6.72,11.3,1.27,6.33,10.06,1.36,3.1,1.39,3.08,1.41,3.17,1.38,3.04,-1.75,1.92,1.98,1.92,1.97,1.97,2.0,1.9,1.93,1.25,6.5,9.5,1.28,6.25,9.25,,,,1.24,7.2,10.75,1.25,6.0,9.0,1.25,6.5,11.0,1.29,7.5,12.0,1.26,6.76,10.21,1.36,3.1,1.35,3.28,1.38,3.3,1.36,3.17,-1.75,1.98,1.95,1.88,2.05,2.02,2.05,1.89,1.97,2324,,,,,,,,,,,,,,,,,,,,,,,,,,,,,,,,,,,,,,,,,,,,,,,,,,,,,,,,,,,,,,,,,,,,,,
E0,04/03/2024,20:00,Sheffield United,Arsenal,0,6,A,0,5,A,S Barrott,4,22,0,10,11,4,0,7,1,0,0,0,17.0,7.0,1.18,15.5,7.75,1.18,,,,16.74,8.18,1.16,15.0,8.0,1.15,17.0,7.5,1.13,19.0,8.6,1.19,16.28,7.82,1.17,1.4,2.88,1.45,2.81,1.46,3.0,1.42,2.85,2.0,2.05,1.85,2.08,1.83,2.08,1.85,2.04,1.83,13.0,7.5,1.18,15.0,7.0,1.19,,,,17.5,7.75,1.18,15.0,7.0,1.18,19.0,7.5,1.15,19.0,8.6,1.2,16.8,7.57,1.18,1.53,2.4,1.54,2.58,1.56,2.75,1.51,2.58,2.0,1.9,2.0,1.91,1.99,2.02,2.05,1.95,1.93,2324,,,,,,,,,,,,,,,,,,,,,,,,,,,,,,,,,,,,,,,,,,,,,,,,,,,,,,,,,,,,,,,,,,,,,,
E0,09/03/2024,12:30,Man United,Everton,2,0,H,2,0,H,S Hooper,15,23,8,6,13,11,5,8,1,2,0,0,1.83,3.6,4.0,1.82,3.9,4.0,,,,1.84,3.93,4.2,1.85,3.9,3.8,1.83,3.8,4.1,1.94,4.05,4.4,1.85,3.89,4.09,1.67,2.15,1.69,2.25,1.74,2.29,1.68,2.23,-0.5,1.87,2.06,1.85,2.06,1.88,2.08,1.85,2.03,1.91,3.75,3.8,1.9,3.7,3.8,,,,1.95,3.74,4.01,1.95,3.6,3.7,1.9,3.7,3.9,1.95,3.95,4.32,1.91,3.77,3.99,1.73,2.08,1.78,2.13,1.78,2.21,1.74,2.14,-0.5,1.95,1.98,1.96,1.96,1.97,2.02,1.92,1.96,2324,,,,,,,,,,,,,,,,,,,,,,,,,,,,,,,,,,,,,,,,,,,,,,,,,,,,,,,,,,,,,,,,,,,,,,
E0,09/03/2024,15:00,Bournemouth,Sheffield United,2,2,D,0,1,A,A Taylor,32,13,12,9,12,11,10,3,3,5,0,0,1.33,5.25,8.0,1.35,5.25,8.0,,,,1.35,5.55,8.52,1.33,5.5,8.5,1.3,5.25,9.0,1.38,5.8,9.4,1.34,5.51,8.58,1.53,2.4,1.56,2.52,1.58,2.63,1.53,2.52,-1.5,2.01,1.92,2.01,1.9,2.01,1.96,1.96,1.91,1.33,5.5,7.5,1.34,5.5,8.0,,,,1.34,5.79,8.51,1.35,5.0,8.5,1.3,5.75,9.5,1.38,5.9,9.5,1.35,5.64,8.41,1.4,2.88,1.47,2.79,1.5,2.96,1.44,2.82,-1.5,1.93,2.0,1.93,1.98,1.96,2.01,1.92,1.96,2324,,,,,,,,,,,,,,,,,,,,,,,,,,,,,,,,,,,,,,,,,,,,,,,,,,,,,,,,,,,,,,,,,,,,,,
E0,09/03/2024,15:00,Crystal Palace,Luton,1,1,D,1,0,H,S Singh,21,8,4,2,20,11,8,6,2,3,0,0,1.75,3.8,4.2,1.77,3.8,4.4,,,,1.77,3.95,4.58,1.73,3.9,4.4,1.73,3.7,4.5,1.83,4.02,4.7,1.78,3.89,4.49,1.75,2.05,1.79,2.1,1.85,2.11,1.79,2.05,-0.75,2.04,1.89,2.01,1.9,2.04,1.92,1.99,1.86,1.91,3.75,3.8,1.87,3.6,4.0,,,,1.92,3.76,4.12,1.85,3.8,3.9,1.85,3.6,4.2,1.95,3.85,4.5,1.89,3.76,4.11,1.85,2.05,1.87,2.04,1.9,2.08,1.83,2.02,-0.5,1.93,2.0,1.93,1.99,1.97,2.04,1.9,1.98,2324,,,,,,,,,,,,,,,,,,,,,,,,,,,,,,,,,,,,,,,,,,,,,,,,,,,,,,,,,,,,,,,,,,,,,,
E0,09/03/2024,15:00,Wolves,Fulham,2,1,H,0,0,D,T Harrington,8,23,3,6,7,11,3,4,2,2,0,0,2.5,3.4,2.75,2.5,3.5,2.7,,,,2.52,3.46,2.88,2.6,3.3,2.7,2.45,3.3,2.75,2.63,3.62,2.92,2.54,3.45,2.79,1.95,1.95,1.92,1.97,1.95,2.0,1.9,1.94,0.0,1.82,2.08,1.83,2.1,1.89,2.1,1.83,2.04,2.4,3.4,2.88,2.45,3.3,2.85,,,,2.56,3.44,2.89,2.4,3.5,2.8,2.5,3.4,2.8,2.61,3.55,3.05,2.49,3.44,2.88,1.91,1.99,1.95,1.95,1.95,2.03,1.9,1.94,0.0,1.82,2.08,1.85,2.09,1.86,2.17,1.79,2.1,2324,,,,,,,,,,,,,,,,,,,,,,,,,,,,,,,,,,,,,,,,,,,,,,,,,,,,,,,,,,,,,,,,,,,,,,
E0,09/03/2024,17:30,Arsenal,Brentford,2,1,H,1,1,D,R Jones,17,9,6,4,9,10,10,4,2,4,0,0,1.22,7.0,11.0,1.23,6.75,12.0,,,,1.23,6.96,11.44,1.2,7.0,12.0,1.2,6.5,12.0,1.27,7.3,14.0,1.23,6.84,12.02,1.44,2.7,1.45,2.82,1.48,2.86,1.44,2.78,-1.75,1.89,2.04,1.88,2.01,1.89,2.08,1.85,2.02,1.2,7.0,13.0,1.23,6.75,11.5,,,,1.22,7.5,13.0,1.2,6.5,13.0,1.2,7.0,13.0,1.25,8.0,15.0,1.21,7.14,13.36,1.4,2.88,1.42,2.96,1.48,3.05,1.42,2.91,-2.0,2.03,1.78,2.09,1.81,2.14,1.98,2.02,1.85,2324,,,,,,,,,,,,,,,,,,,,,,,,,,,,,,,,,,,,,,,,,,,,,,,,,,,,,,,,,,,,,,,,,,,,,,
E0,10/03/2024,13:00,Aston Villa,Tottenham,0,4,A,0,0,D,C Kavanagh,10,9,1,5,11,15,6,4,0,2,1,0,2.38,4.0,2.6,2.35,4.0,2.6,,,,2.47,3.98,2.65,2.38,4.2,2.5,2.38,3.8,2.55,2.49,4.26,2.7,2.42,4.08,2.62,1.36,3.1,1.39,3.16,1.39,3.39,1.36,3.19,0.0,1.86,2.07,1.88,2.03,1.92,2.07,1.86,2.02,2.4,4.0,2.6,2.45,3.9,2.55,,,,2.55,3.86,2.66,2.45,3.7,2.6,2.45,3.9,2.6,2.55,4.1,2.75,2.48,3.9,2.62,1.36,3.1,1.42,3.04,1.42,3.23,1.38,3.06,0.0,1.9,2.03,1.92,2.01,1.92,2.04,1.88,1.99,2324,,,,,,,,,,,,,,,,,,,,,,,,,,,,,,,,,,,,,,,,,,,,,,,,,,,,,,,,,,,,,,,,,,,,,,
E0,10/03/2024,14:00,Brighton,Nott'm Forest,1,0,H,1,0,H,M Salisbury,10,9,3,4,14,14,6,3,4,4,0,0,1.8,4.0,4.0,1.73,4.0,4.33,,,,1.81,4.01,4.26,1.75,4.0,4.2,1.75,3.75,4.2,1.84,4.21,4.5,1.78,4.04,4.25,1.62,2.25,1.65,2.32,1.68,2.38,1.62,2.32,-0.75,2.06,1.87,2.05,1.86,2.06,1.91,1.99,1.85,1.62,4.2,4.75,1.63,4.2,4.8,,,,1.63,4.39,5.3,1.62,4.0,4.8,1.62,4.2,5.25,1.82,4.45,5.4,1.64,4.3,5.08,1.57,2.35,1.6,2.46,1.61,2.51,1.59,2.4,-0.75,1.75,2.05,1.79,2.13,2.03,2.2,1.79,2.08,2324,,,,,,,,,,,,,,,,,,,,,,,,,,,,,,,,,,,,,,,,,,,,,,,,,,,,,,,,,,,,,,,,,,,,,,
E0,10/03/2024,14:00,West Ham,Burnley,2,2,D,0,2,A,D England,22,11,4,4,11,18,4,4,2,4,0,0,1.67,4.0,4.75,1.65,4.1,5.0,,,,1.69,4.06,5.04,1.65,4.0,4.8,1.62,3.9,5.0,1.71,4.26,5.2,1.67,4.08,4.97,1.7,2.1,1.76,2.15,1.79,2.2,1.72,2.15,-0.75,1.89,2.04,1.88,2.02,1.91,2.06,1.84,2.0,1.65,4.0,5.0,1.66,3.9,5.0,,,,1.66,4.08,5.43,1.65,4.2,5.0,1.65,3.9,5.25,1.68,4.3,5.7,1.65,4.08,5.31,1.85,2.05,1.87,2.04,1.9,2.16,1.81,2.05,-0.75,1.85,2.08,1.85,2.08,1.87,2.13,1.81,2.06,2324,,,,,,,,,,,,,,,,,,,,,,,,,,,,,,,,,,,,,,,,,,,,,,,,,,,,,,,,,,,,,,,,,,,,,,
E0,10/03/2024,15:45,Liverpool,Man City,1,1,D,0,1,A,M Oliver,19,10,6,6,6,10,7,4,0,3,0,0,3.0,3.75,2.2,2.9,3.75,2.2,,,,3.02,3.8,2.28,2.9,3.8,2.2,2.88,3.7,2.2,3.15,4.0,2.34,2.95,3.83,2.25,1.5,2.5,1.54,2.59,1.54,2.75,1.5,2.59,0.25,1.93,2.0,1.91,2.0,1.93,2.02,1.88,1.95,3.4,3.8,2.05,3.25,3.8,2.05,,,,3.48,3.9,2.06,3.4,3.8,2.1,3.4,3.9,2.0,3.63,4.05,2.2,3.4,3.88,2.05,1.48,2.6,1.47,2.77,1.52,2.88,1.47,2.71,0.5,1.86,2.07,1.86,2.07,1.88,2.15,1.83,2.06,2324,,,,,,,,,,,,,,,,,,,,,,,,,,,,,,,,,,,,,,,,,,,,,,,,,,,,,,,,,,,,,,,,,,,,,,
E0,11/03/2024,20:00,Chelsea,Newcastle,3,2,H,1,1,D,J Brooks,12,11,8,3,12,7,0,4,3,1,0,0,1.91,4.0,3.6,1.87,4.0,3.6,,,,1.96,4.07,3.59,1.85,4.2,3.5,1.9,3.8,3.5,1.98,4.26,3.7,1.94,4.08,3.54,1.44,2.7,1.49,2.74,1.49,2.82,1.46,2.71,-0.5,1.98,1.95,1.96,1.93,1.99,2.0,1.95,1.92,1.8,4.0,3.75,1.85,4.0,3.7,,,,1.85,4.31,3.91,1.91,4.2,3.7,1.83,4.1,3.9,1.91,4.31,4.15,1.85,4.17,3.84,1.44,2.7,1.45,2.89,1.46,2.93,1.44,2.83,-0.75,2.08,1.85,2.07,1.84,2.13,1.87,2.06,1.81,2324,,,,,,,,,,,,,,,,,,,,,,,,,,,,,,,,,,,,,,,,,,,,,,,,,,,,,,,,,,,,,,,,,,,,,,
E0,13/03/2024,19:30,Bournemouth,Luton,4,3,H,0,3,A,S Allison,24,8,10,4,16,11,11,3,1,2,0,0,1.5,4.75,5.75,1.5,4.6,5.75,,,,1.51,4.71,6.18,1.44,4.8,5.8,1.45,4.6,6.0,1.55,4.98,6.4,1.5,4.77,6.0,1.44,2.7,1.48,2.75,1.49,2.82,1.47,2.71,-1.25,2.05,1.85,2.06,1.85,2.09,1.9,2.03,1.83,1.53,4.75,5.5,1.51,4.8,5.5,,,,1.53,4.89,5.69,1.53,4.8,5.5,1.5,4.8,5.5,1.57,5.0,6.0,1.52,4.87,5.65,1.4,2.88,1.41,3.04,1.43,3.1,1.4,2.99,-1.0,1.84,2.06,1.85,2.09,1.87,2.13,1.82,2.07,2324,,,,,,,,,,,,,,,,,,,,,,,,,,,,,,,,,,,,,,,,,,,,,,,,,,,,,,,,,,,,,,,,,,,,,,
E0,16/03/2024,15:00,Burnley,Brentford,2,1,H,1,0,H,D Bond,17,9,6,5,14,17,5,4,2,4,0,1,3.25,3.6,2.15,3.2,3.6,2.15,,,,3.23,3.72,2.2,3.2,3.7,2.1,3.25,3.5,2.1,3.41,3.8,2.21,3.27,3.66,2.16,1.75,2.05,1.78,2.12,1.8,2.17,1.75,2.1,0.25,1.99,1.91,1.98,1.92,2.0,1.94,1.96,1.87,3.1,3.75,2.2,3.1,3.5,2.25,,,,3.18,3.65,2.28,3.1,3.7,2.2,3.13,3.6,2.2,3.27,3.8,2.33,3.12,3.64,2.26,1.7,2.1,1.77,2.16,1.78,2.21,1.74,2.13,0.25,1.95,1.95,1.94,1.98,1.97,2.0,1.91,1.94,2324,,,,,,,,,,,,,,,,,,,,,,,,,,,,,,,,,,,,,,,,,,,,,,,,,,,,,,,,,,,,,,,,,,,,,,
E0,16/03/2024,15:00,Luton,Nott'm Forest,1,1,D,0,1,A,D England,10,16,4,6,10,17,6,7,1,2,0,0,2.8,3.5,2.45,2.7,3.6,2.45,,,,2.83,3.69,2.44,2.75,3.7,2.38,2.8,3.5,2.3,2.95,3.8,2.47,2.81,3.63,2.42,1.67,2.15,1.69,2.26,1.73,2.31,1.68,2.22,0.25,1.81,2.09,1.79,2.13,1.81,2.17,1.77,2.08,2.63,3.4,2.63,2.6,3.5,2.6,,,,2.67,3.59,2.67,2.6,3.75,2.55,2.55,3.6,2.63,2.7,3.75,2.8,2.63,3.58,2.64,1.7,2.1,1.72,2.2,1.78,2.34,1.68,2.23,0.0,1.95,1.95,1.96,1.96,1.97,1.99,1.94,1.94,2324,,,,,,,,,,,,,,,,,,,,,,,,,,,,,,,,,,,,,,,,,,,,,,,,,,,,,,,,,,,,,,,,,,,,,,
E0,16/03/2024,17:30,Fulham,Tottenham,3,0,H,1,0,H,R Jones,16,14,7,5,9,10,4,5,2,3,0,0,3.5,3.8,1.95,3.3,3.8,2.0,,,,3.42,4.09,2.01,3.4,4.0,1.95,3.4,3.75,1.95,3.54,4.16,2.08,3.4,3.93,2.01,1.48,2.6,1.5,2.7,1.52,2.72,1.49,2.62,0.5,1.89,2.01,1.89,2.02,1.93,2.05,1.86,2.0,3.25,4.0,2.0,3.25,3.9,2.0,,,,3.45,4.0,2.05,3.25,4.0,2.0,3.4,3.9,2.0,3.51,4.1,2.13,3.34,3.94,2.05,1.44,2.7,1.49,2.72,1.5,2.84,1.47,2.72,0.5,1.86,2.04,1.88,2.05,1.9,2.11,1.83,2.04,2324,,,,,,,,,,,,,,,,,,,,,,,,,,,,,,,,,,,,,,,,,,,,,,,,,,,,,,,,,,,,,,,,,,,,,,
E0,17/03/2024,14:00,West Ham,Aston Villa,1,1,D,1,0,H,J Gillett,13,13,5,5,13,12,7,11,3,3,0,0,2.63,3.75,2.45,2.65,3.7,2.45,,,,2.66,3.82,2.52,2.6,3.75,2.45,2.6,3.5,2.45,2.75,3.92,2.58,2.65,3.73,2.51,1.57,2.35,1.58,2.5,1.63,2.55,1.56,2.44,0.0,2.01,1.89,2.01,1.9,2.04,1.91,1.99,1.88,2.38,3.75,2.8,2.4,3.5,2.8,,,,2.48,3.69,2.83,2.5,3.75,2.62,2.4,3.7,2.75,2.5,3.8,2.88,2.45,3.63,2.77,1.57,2.35,1.63,2.42,1.63,2.5,1.58,2.39,0.0,1.83,2.1,1.84,2.1,1.85,2.12,1.82,2.06,2324,,,,,,,,,,,,,,,,,,,,,,,,,,,,,,,,,,,,,,,,,,,,,,,,,,,,,,,,,,,,,,,,,,,,,,
E0,30/03/2024,12:30,Newcastle,West Ham,4,3,H,1,2,A,R Jones,24,10,9,4,9,8,3,4,1,1,1,0,1.83,4.2,3.8,1.85,4.0,3.75,,,,1.81,4.26,4.0,1.8,4.0,3.9,1.8,3.9,3.8,1.9,4.33,4.11,1.84,4.16,3.87,1.5,2.5,1.51,2.65,1.53,2.69,1.51,2.59,-0.75,2.03,1.78,2.04,1.87,2.12,1.9,2.05,1.82,1.83,4.2,3.75,1.82,4.0,3.9,,,,1.85,4.19,3.96,1.85,4.2,3.8,1.83,4.0,3.9,1.9,4.4,4.2,1.86,4.13,3.86,1.48,2.6,1.5,2.72,1.51,2.75,1.48,2.68,-0.75,2.03,1.78,2.08,1.81,2.13,1.89,2.07,1.81,2324,,,,,,,,,,,,,,,,,,,,,,,,,,,,,,,,,,,,,,,,,,,,,,,,,,,,,,,,,,,,,,,,,,,,,,
E0,30/03/2024,15:00,Bournemouth,Everton,2,1,H,0,0,D,S Barrott,11,7,4,3,14,11,9,8,1,2,0,0,2.2,3.6,3.2,2.15,3.6,3.2,,,,2.24,3.56,3.27,2.1,3.7,3.2,2.1,3.5,3.2,2.25,3.8,3.36,2.2,3.61,3.23,1.7,2.1,1.75,2.16,1.79,2.19,1.73,2.13,-0.25,1.92,1.98,1.94,1.96,1.95,2.02,1.9,1.95,2.2,3.75,3.2,2.2,3.6,3.1,,,,2.18,3.74,3.24,2.2,3.6,3.2,2.2,3.6,3.2,2.24,3.8,3.31,2.2,3.69,3.19,1.62,2.25,1.65,2.35,1.73,2.36,1.66,2.26,-0.25,1.93,2.0,1.92,2.0,1.95,2.02,1.9,1.96,2324,,,,,,,,,,,,,,,,,,,,,,,,,,,,,,,,,,,,,,,,,,,,,,,,,,,,,,,,,,,,,,,,,,,,,,
E0,30/03/2024,15:00,Chelsea,Burnley,2,2,D,1,0,H,D England,33,18,13,7,12,7,12,4,2,2,0,1,1.29,6.0,9.5,1.3,5.75,9.0,,,,1.3,6.12,9.34,1.29,5.8,9.5,1.25,5.75,10.0,1.34,6.3,10.5,1.3,5.96,9.44,1.48,2.6,1.49,2.72,1.51,2.75,1.48,2.67,-1.75,2.03,1.78,2.09,1.81,2.11,1.86,2.07,1.8,1.29,6.5,9.0,1.27,6.0,10.0,,,,1.25,6.66,11.18,1.29,6.5,10.0,1.25,6.5,11.0,1.3,7.0,11.5,1.27,6.53,10.45,1.36,3.1,1.4,3.07,1.44,3.25,1.4,3.02,-1.75,1.95,1.98,1.95,1.95,1.97,2.0,1.92,1.95,2324,,,,,,,,,,,,,,,,,,,,,,,,,,,,,,,,,,,,,,,,,,,,,,,,,,,,,,,,,,,,,,,,,,,,,,
E0,30/03/2024,15:00,Nott'm Forest,Crystal Palace,1,1,D,0,1,A,C Kavanagh,12,10,5,3,14,12,4,6,1,1,0,0,2.2,3.3,3.4,2.2,3.4,3.2,,,,2.29,3.38,3.34,2.2,3.4,3.25,2.2,3.2,3.25,2.32,3.5,3.4,2.26,3.36,3.31,2.08,1.73,2.13,1.78,2.2,1.8,2.09,1.76,-0.25,1.95,1.95,1.97,1.93,1.97,1.97,1.93,1.92,2.2,3.3,3.4,2.25,3.3,3.25,,,,2.25,3.4,3.43,2.25,3.3,3.2,2.2,3.3,3.4,2.35,3.45,3.45,2.26,3.35,3.34,2.08,1.82,2.09,1.81,2.13,1.85,2.07,1.79,-0.25,1.94,1.99,1.94,1.98,1.98,2.02,1.93,1.93,2324,,,,,,,,,,,,,,,,,,,,,,,,,,,,,,,,,,,,,,,,,,,,,,,,,,,,,,,,,,,,,,,,,,,,,,
E0,30/03/2024,15:00,Sheffield United,Fulham,3,3,D,0,0,D,T Robinson,8,24,4,9,10,13,2,15,4,1,0,0,4.5,4.0,1.73,4.4,3.9,1.73,,,,4.89,3.95,1.73,4.6,4.0,1.7,4.75,3.8,1.67,4.9,4.26,1.76,4.64,4.03,1.73,1.65,2.2,1.69,2.25,1.73,2.3,1.68,2.22,0.75,1.98,1.92,1.98,1.93,1.98,1.94,1.94,1.9,4.75,4.0,1.7,4.75,3.9,1.7,,,,4.89,4.13,1.71,4.6,4.2,1.7,5.0,3.9,1.7,5.05,4.2,1.75,4.8,4.06,1.71,1.73,2.08,1.75,2.17,1.79,2.25,1.72,2.16,0.75,2.02,1.91,2.01,1.92,2.03,1.93,1.97,1.89,2324,,,,,,,,,,,,,,,,,,,,,,,,,,,,,,,,,,,,,,,,,,,,,,,,,,,,,,,,,,,,,,,,,,,,,,
E0,30/03/2024,15:00,Tottenham,Luton,2,1,H,0,1,A,J Gillett,17,7,4,3,16,14,3,6,2,4,0,0,1.2,8.0,11.0,1.22,7.25,11.0,,,,1.21,7.6,11.57,1.2,7.5,11.0,1.18,7.0,11.5,1.26,8.1,12.5,1.22,7.47,11.31,1.25,4.0,1.32,3.31,1.27,4.23,1.25,3.94,-2.0,1.92,1.98,1.89,1.99,1.95,2.02,1.9,1.96,1.22,8.0,9.0,1.22,7.5,10.0,,,,1.19,8.37,12.64,1.22,7.5,12.0,1.18,8.0,13.0,1.24,8.4,13.0,1.21,7.95,11.35,1.22,4.2,1.32,3.31,1.23,4.6,1.21,4.36,-2.0,1.85,2.08,1.85,2.07,1.88,2.08,1.83,2.04,2324,,,,,,,,,,,,,,,,,,,,,,,,,,,,,,,,,,,,,,,,,,,,,,,,,,,,,,,,,,,,,,,,,,,,,,
E0,30/03/2024,17:30,Aston Villa,Wolves,2,0,H,1,0,H,P Tierney,11,13,5,3,11,19,5,4,3,4,0,0,1.6,4.33,5.0,1.65,4.2,4.75,,,,1.64,4.46,4.9,1.62,4.33,4.75,1.6,4.0,5.0,1.68,4.6,5.08,1.64,4.38,4.86,1.57,2.35,1.6,2.44,1.61,2.55,1.56,2.44,-1.0,2.07,1.83,2.09,1.83,2.14,1.83,2.07,1.8,1.53,4.5,5.75,1.53,4.33,5.75,,,,1.53,4.41,6.66,1.55,4.5,6.5,1.53,4.4,6.0,1.58,4.5,6.74,1.54,4.41,6.24,1.62,2.25,1.66,2.33,1.69,2.33,1.64,2.28,-1.0,1.88,2.05,1.88,2.06,1.94,2.06,1.89,1.99,2324,,,,,,,,,,,,,,,,,,,,,,,,,,,,,,,,,,,,,,,,,,,,,,,,,,,,,,,,,,,,,,,,,,,,,,
E0,30/03/2024,20:00,Brentford,Man United,1,1,D,0,0,D,S Hooper,31,11,5,5,7,14,14,4,2,2,0,0,3.0,3.8,2.2,3.0,3.8,2.15,,,,3.09,3.86,2.22,3.0,3.8,2.15,3.0,3.6,2.15,3.25,3.99,2.24,3.06,3.83,2.2,1.53,2.4,1.55,2.57,1.57,2.57,1.54,2.48,0.25,1.97,1.93,1.95,1.95,1.99,1.96,1.93,1.91,3.25,4.0,2.05,3.25,3.9,2.05,,,,3.39,4.06,2.06,3.2,4.0,2.1,3.3,4.0,2.0,3.47,4.08,2.16,3.31,3.98,2.06,1.44,2.7,1.45,2.89,1.46,2.93,1.44,2.84,0.5,1.88,2.05,1.87,2.07,1.9,2.13,1.84,2.06,2324,,,,,,,,,,,,,,,,,,,,,,,,,,,,,,,,,,,,,,,,,,,,,,,,,,,,,,,,,,,,,,,,,,,,,,
E0,31/03/2024,14:00,Liverpool,Brighton,2,1,H,1,1,D,D Coote,30,9,8,3,20,6,8,4,5,3,0,0,1.36,5.5,7.5,1.39,5.5,6.75,,,,1.37,5.71,7.57,1.36,5.5,7.0,1.33,5.25,7.5,1.42,6.0,7.8,1.37,5.63,7.37,1.36,3.1,1.38,3.14,1.39,3.3,1.36,3.16,-1.5,1.99,1.91,2.01,1.9,2.01,1.94,1.97,1.89,1.3,6.0,8.5,1.31,6.0,8.0,,,,1.29,6.6,9.25,1.33,6.0,8.5,1.29,6.0,9.5,1.33,6.7,9.65,1.3,6.29,8.95,1.3,3.5,1.33,3.44,1.33,3.8,1.3,3.61,-1.75,2.02,1.91,2.01,1.93,2.04,1.94,1.97,1.89,2324,,,,,,,,,,,,,,,,,,,,,,,,,,,,,,,,,,,,,,,,,,,,,,,,,,,,,,,,,,,,,,,,,,,,,,
E0,31/03/2024,16:30,Man City,Arsenal,0,0,D,0,0,D,A Taylor,12,6,1,2,9,20,7,4,0,2,0,0,1.91,3.8,3.8,1.93,3.6,3.75,,,,1.92,3.86,3.94,1.91,3.8,3.7,1.85,3.6,3.9,1.97,3.97,4.01,1.92,3.8,3.86,1.7,2.1,1.76,2.15,1.8,2.19,1.74,2.12,-0.5,1.92,1.98,1.93,1.98,1.97,2.0,1.92,1.95,2.0,3.75,3.5,2.0,3.5,3.5,,,,2.09,3.6,3.72,2.1,3.6,3.5,2.0,3.6,3.7,2.12,3.83,3.8,2.06,3.62,3.61,1.8,2.0,1.82,2.07,1.94,2.16,1.81,2.04,-0.5,2.07,1.86,2.1,1.85,2.13,1.88,2.06,1.83,2324,,,,,,,,,,,,,,,,,,,,,,,,,,,,,,,,,,,,,,,,,,,,,,,,,,,,,,,,,,,,,,,,,,,,,,
E0,02/04/2024,19:30,Newcastle,Everton,1,1,D,1,0,H,T Harrington,18,10,6,3,9,14,7,3,0,3,0,0,2.0,3.75,3.5,2.0,3.7,3.5,,,,2.03,3.86,3.62,2.0,3.9,3.4,2.0,3.7,3.6,2.05,3.95,3.7,2.01,3.82,3.55,1.67,2.2,1.71,2.24,1.72,2.32,1.67,2.24,-0.5,2.03,1.9,2.04,1.89,2.05,1.91,2.01,1.87,1.95,3.75,3.6,2.0,3.6,3.5,,,,2.03,3.78,3.72,2.05,3.8,3.5,2.0,3.7,3.6,2.07,3.85,3.89,2.02,3.75,3.61,1.67,2.2,1.72,2.23,1.74,2.28,1.68,2.22,-0.5,2.04,1.89,2.04,1.9,2.07,1.9,2.03,1.86,2324,,,,,,,,,,,,,,,,,,,,,,,,,,,,,,,,,,,,,,,,,,,,,,,,,,,,,,,,,,,,,,,,,,,,,,
E0,02/04/2024,19:30,Nott'm Forest,Fulham,3,1,H,3,0,H,M Oliver,16,18,4,3,7,8,3,8,0,0,0,0,2.7,3.4,2.63,2.65,3.4,2.55,,,,2.78,3.51,2.61,2.7,3.5,2.62,2.7,3.4,2.6,2.78,3.68,2.7,2.71,3.49,2.62,1.8,2.0,1.83,2.08,1.87,2.09,1.81,2.03,0.0,2.02,1.91,2.02,1.9,2.03,1.93,1.98,1.89,2.7,3.4,2.6,2.65,3.4,2.55,,,,2.74,3.48,2.66,2.62,3.1,2.7,2.7,3.4,2.6,2.85,3.53,2.7,2.71,3.44,2.63,1.85,2.05,1.86,2.06,1.9,2.07,1.84,2.0,0.0,2.0,1.93,1.99,1.94,2.02,1.96,1.98,1.9,2324,,,,,,,,,,,,,,,,,,,,,,,,,,,,,,,,,,,,,,,,,,,,,,,,,,,,,,,,,,,,,,,,,,,,,,
E0,02/04/2024,19:45,Bournemouth,Crystal Palace,1,0,H,0,0,D,G Scott,11,3,6,2,13,14,9,2,3,2,0,0,1.95,3.8,3.6,1.98,3.6,3.6,,,,2.02,3.8,3.69,2.0,3.75,3.6,1.95,3.7,3.75,2.04,3.9,3.9,1.99,3.76,3.69,1.73,2.1,1.74,2.21,1.76,2.28,1.72,2.16,-0.5,2.01,1.92,2.03,1.89,2.04,1.93,1.99,1.89,1.85,3.8,3.8,1.87,3.7,3.9,,,,1.89,3.89,4.14,1.95,3.75,4.0,1.85,3.7,4.2,1.95,3.93,4.25,1.89,3.78,4.04,1.73,2.1,1.78,2.12,1.82,2.17,1.76,2.09,-0.5,1.89,2.04,1.9,2.03,1.91,2.05,1.88,1.99,2324,,,,,,,,,,,,,,,,,,,,,,,,,,,,,,,,,,,,,,,,,,,,,,,,,,,,,,,,,,,,,,,,,,,,,,
E0,02/04/2024,19:45,Burnley,Wolves,1,1,D,1,1,D,T Bramall,13,8,6,2,10,12,7,4,0,2,0,0,2.45,3.6,2.75,2.5,3.4,2.75,,,,2.55,3.54,2.83,2.5,3.5,2.7,2.55,3.4,2.75,2.63,3.68,2.86,2.53,3.49,2.8,1.84,2.06,1.83,2.08,1.87,2.11,1.81,2.03,0.0,1.85,2.08,1.86,2.07,1.89,2.08,1.85,2.03,2.3,3.6,2.9,2.3,3.4,2.95,,,,2.36,3.54,3.08,2.38,3.5,2.9,2.3,3.4,3.0,2.43,3.69,3.25,2.35,3.52,3.03,1.85,2.05,1.91,2.0,1.91,2.09,1.86,1.99,-0.25,2.05,1.88,2.05,1.88,2.07,1.9,2.02,1.85,2324,,,,,,,,,,,,,,,,,,,,,,,,,,,,,,,,,,,,,,,,,,,,,,,,,,,,,,,,,,,,,,,,,,,,,,
E0,02/04/2024,20:15,West Ham,Tottenham,1,1,D,1,1,D,J Brooks,11,13,4,4,13,9,9,5,1,4,0,0,3.3,4.2,1.95,3.2,4.1,2.0,,,,3.38,4.24,2.01,3.1,4.2,2.0,3.3,4.0,2.0,3.5,4.37,2.05,3.3,4.16,2.01,1.33,3.4,1.36,3.34,1.36,3.45,1.35,3.26,0.5,1.89,2.04,1.9,2.02,1.9,2.05,1.86,2.01,3.4,4.2,1.95,3.4,4.0,1.95,,,,3.47,4.26,1.99,3.2,4.0,2.0,3.4,4.1,1.95,3.55,4.35,2.01,3.39,4.16,1.99,1.4,3.0,1.42,2.99,1.44,3.15,1.4,2.98,0.5,1.93,2.0,1.93,2.0,1.95,2.01,1.9,1.98,2324,,,,,,,,,,,,,,,,,,,,,,,,,,,,,,,,,,,,,,,,,,,,,,,,,,,,,,,,,,,,,,,,,,,,,,
E0,03/04/2024,19:30,Arsenal,Luton,2,0,H,2,0,H,C Pawson,13,5,4,1,12,8,3,1,1,1,0,0,1.1,10.0,19.0,1.11,10.5,21.0,,,,1.11,11.82,20.95,1.08,11.0,21.0,1.07,10.0,23.0,1.12,13.0,32.0,1.1,11.25,22.73,1.25,4.0,1.31,3.31,1.29,4.0,1.26,3.86,-2.5,1.86,2.04,1.87,2.03,1.88,2.07,1.84,2.02,1.14,9.5,15.0,1.13,9.75,18.5,,,,1.13,10.5,19.5,1.14,8.0,19.0,1.1,10.5,23.0,1.15,11.0,23.0,1.13,9.75,19.39,1.3,3.5,1.31,3.59,1.34,3.7,1.31,3.51,-2.5,2.02,1.91,2.01,1.9,2.11,1.92,2.02,1.86,2324,,,,,,,,,,,,,,,,,,,,,,,,,,,,,,,,,,,,,,,,,,,,,,,,,,,,,,,,,,,,,,,,,,,,,,
E0,03/04/2024,19:30,Brentford,Brighton,0,0,D,0,0,D,A Madley,5,24,2,6,9,12,1,5,1,1,0,0,2.38,3.8,2.75,2.4,3.75,2.7,,,,2.38,3.79,2.86,2.38,3.8,2.7,2.38,3.6,2.7,2.48,3.94,2.88,2.39,3.79,2.78,1.57,2.38,1.6,2.45,1.61,2.5,1.56,2.44,0.0,1.75,2.05,1.78,2.14,1.84,2.14,1.79,2.07,2.45,3.8,2.63,2.45,3.7,2.6,,,,2.57,3.63,2.75,2.45,3.8,2.7,2.45,3.75,2.7,2.63,3.88,2.8,2.49,3.74,2.7,1.57,2.38,1.61,2.43,1.61,2.63,1.54,2.51,0.0,1.9,2.03,1.9,2.03,1.98,2.07,1.89,1.99,2324,,,,,,,,,,,,,,,,,,,,,,,,,,,,,,,,,,,,,,,,,,,,,,,,,,,,,,,,,,,,,,,,,,,,,,
E0,03/04/2024,20:15,Man City,Aston Villa,4,1,H,2,1,H,D England,25,8,11,3,6,13,2,3,1,2,0,0,1.3,6.0,8.0,1.3,6.0,9.0,,,,1.3,6.32,8.88,1.29,5.8,9.0,1.29,5.5,9.5,1.34,6.5,10.0,1.3,6.08,9.06,1.4,3.0,1.42,2.96,1.45,3.0,1.41,2.95,-1.5,1.86,2.04,1.86,2.05,1.88,2.11,1.84,2.04,1.22,6.5,11.0,1.24,6.5,11.5,,,,1.21,7.5,13.5,1.25,7.0,12.0,1.2,7.0,13.0,1.25,8.0,16.0,1.23,6.93,12.59,1.44,2.75,1.44,2.9,1.48,3.05,1.44,2.81,-1.75,1.78,2.03,1.81,2.1,1.91,2.2,1.82,2.05,2324,,,,,,,,,,,,,,,,,,,,,,,,,,,,,,,,,,,,,,,,,,,,,,,,,,,,,,,,,,,,,,,,,,,,,,
E0,04/04/2024,19:30,Liverpool,Sheffield United,3,1,H,1,0,H,S Attwell,29,8,9,3,6,9,13,1,0,1,0,0,1.09,12.0,21.0,1.09,12.0,23.0,,,,1.08,14.33,25.37,1.06,13.0,23.0,1.06,11.0,23.0,1.1,15.0,36.0,1.08,12.59,25.43,1.2,4.5,,,1.22,4.85,1.2,4.54,-2.75,1.86,2.04,1.85,2.03,1.92,2.06,1.84,2.01,1.07,15.0,21.0,1.08,14.0,23.0,,,,1.06,18.5,31.0,1.08,11.0,17.0,1.06,13.0,26.0,1.08,18.5,38.0,1.07,14.54,27.64,1.17,5.0,,,1.19,5.9,1.16,5.08,-3.0,1.87,2.03,1.94,1.94,2.0,2.03,1.92,1.94,2324,,,,,,,,,,,,,,,,,,,,,,,,,,,,,,,,,,,,,,,,,,,,,,,,,,,,,,,,,,,,,,,,,,,,,,
E0,04/04/2024,20:15,Chelsea,Man United,4,3,H,2,2,D,J Gillett,28,19,10,5,7,15,12,3,3,0,0,0,2.0,4.0,3.4,2.0,4.0,3.25,,,,2.03,4.03,3.42,1.95,4.2,3.2,2.0,3.9,3.2,2.08,4.26,3.55,2.02,4.05,3.31,1.4,3.0,1.43,2.93,1.43,3.07,1.41,2.92,-0.5,2.04,1.86,2.03,1.88,2.08,1.88,2.03,1.84,1.8,4.2,4.0,1.82,4.1,3.75,,,,1.82,4.41,3.98,1.83,4.2,3.7,1.8,4.2,3.9,1.86,4.43,4.1,1.82,4.27,3.92,1.4,3.0,1.42,3.03,1.44,3.07,1.41,2.97,-0.75,2.04,1.86,2.04,1.89,2.07,1.89,2.01,1.86,2324,,,,,,,,,,,,,,,,,,,,,,,,,,,,,,,,,,,,,,,,,,,,,,,,,,,,,,,,,,,,,,,,,,,,,,
E0,06/04/2024,12:30,Crystal Palace,Man City,2,4,A,1,1,D,P Tierney,7,18,4,8,13,3,2,9,1,1,0,0,9.5,5.25,1.33,9.0,5.5,1.32,,,,10.64,5.59,1.31,10.0,5.5,1.29,11.0,5.5,1.29,11.0,5.9,1.34,10.3,5.59,1.31,1.67,2.2,1.69,2.24,1.72,2.36,1.66,2.25,1.5,1.95,1.95,1.93,1.97,1.99,1.97,1.94,1.93,10.0,5.0,1.33,7.5,5.25,1.38,,,,8.8,5.35,1.37,8.5,5.0,1.36,9.0,4.8,1.36,11.0,5.7,1.4,8.9,5.22,1.36,1.67,2.2,1.71,2.23,1.73,2.29,1.68,2.23,1.5,1.75,2.05,1.78,2.16,1.93,2.17,1.8,2.07,2324,,,,,,,,,,,,,,,,,,,,,,,,,,,,,,,,,,,,,,,,,,,,,,,,,,,,,,,,,,,,,,,,,,,,,,
E0,06/04/2024,15:00,Aston Villa,Brentford,3,3,D,1,0,H,M Salisbury,11,8,3,3,15,11,11,3,2,2,0,0,1.7,4.0,4.75,1.65,4.2,4.75,,,,1.71,4.24,4.62,1.67,4.2,4.5,1.67,4.0,4.5,1.76,4.4,5.0,1.7,4.2,4.68,1.53,2.5,1.55,2.57,1.55,2.63,1.52,2.56,-0.75,1.9,2.0,1.91,1.99,1.93,2.05,1.87,1.99,1.62,4.0,5.5,1.62,4.1,5.0,,,,1.65,4.22,5.31,1.67,4.2,5.0,1.62,4.2,5.25,1.68,4.35,5.81,1.65,4.18,5.22,1.57,2.38,1.62,2.41,1.63,2.47,1.6,2.38,-0.75,1.83,2.07,1.81,2.1,1.83,2.14,1.8,2.07,2324,,,,,,,,,,,,,,,,,,,,,,,,,,,,,,,,,,,,,,,,,,,,,,,,,,,,,,,,,,,,,,,,,,,,,,
E0,06/04/2024,15:00,Everton,Burnley,1,0,H,1,0,H,M Oliver,12,6,3,1,11,13,3,5,2,1,0,1,1.65,4.0,5.25,1.65,4.0,5.0,,,,1.68,4.18,4.99,1.65,4.0,4.8,1.62,3.8,5.25,1.71,4.3,5.25,1.67,4.07,5.04,1.8,2.0,1.79,2.09,1.86,2.14,1.78,2.06,-0.75,1.84,2.06,1.87,2.05,1.89,2.11,1.84,2.02,1.73,3.8,4.75,1.77,3.8,4.4,,,,1.76,3.92,4.79,1.8,4.0,4.5,1.73,3.8,4.8,1.8,4.0,5.0,1.76,3.89,4.68,1.8,2.0,1.81,2.09,1.85,2.1,1.79,2.05,-0.75,1.99,1.91,1.99,1.93,2.04,1.95,1.96,1.9,2324,,,,,,,,,,,,,,,,,,,,,,,,,,,,,,,,,,,,,,,,,,,,,,,,,,,,,,,,,,,,,,,,,,,,,,
E0,06/04/2024,15:00,Fulham,Newcastle,0,1,A,0,0,D,S Allison,14,12,4,5,10,13,14,3,1,2,0,0,2.38,3.8,2.8,2.37,3.75,2.7,,,,2.35,3.87,2.86,2.3,3.9,2.7,2.3,3.7,2.7,2.41,4.05,3.0,2.37,3.82,2.81,1.5,2.63,1.49,2.72,1.51,2.79,1.48,2.65,-0.25,2.07,1.83,2.07,1.85,2.16,1.87,2.07,1.81,2.38,3.6,2.88,2.4,3.6,2.75,,,,2.47,3.7,2.83,2.45,3.75,2.7,2.45,3.6,2.75,2.55,3.75,2.94,2.44,3.66,2.78,1.62,2.3,1.64,2.37,1.64,2.45,1.59,2.38,-0.25,2.08,1.82,2.15,1.79,2.17,1.82,2.12,1.76,2324,,,,,,,,,,,,,,,,,,,,,,,,,,,,,,,,,,,,,,,,,,,,,,,,,,,,,,,,,,,,,,,,,,,,,,
E0,06/04/2024,15:00,Luton,Bournemouth,2,1,H,0,0,D,A Madley,19,8,9,1,7,14,7,2,0,0,0,0,3.75,3.8,1.91,3.7,4.0,1.85,,,,3.65,4.11,1.93,3.6,4.2,1.85,3.6,3.8,1.87,4.0,4.21,1.96,3.68,4.04,1.91,1.5,2.63,1.52,2.63,1.53,2.7,1.49,2.62,0.5,1.99,1.91,1.96,1.94,2.02,1.95,1.96,1.91,3.8,3.8,1.91,3.6,3.9,1.9,,,,3.82,4.07,1.92,3.7,3.8,1.95,3.75,3.9,1.9,3.9,4.1,1.98,3.75,3.93,1.93,1.53,2.5,1.54,2.63,1.59,2.63,1.53,2.55,0.5,1.97,1.93,2.0,1.93,2.0,1.97,1.95,1.92,2324,,,,,,,,,,,,,,,,,,,,,,,,,,,,,,,,,,,,,,,,,,,,,,,,,,,,,,,,,,,,,,,,,,,,,,
E0,06/04/2024,15:00,Wolves,West Ham,1,2,A,1,0,H,T Harrington,14,11,7,4,15,7,4,4,5,2,0,0,2.5,3.6,2.7,2.45,3.5,2.7,,,,2.53,3.61,2.77,2.4,3.6,2.7,2.45,3.4,2.7,2.58,3.72,2.82,2.51,3.58,2.75,1.8,2.0,1.81,2.07,1.84,2.15,1.77,2.08,0.0,1.84,2.06,1.87,2.05,1.9,2.08,1.83,2.03,2.7,3.6,2.5,2.75,3.4,2.5,,,,2.91,3.42,2.55,2.6,3.4,2.5,2.8,3.4,2.5,3.0,3.66,2.55,2.82,3.45,2.5,1.9,2.0,1.92,1.99,2.06,2.05,1.87,1.97,0.0,2.08,1.82,2.1,1.84,2.15,1.85,2.08,1.8,2324,,,,,,,,,,,,,,,,,,,,,,,,,,,,,,,,,,,,,,,,,,,,,,,,,,,,,,,,,,,,,,,,,,,,,,
E0,06/04/2024,17:30,Brighton,Arsenal,0,3,A,0,1,A,J Brooks,10,20,2,7,14,13,8,7,1,2,0,0,5.0,4.33,1.62,5.0,4.2,1.62,,,,5.25,4.19,1.65,5.0,4.2,1.6,5.25,4.0,1.57,5.5,4.45,1.69,5.15,4.25,1.64,1.62,2.3,1.66,2.3,1.67,2.4,1.63,2.32,1.0,1.84,2.06,1.81,2.09,1.86,2.1,1.81,2.06,6.0,4.5,1.5,6.25,4.5,1.49,,,,6.55,4.6,1.51,5.0,4.0,1.57,7.0,4.6,1.45,7.0,4.7,1.57,6.32,4.56,1.51,1.62,2.3,1.66,2.32,1.73,2.38,1.65,2.29,1.0,2.06,1.84,2.07,1.87,2.14,1.91,2.05,1.83,2324,,,,,,,,,,,,,,,,,,,,,,,,,,,,,,,,,,,,,,,,,,,,,,,,,,,,,,,,,,,,,,,,,,,,,,
E0,07/04/2024,15:30,Man United,Liverpool,2,2,D,0,1,A,A Taylor,9,28,5,7,9,10,6,11,5,2,0,0,4.75,4.5,1.6,4.5,4.5,1.63,,,,4.75,4.84,1.61,4.6,4.5,1.6,4.75,4.4,1.57,5.0,4.9,1.68,4.69,4.65,1.63,1.33,3.4,1.35,3.37,1.36,3.45,1.34,3.25,1.0,1.92,1.98,1.93,1.97,1.93,2.05,1.87,1.98,4.75,4.5,1.57,4.8,4.75,1.57,,,,5.0,4.85,1.6,4.6,4.75,1.6,5.0,4.8,1.55,5.2,5.05,1.67,4.9,4.8,1.6,1.3,3.5,1.35,3.38,1.34,3.73,1.31,3.53,1.0,1.95,1.95,2.01,1.93,2.01,2.0,1.96,1.91,2324,,,,,,,,,,,,,,,,,,,,,,,,,,,,,,,,,,,,,,,,,,,,,,,,,,,,,,,,,,,,,,,,,,,,,,
E0,07/04/2024,17:30,Sheffield United,Chelsea,2,2,D,1,1,D,R Jones,11,6,6,3,12,10,7,6,4,2,0,0,7.0,5.25,1.4,6.75,5.0,1.41,,,,6.77,5.35,1.42,6.5,5.0,1.4,7.0,5.0,1.36,7.5,5.5,1.46,6.88,5.28,1.41,1.4,3.0,1.41,3.02,1.43,3.07,1.4,2.95,1.25,2.06,1.84,2.03,1.88,2.08,1.9,2.02,1.84,6.5,5.0,1.44,6.25,5.0,1.43,,,,6.69,5.28,1.44,6.0,5.0,1.44,7.5,5.0,1.4,7.5,5.5,1.47,6.6,5.2,1.44,1.4,3.0,1.41,3.05,1.43,3.12,1.4,3.02,1.25,1.98,1.92,1.96,1.96,2.04,1.96,1.96,1.89,2324,,,,,,,,,,,,,,,,,,,,,,,,,,,,,,,,,,,,,,,,,,,,,,,,,,,,,,,,,,,,,,,,,,,,,,
E0,07/04/2024,18:00,Tottenham,Nott'm Forest,3,1,H,1,1,D,S Hooper,17,13,7,6,11,12,12,2,2,3,0,0,1.4,5.5,6.5,1.4,5.25,6.75,,,,1.39,5.46,7.33,1.36,5.5,7.0,1.36,5.0,7.0,1.46,5.6,8.0,1.4,5.3,7.23,1.4,3.0,1.43,2.93,1.45,3.0,1.42,2.88,-1.25,1.78,2.03,1.85,2.06,1.91,2.09,1.82,2.03,1.45,5.25,5.75,1.42,5.25,6.5,,,,1.42,5.5,6.9,1.44,5.5,6.0,1.4,5.25,7.0,1.48,5.5,7.5,1.43,5.25,6.55,1.4,3.0,1.39,3.12,1.43,3.25,1.4,2.99,-1.25,1.95,1.95,1.9,2.04,1.97,2.04,1.89,1.96,2324,,,,,,,,,,,,,,,,,,,,,,,,,,,,,,,,,,,,,,,,,,,,,,,,,,,,,,,,,,,,,,,,,,,,,,
E0,13/04/2024,12:30,Newcastle,Tottenham,4,0,H,2,0,H,T Robinson,18,11,5,2,14,12,16,3,0,4,0,0,2.7,4.0,2.3,2.7,4.0,2.3,,,,2.8,4.05,2.33,2.7,4.0,2.3,2.75,4.0,2.3,2.9,4.26,2.38,2.75,4.02,2.34,1.36,3.2,1.38,3.2,1.38,3.39,1.36,3.18,0.25,1.84,2.06,1.85,2.07,1.85,2.09,1.82,2.04,2.55,4.0,2.45,2.55,3.9,2.45,,,,2.65,4.1,2.48,2.62,4.0,2.38,2.6,4.0,2.4,2.75,4.1,2.51,2.64,3.97,2.45,1.33,3.4,1.35,3.41,1.38,3.5,1.35,3.29,0.0,2.02,1.88,2.03,1.91,2.06,1.92,2.01,1.86,2324,,,,,,,,,,,,,,,,,,,,,,,,,,,,,,,,,,,,,,,,,,,,,,,,,,,,,,,,,,,,,,,,,,,,,,
E0,13/04/2024,15:00,Brentford,Sheffield United,2,0,H,0,0,D,S Barrott,9,8,5,2,8,11,3,6,3,1,0,0,1.44,5.0,6.5,1.42,5.0,6.75,,,,1.43,5.22,6.68,1.4,5.0,7.0,1.36,4.75,7.5,1.45,5.4,7.5,1.43,5.09,6.86,1.53,2.5,1.54,2.58,1.56,2.63,1.52,2.55,-1.25,1.92,1.98,1.92,1.99,1.96,2.02,1.9,1.96,1.5,4.75,6.0,1.51,4.6,5.75,,,,1.49,5.03,6.25,1.5,4.5,6.0,1.45,4.8,6.5,1.54,5.1,6.75,1.49,4.84,6.15,1.5,2.63,1.51,2.69,1.53,2.75,1.5,2.62,-1.25,2.03,1.87,2.04,1.88,2.09,1.9,2.02,1.85,2324,,,,,,,,,,,,,,,,,,,,,,,,,,,,,,,,,,,,,,,,,,,,,,,,,,,,,,,,,,,,,,,,,,,,,,
E0,13/04/2024,15:00,Burnley,Brighton,1,1,D,0,0,D,S Hooper,11,20,3,8,18,8,4,5,1,2,0,0,3.5,3.75,2.0,3.6,3.75,1.95,,,,3.54,3.8,2.05,3.4,3.9,1.95,3.5,3.6,1.95,3.62,3.93,2.08,3.5,3.8,2.02,1.67,2.2,1.69,2.25,1.71,2.32,1.65,2.26,0.5,1.86,2.04,1.86,2.05,1.89,2.08,1.84,2.03,3.75,4.0,1.85,3.7,3.8,1.88,,,,3.97,4.06,1.88,3.75,3.9,1.91,3.9,3.9,1.87,4.11,4.1,1.95,3.84,3.96,1.89,1.53,2.5,1.57,2.54,1.61,2.54,1.57,2.46,0.5,2.05,1.85,2.04,1.89,2.08,1.92,1.99,1.89,2324,,,,,,,,,,,,,,,,,,,,,,,,,,,,,,,,,,,,,,,,,,,,,,,,,,,,,,,,,,,,,,,,,,,,,,
E0,13/04/2024,15:00,Man City,Luton,5,1,H,1,0,H,J Brooks,33,4,13,2,7,6,12,1,1,0,0,0,1.1,11.0,19.0,1.11,10.5,21.0,,,,1.09,13.24,24.14,1.07,12.0,23.0,1.07,10.0,23.0,1.12,14.0,30.0,1.1,11.66,23.86,1.29,3.75,,,1.29,4.0,1.26,3.77,-2.5,1.88,2.02,1.87,2.03,1.92,2.1,1.86,2.01,1.08,13.0,17.0,1.1,11.5,23.0,,,,1.08,13.5,26.0,1.1,12.0,23.0,1.08,12.0,26.0,1.1,15.4,31.0,1.09,12.33,24.13,1.22,4.33,,,1.25,4.6,1.22,4.3,-2.75,2.03,1.87,1.99,1.89,2.07,2.0,1.95,1.9,2324,,,,,,,,,,,,,,,,,,,,,,,,,,,,,,,,,,,,,,,,,,,,,,,,,,,,,,,,,,,,,,,,,,,,,,
E0,13/04/2024,15:00,Nott'm Forest,Wolves,2,2,D,1,1,D,C Pawson,18,11,9,4,15,10,10,1,2,3,0,0,2.1,3.4,3.5,2.15,3.5,3.25,,,,2.14,3.57,3.5,2.1,3.6,3.25,2.1,3.4,3.3,2.25,3.74,3.53,2.16,3.55,3.37,1.86,2.04,1.85,2.04,1.89,2.07,1.83,2.0,-0.25,1.85,2.05,1.85,2.06,1.9,2.06,1.85,2.01,2.0,3.4,3.75,2.05,3.4,3.6,,,,2.07,3.52,3.81,2.1,3.5,3.6,2.0,3.5,3.75,2.12,3.7,3.87,2.07,3.51,3.69,1.95,1.95,1.99,1.92,2.0,2.0,1.93,1.91,-0.25,1.73,2.08,1.79,2.15,1.85,2.17,1.78,2.1,2324,,,,,,,,,,,,,,,,,,,,,,,,,,,,,,,,,,,,,,,,,,,,,,,,,,,,,,,,,,,,,,,,,,,,,,
E0,13/04/2024,17:30,Bournemouth,Man United,2,2,D,2,1,H,T Harrington,20,8,5,2,13,14,7,2,4,0,0,0,2.4,3.9,2.6,2.37,3.9,2.6,,,,2.42,3.83,2.79,2.38,4.0,2.6,2.38,3.75,2.63,2.49,4.09,2.82,2.42,3.91,2.68,1.44,2.75,1.47,2.79,1.47,3.0,1.43,2.84,0.0,1.84,2.06,1.82,2.1,1.9,2.1,1.84,2.02,2.3,4.0,2.63,2.35,3.9,2.7,,,,2.38,4.1,2.74,2.4,4.0,2.62,2.38,3.9,2.7,2.49,4.13,2.83,2.39,3.97,2.71,1.36,3.2,1.4,3.08,1.41,3.25,1.38,3.04,-0.25,2.05,1.75,2.12,1.83,2.16,1.84,2.08,1.79,2324,,,,,,,,,,,,,,,,,,,,,,,,,,,,,,,,,,,,,,,,,,,,,,,,,,,,,,,,,,,,,,,,,,,,,,
E0,14/04/2024,14:00,Liverpool,Crystal Palace,0,1,A,0,1,A,C Kavanagh,21,8,6,5,10,10,11,1,1,1,0,0,1.22,7.0,12.0,1.21,7.0,12.0,,,,1.19,7.62,14.15,1.18,7.5,13.0,1.18,6.5,13.0,1.24,8.0,15.0,1.21,7.37,13.35,1.4,3.0,1.38,3.13,1.42,3.13,1.39,3.0,-2.0,1.99,1.91,1.97,1.91,2.02,1.93,1.96,1.89,1.2,7.5,11.0,1.21,7.25,11.5,,,,1.18,8.5,14.5,1.2,6.5,11.0,1.18,7.5,15.0,1.22,8.5,15.0,1.19,7.77,13.5,1.3,3.5,1.35,3.35,1.33,3.75,1.3,3.56,-2.0,1.89,2.04,1.87,2.06,1.93,2.06,1.87,2.0,2324,,,,,,,,,,,,,,,,,,,,,,,,,,,,,,,,,,,,,,,,,,,,,,,,,,,,,,,,,,,,,,,,,,,,,,
E0,14/04/2024,14:00,West Ham,Fulham,0,2,A,0,1,A,S Attwell,15,18,4,10,6,13,8,3,1,2,0,0,2.38,3.6,2.8,2.3,3.6,2.9,,,,2.4,3.66,2.91,2.3,3.7,2.8,2.3,3.5,2.8,2.42,3.85,2.96,2.38,3.65,2.88,1.67,2.2,1.68,2.29,1.71,2.35,1.66,2.26,-0.25,2.07,1.83,2.1,1.83,2.1,1.89,2.05,1.82,2.38,3.6,2.8,2.4,3.5,2.8,,,,2.44,3.68,2.89,2.4,3.5,2.8,2.38,3.6,2.88,2.52,3.7,2.96,2.43,3.59,2.85,1.67,2.2,1.69,2.28,1.78,2.29,1.67,2.22,-0.25,2.11,1.82,2.14,1.82,2.14,1.83,2.1,1.79,2324,,,,,,,,,,,,,,,,,,,,,,,,,,,,,,,,,,,,,,,,,,,,,,,,,,,,,,,,,,,,,,,,,,,,,,
E0,14/04/2024,16:30,Arsenal,Aston Villa,0,2,A,0,0,D,D Coote,18,11,4,2,12,7,4,6,3,1,0,0,1.29,5.75,10.0,1.28,6.0,9.75,,,,1.29,6.27,9.5,1.25,6.0,10.0,1.25,5.5,10.5,1.31,6.5,11.0,1.28,6.1,9.89,1.5,2.63,1.51,2.66,1.52,2.8,1.48,2.66,-1.75,2.04,1.86,2.07,1.83,2.07,1.91,2.02,1.84,1.25,6.0,10.0,1.26,6.25,10.5,,,,1.24,7.0,11.5,1.25,6.0,10.0,1.25,6.5,11.0,1.63,7.0,13.0,1.27,6.47,10.91,1.4,3.0,1.45,2.83,1.49,3.1,1.43,2.87,-1.75,1.95,1.98,1.96,1.96,1.98,2.02,1.91,1.95,2324,,,,,,,,,,,,,,,,,,,,,,,,,,,,,,,,,,,,,,,,,,,,,,,,,,,,,,,,,,,,,,,,,,,,,,
E0,15/04/2024,20:00,Chelsea,Everton,6,0,H,4,0,H,P Tierney,14,10,10,2,5,21,4,8,1,4,0,0,1.7,4.2,4.5,1.66,4.2,4.5,,,,1.73,4.16,4.57,1.62,4.33,4.75,1.67,4.0,4.4,1.76,4.42,4.9,1.71,4.2,4.53,1.53,2.5,1.54,2.59,1.57,2.63,1.54,2.48,-0.75,1.92,1.98,1.93,1.97,1.94,2.02,1.88,1.97,1.65,4.0,5.0,1.68,4.0,4.6,,,,1.67,4.25,5.1,1.7,4.2,4.6,1.67,4.0,5.0,1.73,4.33,5.1,1.69,4.14,4.89,1.62,2.3,1.66,2.32,1.67,2.41,1.63,2.31,-0.75,1.86,2.07,1.86,2.08,1.88,2.09,1.85,2.02,2324,,,,,,,,,,,,,,,,,,,,,,,,,,,,,,,,,,,,,,,,,,,,,,,,,,,,,,,,,,,,,,,,,,,,,,
E0,20/04/2024,15:00,Luton,Brentford,1,5,A,0,2,A,J Gillett,6,21,3,9,13,9,4,9,1,2,0,0,3.1,3.75,2.15,3.0,3.7,2.2,,,,3.28,3.76,2.16,3.1,3.7,2.15,3.1,3.6,2.1,3.33,3.85,2.21,3.18,3.75,2.17,1.57,2.38,1.59,2.48,1.59,2.52,1.56,2.43,0.25,2.0,1.9,2.01,1.89,2.01,1.93,1.96,1.88,2.8,3.6,2.38,2.8,3.5,2.4,,,,2.92,3.54,2.48,2.75,3.8,2.15,2.8,3.5,2.45,3.05,3.8,2.49,2.87,3.59,2.41,1.73,2.1,1.74,2.19,1.78,2.31,1.71,2.19,0.25,1.82,2.11,1.79,2.14,1.83,2.16,1.8,2.08,2324,,,,,,,,,,,,,,,,,,,,,,,,,,,,,,,,,,,,,,,,,,,,,,,,,,,,,,,,,,,,,,,,,,,,,,
E0,20/04/2024,15:00,Sheffield United,Burnley,1,4,A,0,2,A,A Madley,18,16,11,9,10,9,11,2,1,0,0,0,2.75,3.6,2.45,2.75,3.6,2.37,,,,2.77,3.64,2.52,2.7,3.6,2.4,2.7,3.5,2.4,2.88,3.74,2.55,2.76,3.63,2.47,1.67,2.2,1.69,2.26,1.72,2.31,1.66,2.25,0.0,2.05,1.85,2.05,1.86,2.1,1.87,2.03,1.83,2.6,3.4,2.63,2.55,3.5,2.6,,,,2.66,3.55,2.7,2.62,3.5,2.62,2.6,3.5,2.63,2.76,3.7,2.7,2.64,3.52,2.65,1.73,2.1,1.8,2.1,1.81,2.23,1.75,2.12,0.0,1.93,2.0,1.95,1.98,1.96,2.0,1.93,1.93,2324,,,,,,,,,,,,,,,,,,,,,,,,,,,,,,,,,,,,,,,,,,,,,,,,,,,,,,,,,,,,,,,,,,,,,,
E0,20/04/2024,19:30,Wolves,Arsenal,0,2,A,0,1,A,P Tierney,5,24,3,9,14,9,1,2,3,2,0,0,8.5,4.5,1.4,7.5,5.0,1.38,,,,8.02,5.14,1.39,8.0,5.0,1.35,8.0,4.6,1.36,8.5,5.3,1.44,8.05,5.05,1.39,1.62,2.3,1.65,2.33,1.68,2.39,1.62,2.32,1.25,2.03,1.87,2.02,1.89,2.05,1.91,2.01,1.85,11.0,6.0,1.22,11.5,6.0,1.26,,,,11.75,6.6,1.26,11.0,5.5,1.3,12.0,6.0,1.25,12.5,6.6,1.3,11.3,6.11,1.27,1.57,2.38,1.59,2.47,1.62,2.52,1.58,2.42,1.75,1.95,1.98,1.96,1.96,1.97,2.06,1.87,2.0,2324,,,,,,,,,,,,,,,,,,,,,,,,,,,,,,,,,,,,,,,,,,,,,,,,,,,,,,,,,,,,,,,,,,,,,,
E0,21/04/2024,13:30,Everton,Nott'm Forest,2,0,H,1,0,H,A Taylor,7,8,4,3,15,9,6,4,3,2,0,0,2.05,3.5,3.6,2.05,3.5,3.5,,,,2.06,3.52,3.78,2.0,3.6,3.5,2.0,3.4,3.6,2.12,3.74,3.85,2.07,3.52,3.63,1.93,1.97,1.91,1.98,1.95,2.02,1.87,1.95,-0.25,1.75,2.05,1.78,2.14,1.83,2.15,1.78,2.09,2.25,3.2,3.4,2.25,3.2,3.25,,,,2.34,3.3,3.36,2.25,3.25,3.4,2.25,3.25,3.3,2.35,3.45,3.6,2.27,3.29,3.38,2.1,1.73,2.14,1.77,2.18,1.82,2.09,1.76,-0.25,2.0,1.93,2.01,1.93,2.01,2.0,1.93,1.93,2324,,,,,,,,,,,,,,,,,,,,,,,,,,,,,,,,,,,,,,,,,,,,,,,,,,,,,,,,,,,,,,,,,,,,,,
E0,21/04/2024,15:00,Aston Villa,Bournemouth,3,1,H,1,1,D,T Robinson,14,14,4,6,8,14,8,4,1,3,0,0,1.85,4.0,3.6,1.85,4.1,3.6,,,,1.87,4.17,3.83,1.85,4.2,3.5,1.8,3.9,3.75,1.92,4.31,3.95,1.87,4.11,3.76,1.44,2.75,1.47,2.78,1.47,2.9,1.44,2.77,-0.5,1.87,2.03,1.88,2.03,1.89,2.06,1.86,2.01,1.83,4.0,3.8,1.87,3.9,3.75,,,,1.87,4.11,4.03,1.87,4.2,3.7,1.83,4.0,3.9,1.88,4.2,4.05,1.86,4.06,3.92,1.5,2.63,1.5,2.72,1.51,2.88,1.49,2.67,-0.75,2.05,1.75,2.1,1.83,2.13,1.86,2.06,1.8,2324,,,,,,,,,,,,,,,,,,,,,,,,,,,,,,,,,,,,,,,,,,,,,,,,,,,,,,,,,,,,,,,,,,,,,,
E0,21/04/2024,15:00,Crystal Palace,West Ham,5,2,H,4,1,H,G Scott,18,4,7,1,9,9,4,0,3,2,0,0,2.1,3.6,3.4,2.15,3.5,3.2,,,,2.12,3.66,3.45,2.15,3.5,3.2,2.1,3.4,3.3,2.22,3.72,3.5,2.15,3.59,3.34,1.8,2.0,1.83,2.06,1.87,2.08,1.79,2.04,-0.25,1.85,2.05,1.85,2.06,1.91,2.08,1.84,2.01,2.2,3.5,3.25,2.15,3.5,3.25,,,,2.23,3.55,3.36,2.25,3.5,3.2,2.2,3.4,3.3,2.28,3.59,3.36,2.23,3.5,3.25,1.87,2.03,1.87,2.04,1.9,2.1,1.82,2.01,-0.25,1.95,1.98,1.94,1.99,1.97,2.0,1.92,1.94,2324,,,,,,,,,,,,,,,,,,,,,,,,,,,,,,,,,,,,,,,,,,,,,,,,,,,,,,,,,,,,,,,,,,,,,,
E0,21/04/2024,16:30,Fulham,Liverpool,1,3,A,1,1,D,C Pawson,12,14,5,7,5,11,1,4,3,0,0,0,5.25,4.5,1.57,5.0,4.75,1.53,,,,5.14,4.66,1.59,5.0,4.75,1.53,5.25,4.33,1.53,5.55,4.9,1.63,5.19,4.67,1.57,1.44,2.75,1.43,2.91,1.44,3.02,1.41,2.91,1.0,1.98,1.92,1.95,1.95,2.0,1.95,1.95,1.9,4.33,4.5,1.67,4.4,4.33,1.66,,,,4.65,4.5,1.68,4.5,4.33,1.67,4.75,4.33,1.65,4.8,4.6,1.72,4.59,4.4,1.68,1.44,2.75,1.47,2.8,1.48,2.86,1.45,2.77,0.75,2.07,1.86,2.07,1.87,2.1,1.88,2.05,1.83,2324,,,,,,,,,,,,,,,,,,,,,,,,,,,,,,,,,,,,,,,,,,,,,,,,,,,,,,,,,,,,,,,,,,,,,,
E0,23/04/2024,20:00,Arsenal,Chelsea,5,0,H,1,0,H,S Hooper,27,7,10,1,12,11,4,2,2,2,0,0,1.44,5.0,6.0,1.44,4.8,6.5,,,,1.45,5.03,6.76,1.5,4.8,7.5,1.4,5.0,7.5,1.52,5.2,7.5,1.45,4.93,6.78,1.53,2.5,1.56,2.53,1.57,2.65,1.53,2.53,-1.25,1.95,1.95,1.96,1.94,1.98,1.98,1.94,1.92,1.4,5.0,7.0,1.4,5.25,7.25,,,,1.41,5.3,7.65,1.4,5.0,7.0,1.36,5.25,7.5,1.45,5.5,8.5,1.39,5.21,7.66,1.57,2.38,1.6,2.46,1.6,2.55,1.56,2.46,-1.25,1.89,2.01,1.91,2.03,1.93,2.07,1.85,2.02,2324,,,,,,,,,,,,,,,,,,,,,,,,,,,,,,,,,,,,,,,,,,,,,,,,,,,,,,,,,,,,,,,,,,,,,,
E0,24/04/2024,19:45,Wolves,Bournemouth,0,1,A,0,1,A,S Attwell,15,21,4,6,10,17,8,12,4,1,0,1,2.7,3.6,2.5,2.65,3.6,2.5,,,,2.74,3.53,2.6,2.7,3.7,2.38,2.7,3.5,2.4,2.81,3.8,2.6,2.72,3.6,2.52,1.67,2.2,1.71,2.23,1.73,2.33,1.66,2.24,0.0,2.0,1.9,2.01,1.9,2.04,1.92,1.99,1.87,2.7,3.75,2.4,2.7,3.5,2.5,,,,2.81,3.67,2.5,2.7,3.6,2.5,2.75,3.6,2.45,2.85,3.83,2.6,2.77,3.61,2.48,1.67,2.2,1.67,2.32,1.71,2.35,1.66,2.25,0.25,1.73,2.08,1.77,2.17,1.81,2.19,1.76,2.13,2324,,,,,,,,,,,,,,,,,,,,,,,,,,,,,,,,,,,,,,,,,,,,,,,,,,,,,,,,,,,,,,,,,,,,,,
E0,24/04/2024,20:00,Crystal Palace,Newcastle,2,0,H,0,0,D,T Bramall,20,7,7,2,10,15,7,2,3,3,0,0,2.75,3.6,2.4,2.75,3.6,2.4,,,,2.76,3.7,2.49,2.75,3.7,2.38,2.7,3.5,2.38,2.85,3.85,2.51,2.76,3.68,2.43,1.57,2.38,1.61,2.42,1.7,2.45,1.61,2.35,0.0,2.07,1.83,2.06,1.85,2.11,1.85,2.06,1.81,3.1,3.6,2.2,3.0,3.5,2.25,,,,3.09,3.69,2.31,3.2,3.4,2.25,3.1,3.6,2.2,3.27,3.79,2.31,3.08,3.64,2.26,1.67,2.2,1.7,2.26,1.7,2.43,1.65,2.28,0.25,1.94,1.99,1.92,2.02,1.96,2.02,1.9,1.96,2324,,,,,,,,,,,,,,,,,,,,,,,,,,,,,,,,,,,,,,,,,,,,,,,,,,,,,,,,,,,,,,,,,,,,,,
E0,24/04/2024,20:00,Everton,Liverpool,2,0,H,1,0,H,A Madley,16,23,6,7,6,13,4,13,0,3,0,0,7.0,5.0,1.4,6.75,4.8,1.43,,,,7.49,5.0,1.42,7.0,5.0,1.4,7.0,4.75,1.4,7.7,5.33,1.47,7.11,4.98,1.42,1.53,2.5,1.55,2.57,1.55,2.74,1.51,2.56,1.25,1.98,1.92,1.99,1.92,2.05,1.96,1.95,1.9,7.0,5.0,1.4,7.0,5.0,1.4,,,,7.65,5.35,1.4,7.0,4.8,1.4,8.0,5.25,1.36,8.5,5.46,1.43,7.43,5.14,1.39,1.5,2.63,1.51,2.67,1.53,2.78,1.49,2.62,1.25,2.07,1.86,2.06,1.88,2.07,1.89,2.02,1.84,2324,,,,,,,,,,,,,,,,,,,,,,,,,,,,,,,,,,,,,,,,,,,,,,,,,,,,,,,,,,,,,,,,,,,,,,
E0,24/04/2024,20:00,Man United,Sheffield United,4,2,H,1,1,D,M Salisbury,25,10,13,4,7,9,9,4,0,1,0,0,1.3,6.5,7.5,1.31,6.0,8.5,,,,1.32,6.28,8.27,1.3,6.0,8.0,1.29,5.5,8.5,1.35,6.5,9.5,1.31,6.11,8.44,1.36,3.2,1.36,3.29,1.38,3.33,1.36,3.18,-1.5,1.87,2.03,1.86,2.05,1.9,2.08,1.84,2.03,1.3,6.0,8.5,1.33,6.0,7.75,,,,1.32,6.3,8.59,1.3,5.5,7.5,1.29,6.0,9.5,1.35,6.5,9.5,1.31,6.15,8.4,1.33,3.4,1.33,3.45,1.37,3.77,1.32,3.43,-1.5,1.87,2.06,1.88,2.06,1.88,2.09,1.84,2.05,2324,,,,,,,,,,,,,,,,,,,,,,,,,,,,,,,,,,,,,,,,,,,,,,,,,,,,,,,,,,,,,,,,,,,,,,
E0,25/04/2024,20:00,Brighton,Man City,0,4,A,0,3,A,J Gillett,7,14,3,6,10,3,4,4,2,0,0,0,6.5,5.0,1.4,6.5,4.8,1.44,,,,6.84,4.9,1.45,6.5,5.0,1.44,6.5,4.75,1.4,7.1,5.25,1.48,6.65,4.95,1.44,1.5,2.63,1.51,2.65,1.53,2.7,1.49,2.63,1.25,1.92,1.98,1.92,1.99,1.98,2.0,1.91,1.94,8.0,5.5,1.33,7.25,5.25,1.37,,,,7.9,5.85,1.36,8.5,5.8,1.36,8.5,5.5,1.33,9.0,6.0,1.4,7.99,5.65,1.36,1.36,3.2,1.39,3.12,1.47,3.2,1.41,2.95,1.5,1.91,2.02,1.91,2.03,1.97,2.04,1.91,1.97,2324,,,,,,,,,,,,,,,,,,,,,,,,,,,,,,,,,,,,,,,,,,,,,,,,,,,,,,,,,,,,,,,,,,,,,,
E0,27/04/2024,12:30,West Ham,Liverpool,2,2,D,1,0,H,A Taylor,11,28,8,8,8,10,5,8,0,2,0,0,5.5,5.0,1.5,5.5,4.75,1.52,,,,5.84,5.03,1.5,5.5,5.0,1.5,5.75,4.75,1.45,6.0,5.18,1.58,5.63,4.89,1.51,1.36,3.2,1.38,3.2,1.42,3.27,1.37,3.1,1.0,2.05,1.75,2.15,1.77,2.15,1.9,2.1,1.78,5.0,4.75,1.55,5.25,4.75,1.53,,,,5.35,4.95,1.56,5.0,4.75,1.57,5.5,4.6,1.53,5.5,5.1,1.58,5.26,4.81,1.55,1.36,3.2,1.39,3.13,1.42,3.35,1.37,3.14,1.0,2.05,1.85,2.05,1.86,2.09,1.9,2.02,1.85,2324,,,,,,,,,,,,,,,,,,,,,,,,,,,,,,,,,,,,,,,,,,,,,,,,,,,,,,,,,,,,,,,,,,,,,,
E0,27/04/2024,15:00,Fulham,Crystal Palace,1,1,D,0,0,D,S Attwell,9,14,2,4,11,15,5,9,0,2,0,0,2.1,3.5,3.5,2.0,3.6,3.5,,,,2.14,3.63,3.43,2.1,3.6,3.3,2.05,3.5,3.3,2.17,3.75,3.6,2.11,3.6,3.42,1.73,2.1,1.7,2.24,1.75,2.28,1.7,2.18,-0.25,1.83,2.07,1.87,2.05,1.88,2.14,1.82,2.05,2.05,3.5,3.5,2.1,3.4,3.5,,,,2.11,3.45,3.78,2.0,3.5,3.5,2.1,3.5,3.5,2.16,3.75,3.79,2.1,3.48,3.56,1.98,1.92,1.97,1.93,2.0,2.14,1.87,1.97,-0.25,1.75,2.05,1.81,2.11,1.85,2.14,1.8,2.07,2324,,,,,,,,,,,,,,,,,,,,,,,,,,,,,,,,,,,,,,,,,,,,,,,,,,,,,,,,,,,,,,,,,,,,,,
E0,27/04/2024,15:00,Man United,Burnley,1,1,D,0,0,D,J Brooks,27,16,10,7,7,11,6,5,1,3,0,0,1.5,4.75,5.5,1.51,4.75,5.5,,,,1.53,5.01,5.35,1.5,4.8,5.5,1.45,4.6,5.5,1.57,5.2,5.75,1.52,4.9,5.44,1.36,3.2,1.37,3.24,1.41,3.39,1.36,3.15,-1.25,2.07,1.83,2.08,1.82,2.09,1.88,2.05,1.82,1.5,5.0,5.5,1.5,5.0,5.25,,,,1.5,5.29,5.72,1.53,5.0,5.5,1.5,5.0,5.75,1.55,5.3,5.9,1.5,5.09,5.59,1.29,3.75,1.34,3.37,1.41,3.82,1.31,3.54,-1.25,2.03,1.87,2.04,1.89,2.08,1.9,2.01,1.86,2324,,,,,,,,,,,,,,,,,,,,,,,,,,,,,,,,,,,,,,,,,,,,,,,,,,,,,,,,,,,,,,,,,,,,,,
E0,27/04/2024,15:00,Newcastle,Sheffield United,5,1,H,1,1,D,T Harrington,20,15,7,5,9,10,4,5,0,0,0,0,1.22,7.0,11.0,1.23,6.75,11.0,,,,1.24,7.18,10.5,1.2,7.0,12.0,1.2,6.5,11.5,1.25,7.6,12.9,1.23,7.04,11.1,1.33,3.4,1.34,3.35,1.37,3.45,1.33,3.31,-2.0,2.04,1.86,2.07,1.83,2.08,1.88,2.01,1.85,1.2,7.5,11.0,1.23,7.25,10.5,,,,1.2,7.87,12.52,1.25,7.0,10.0,1.2,7.0,13.0,1.25,7.96,13.0,1.22,7.35,11.45,1.29,3.75,1.32,3.48,1.33,3.87,1.3,3.57,-2.0,1.98,1.92,1.99,1.92,2.07,1.96,1.99,1.88,2324,,,,,,,,,,,,,,,,,,,,,,,,,,,,,,,,,,,,,,,,,,,,,,,,,,,,,,,,,,,,,,,,,,,,,,
E0,27/04/2024,15:00,Wolves,Luton,2,1,H,1,0,H,D Coote,13,9,5,6,14,14,4,4,3,1,0,0,1.95,3.8,3.6,2.0,3.7,3.4,,,,1.98,3.9,3.65,1.95,3.8,3.5,1.95,3.6,3.5,2.04,4.03,3.78,1.98,3.83,3.58,1.62,2.3,1.66,2.32,1.67,2.4,1.63,2.31,-0.5,2.01,1.89,1.99,1.91,2.04,1.91,1.98,1.87,1.91,3.75,3.75,1.9,3.8,3.75,,,,1.93,3.85,3.96,1.91,3.9,3.9,1.9,3.75,3.9,2.0,4.0,4.1,1.9,3.84,3.87,1.67,2.2,1.7,2.25,1.71,2.38,1.64,2.29,-0.5,1.95,1.95,1.95,1.98,2.01,2.04,1.9,1.97,2324,,,,,,,,,,,,,,,,,,,,,,,,,,,,,,,,,,,,,,,,,,,,,,,,,,,,,,,,,,,,,,,,,,,,,,
E0,27/04/2024,17:30,Everton,Brentford,1,0,H,0,0,D,D England,18,10,1,4,10,12,6,6,1,2,0,0,2.3,3.5,3.0,2.37,3.5,2.8,,,,2.34,3.54,3.09,2.3,3.6,2.88,2.3,3.3,2.9,2.45,3.68,3.13,2.36,3.5,2.97,1.87,2.03,1.86,2.03,1.9,2.11,1.83,2.01,-0.25,2.05,1.85,2.03,1.88,2.1,1.9,2.03,1.83,2.8,3.5,2.4,2.85,3.4,2.45,,,,3.0,3.44,2.48,2.62,3.5,2.5,2.88,3.4,2.45,3.0,3.6,2.88,2.84,3.42,2.49,1.89,2.01,1.94,1.96,1.95,2.02,1.89,1.93,0.0,2.1,1.8,2.16,1.78,2.17,1.85,2.09,1.79,2324,,,,,,,,,,,,,,,,,,,,,,,,,,,,,,,,,,,,,,,,,,,,,,,,,,,,,,,,,,,,,,,,,,,,,,
E0,27/04/2024,20:00,Aston Villa,Chelsea,2,2,D,2,0,H,C Pawson,9,21,4,5,13,14,2,4,3,5,0,0,2.15,3.8,3.0,2.15,3.8,2.95,,,,2.14,4.04,3.13,2.2,3.9,2.9,2.1,3.75,3.0,2.25,4.1,3.21,2.17,3.9,3.06,1.44,2.75,1.47,2.81,1.47,2.88,1.44,2.77,-0.25,1.9,2.0,1.9,2.01,1.97,2.03,1.9,1.95,2.05,3.8,3.4,2.05,3.8,3.2,,,,2.05,4.08,3.43,2.1,4.2,3.1,2.0,4.0,3.3,2.14,4.2,3.43,2.06,3.98,3.28,1.44,2.75,1.46,2.84,1.47,3.12,1.43,2.86,-0.5,2.05,1.85,2.06,1.88,2.09,1.89,2.06,1.83,2324,,,,,,,,,,,,,,,,,,,,,,,,,,,,,,,,,,,,,,,,,,,,,,,,,,,,,,,,,,,,,,,,,,,,,,
E0,28/04/2024,14:00,Bournemouth,Brighton,3,0,H,1,0,H,P Tierney,15,13,6,1,14,10,8,2,2,2,0,0,2.25,3.8,2.9,2.3,3.75,2.8,,,,2.27,3.85,2.99,2.2,3.9,2.88,2.2,3.7,2.88,2.32,4.01,3.05,2.26,3.8,2.94,1.44,2.75,1.5,2.7,1.5,2.79,1.47,2.68,-0.25,1.99,1.91,2.0,1.91,2.01,1.96,1.96,1.89,1.91,4.2,3.5,1.93,4.0,3.4,,,,1.96,4.17,3.57,2.0,3.9,3.3,1.93,4.0,3.6,2.04,4.27,3.66,1.96,4.07,3.49,1.4,3.0,1.42,3.02,1.42,3.12,1.4,2.99,-0.5,1.95,1.95,1.98,1.95,2.01,2.0,1.96,1.92,2324,,,,,,,,,,,,,,,,,,,,,,,,,,,,,,,,,,,,,,,,,,,,,,,,,,,,,,,,,,,,,,,,,,,,,,
E0,28/04/2024,14:00,Tottenham,Arsenal,2,3,A,0,3,A,M Oliver,14,9,2,3,12,16,8,6,2,1,0,0,4.2,4.2,1.75,4.2,4.1,1.73,,,,4.19,4.07,1.81,3.9,4.0,1.8,4.1,4.0,1.73,4.3,4.27,1.86,4.12,4.07,1.8,1.5,2.63,1.51,2.65,1.52,2.72,1.48,2.63,0.75,1.89,2.01,1.87,2.04,1.94,2.05,1.86,1.98,4.33,4.0,1.73,4.33,4.1,1.71,,,,4.35,4.21,1.78,4.2,4.2,1.75,4.6,4.1,1.7,4.63,4.33,1.81,4.42,4.17,1.74,1.53,2.5,1.53,2.63,1.55,2.69,1.52,2.58,0.75,1.92,2.01,1.93,1.99,2.01,2.01,1.93,1.93,2324,,,,,,,,,,,,,,,,,,,,,,,,,,,,,,,,,,,,,,,,,,,,,,,,,,,,,,,,,,,,,,,,,,,,,,
E0,28/04/2024,16:30,Nott'm Forest,Man City,0,2,A,0,1,A,S Hooper,14,11,2,5,8,6,4,5,0,0,0,0,8.0,6.0,1.3,9.0,5.75,1.31,,,,10.15,5.89,1.3,9.5,5.5,1.29,9.5,5.25,1.29,11.0,6.0,1.38,9.5,5.72,1.31,1.53,2.5,1.56,2.53,1.57,2.57,1.53,2.5,1.5,1.99,1.91,1.99,1.91,2.04,2.06,1.96,1.9,12.0,6.0,1.25,9.0,5.75,1.3,,,,11.0,6.2,1.29,10.0,5.8,1.3,10.5,5.75,1.29,12.9,6.3,1.31,10.37,5.96,1.28,1.5,2.63,1.53,2.6,1.58,2.72,1.53,2.55,1.5,2.03,1.9,2.04,1.9,2.06,1.93,2.01,1.87,2324,,,,,,,,,,,,,,,,,,,,,,,,,,,,,,,,,,,,,,,,,,,,,,,,,,,,,,,,,,,,,,,,,,,,,,
E0,02/05/2024,19:30,Chelsea,Tottenham,2,0,H,1,0,H,R Jones,16,19,5,3,12,16,4,9,0,1,0,0,2.15,3.8,3.0,2.2,4.0,2.8,,,,2.22,4.15,2.92,2.15,4.0,2.9,2.15,4.0,2.8,2.25,4.36,3.05,2.2,4.05,2.91,1.3,3.5,1.35,3.15,1.33,3.67,1.31,3.44,-0.25,1.95,1.95,1.97,1.93,1.97,1.98,1.93,1.92,2.4,4.0,2.6,2.45,3.9,2.55,,,,2.46,4.04,2.68,2.45,4.0,2.5,2.4,4.0,2.6,2.55,4.1,2.76,2.46,4.0,2.6,1.33,3.4,1.35,3.38,1.35,3.7,1.32,3.45,0.0,1.87,2.03,1.88,2.05,1.91,2.06,1.87,1.99,2324,,,,,,,,,,,,,,,,,,,,,,,,,,,,,,,,,,,,,,,,,,,,,,,,,,,,,,,,,,,,,,,,,,,,,,
E0,03/05/2024,20:00,Luton,Everton,1,1,D,1,1,D,T Robinson,18,10,5,3,14,12,8,7,1,3,0,0,2.6,3.6,2.55,2.6,3.5,2.6,,,,2.71,3.52,2.63,2.6,3.7,2.62,2.63,3.5,2.6,2.74,3.75,2.7,2.66,3.58,2.62,1.73,2.1,1.78,2.13,1.79,2.2,1.74,2.12,0.0,1.99,1.94,1.98,1.92,2.01,1.96,1.95,1.91,2.7,3.6,2.45,2.75,3.5,2.45,,,,2.78,3.7,2.52,2.62,3.75,2.45,2.75,3.6,2.45,2.86,3.83,2.55,2.77,3.62,2.48,1.73,2.1,1.72,2.22,1.76,2.31,1.69,2.19,0.0,2.07,1.86,2.07,1.87,2.08,1.87,2.04,1.83,2324,,,,,,,,,,,,,,,,,,,,,,,,,,,,,,,,,,,,,,,,,,,,,,,,,,,,,,,,,,,,,,,,,,,,,,
E0,04/05/2024,12:30,Arsenal,Bournemouth,3,0,H,1,0,H,D Coote,25,7,9,2,16,12,6,1,2,3,0,0,1.22,7.5,11.0,1.2,7.25,12.5,,,,1.2,7.76,12.56,1.18,7.5,12.0,1.17,7.0,13.0,1.23,8.2,14.0,1.2,7.59,12.74,1.33,3.4,1.35,3.28,1.38,3.4,1.34,3.23,-2.0,1.95,1.98,1.94,1.94,1.96,1.98,1.93,1.92,1.2,7.0,13.0,1.24,7.0,9.75,,,,1.21,7.25,14.0,1.22,7.0,12.0,1.22,7.0,12.0,1.25,7.5,15.0,1.22,7.12,12.18,1.33,3.4,1.33,3.4,1.35,3.5,1.33,3.28,-1.75,1.85,2.08,1.85,2.08,1.86,2.16,1.8,2.07,2324,,,,,,,,,,,,,,,,,,,,,,,,,,,,,,,,,,,,,,,,,,,,,,,,,,,,,,,,,,,,,,,,,,,,,,
E0,04/05/2024,15:00,Brentford,Fulham,0,0,D,0,0,D,G Scott,7,15,3,3,3,6,7,6,1,1,0,0,2.1,3.8,3.2,2.1,3.7,3.2,,,,2.13,3.85,3.27,2.05,3.8,3.2,2.05,3.6,3.2,2.17,3.95,3.34,2.12,3.8,3.25,1.57,2.38,1.61,2.42,1.65,2.45,1.59,2.38,-0.25,1.86,2.07,1.88,2.03,1.9,2.07,1.84,2.02,2.05,3.8,3.25,2.05,3.75,3.25,,,,2.09,3.8,3.49,2.05,3.9,3.3,2.05,3.75,3.4,2.13,3.97,3.52,2.07,3.82,3.36,1.62,2.3,1.65,2.35,1.66,2.55,1.59,2.39,-0.25,1.84,2.09,1.83,2.11,1.85,2.12,1.81,2.06,2324,,,,,,,,,,,,,,,,,,,,,,,,,,,,,,,,,,,,,,,,,,,,,,,,,,,,,,,,,,,,,,,,,,,,,,
E0,04/05/2024,15:00,Burnley,Newcastle,1,4,A,0,3,A,A Taylor,17,23,5,11,8,8,4,11,2,2,0,0,3.4,4.0,1.95,3.3,3.9,2.0,,,,3.37,4.05,2.04,3.4,4.0,1.95,3.3,3.8,1.95,3.5,4.16,2.07,3.38,3.98,2.02,1.5,2.63,1.5,2.7,1.51,2.75,1.48,2.64,0.25,2.08,1.73,2.12,1.79,2.13,1.8,2.1,1.76,3.4,4.0,1.95,3.25,4.0,1.98,,,,3.37,4.21,2.02,3.2,3.9,2.05,3.4,4.0,2.0,3.65,4.21,2.07,3.35,4.08,2.01,1.44,2.75,1.45,2.89,1.45,3.02,1.43,2.86,0.5,1.92,2.01,1.9,2.04,1.94,2.05,1.87,2.01,2324,,,,,,,,,,,,,,,,,,,,,,,,,,,,,,,,,,,,,,,,,,,,,,,,,,,,,,,,,,,,,,,,,,,,,,
E0,04/05/2024,15:00,Sheffield United,Nott'm Forest,1,3,A,1,1,D,C Kavanagh,17,15,5,4,9,7,5,3,0,1,1,0,4.75,4.2,1.65,4.75,4.2,1.65,,,,4.57,4.31,1.71,4.6,4.2,1.65,4.75,4.0,1.62,5.1,4.4,1.74,4.68,4.25,1.69,1.57,2.38,1.59,2.46,1.63,2.5,1.57,2.43,0.75,2.04,1.89,2.0,1.91,2.04,1.91,1.99,1.85,4.75,4.2,1.67,4.5,4.1,1.7,,,,5.08,4.27,1.67,4.6,4.2,1.67,5.0,4.1,1.65,5.08,4.4,1.73,4.83,4.2,1.68,1.57,2.38,1.61,2.42,1.61,2.5,1.57,2.42,0.75,2.08,1.85,2.09,1.85,2.1,1.85,2.04,1.83,2324,,,,,,,,,,,,,,,,,,,,,,,,,,,,,,,,,,,,,,,,,,,,,,,,,,,,,,,,,,,,,,,,,,,,,,
E0,04/05/2024,17:30,Man City,Wolves,5,1,H,3,0,H,C Pawson,20,2,12,1,4,17,6,0,0,4,0,0,1.08,12.0,21.0,1.11,11.0,23.0,,,,1.09,13.16,25.65,1.07,11.0,26.0,1.07,10.0,23.0,1.12,14.0,32.0,1.09,11.51,25.33,1.3,3.5,1.31,3.53,1.32,3.73,1.3,3.52,-2.5,1.88,2.05,1.86,2.03,1.9,2.06,1.86,2.0,1.08,13.0,19.0,1.11,11.0,19.0,,,,1.1,13.5,24.0,1.1,11.0,21.0,1.08,11.5,26.0,1.12,14.7,29.0,1.1,12.16,23.44,1.25,4.0,1.31,3.57,1.28,4.1,1.26,3.92,-2.5,1.88,2.05,1.89,2.03,1.92,2.07,1.86,2.02,2324,,,,,,,,,,,,,,,,,,,,,,,,,,,,,,,,,,,,,,,,,,,,,,,,,,,,,,,,,,,,,,,,,,,,,,
E0,05/05/2024,14:00,Brighton,Aston Villa,1,0,H,0,0,D,R Jones,15,2,8,1,13,10,7,3,2,1,0,0,2.75,3.75,2.45,2.7,3.8,2.35,,,,2.75,3.76,2.48,2.62,3.9,2.38,2.63,3.7,2.38,2.78,4.03,2.51,2.72,3.77,2.43,1.5,2.63,1.52,2.63,1.52,2.72,1.48,2.63,0.0,2.08,1.85,2.06,1.85,2.08,1.87,2.04,1.82,2.3,3.6,2.8,2.37,3.8,2.65,,,,2.41,3.85,2.84,2.5,3.75,2.6,2.4,3.8,2.7,2.63,3.95,2.84,2.45,3.81,2.7,1.44,2.75,1.47,2.83,1.47,2.95,1.43,2.84,0.0,1.73,2.08,1.8,2.13,1.89,2.13,1.82,2.02,2324,,,,,,,,,,,,,,,,,,,,,,,,,,,,,,,,,,,,,,,,,,,,,,,,,,,,,,,,,,,,,,,,,,,,,,
E0,05/05/2024,14:00,Chelsea,West Ham,5,0,H,3,0,H,A Madley,25,13,14,2,12,10,8,6,1,3,0,0,1.65,4.5,4.5,1.62,4.6,4.6,,,,1.66,4.62,4.59,1.65,4.5,4.4,1.6,4.33,4.6,1.7,4.75,5.0,1.65,4.55,4.58,1.4,3.0,1.41,3.02,1.43,3.07,1.4,2.93,-1.0,2.09,1.84,2.09,1.83,2.09,1.84,2.05,1.81,1.5,5.0,5.5,1.51,4.8,5.25,,,,1.5,5.15,5.91,1.5,5.0,5.8,1.45,5.0,6.0,1.53,5.2,6.1,1.5,5.05,5.71,1.33,3.4,1.36,3.33,1.37,3.5,1.34,3.3,-1.25,2.03,1.9,2.0,1.93,2.05,1.93,1.99,1.87,2324,,,,,,,,,,,,,,,,,,,,,,,,,,,,,,,,,,,,,,,,,,,,,,,,,,,,,,,,,,,,,,,,,,,,,,
E0,05/05/2024,16:30,Liverpool,Tottenham,4,2,H,2,0,H,P Tierney,25,11,13,6,14,12,8,3,1,4,0,0,1.5,5.75,5.0,1.47,5.25,5.5,,,,1.48,5.3,5.73,1.5,5.0,5.5,1.44,5.0,5.5,1.54,5.75,6.0,1.48,5.26,5.61,1.25,4.0,,,1.29,4.0,1.26,3.82,-1.25,1.98,1.95,1.95,1.95,2.0,1.95,1.94,1.91,1.44,5.75,5.5,1.42,5.5,6.0,,,,1.42,5.9,6.4,1.44,5.5,5.8,1.44,5.75,5.75,1.48,5.9,6.9,1.43,5.69,6.13,1.25,4.0,,,1.29,4.33,1.25,3.97,-1.5,2.0,1.8,2.05,1.89,2.06,1.89,2.01,1.85,2324,,,,,,,,,,,,,,,,,,,,,,,,,,,,,,,,,,,,,,,,,,,,,,,,,,,,,,,,,,,,,,,,,,,,,,
E0,06/05/2024,20:00,Crystal Palace,Man United,4,0,H,2,0,H,J Gillett ,18,7,10,2,12,8,6,3,1,1,0,0,2.38,3.75,2.8,2.4,3.7,2.7,,,,2.39,3.81,2.83,2.3,3.9,2.7,2.3,3.6,2.75,2.42,3.99,2.89,2.38,3.76,2.79,1.53,2.5,1.56,2.54,1.57,2.57,1.53,2.48,-0.25,2.1,1.83,2.1,1.82,2.19,1.87,2.07,1.79,1.95,3.8,3.6,1.98,3.8,3.4,,,,1.99,4.05,3.57,2.05,3.9,3.3,1.95,3.8,3.6,2.15,4.17,3.6,2.03,3.93,3.43,1.53,2.5,1.55,2.58,1.57,2.66,1.52,2.55,-0.5,2.02,1.91,2.01,1.93,2.05,1.93,2.01,1.87,2324,,,,,,,,,,,,,,,,,,,,,,,,,,,,,,,,,,,,,,,,,,,,,,,,,,,,,,,,,,,,,,,,,,,,,,
E0,11/05/2024,12:30,Fulham,Man City,0,4,A,0,1,A,A Taylor,1,16,1,9,9,6,1,7,1,0,1,0,13.0,7.0,1.2,11.0,7.0,1.23,,,,12.95,7.04,1.21,12.0,7.0,1.22,13.0,7.0,1.2,14.0,7.5,1.26,12.3,7.05,1.22,1.36,3.2,1.36,3.22,1.38,3.3,1.34,3.18,2.0,1.84,2.06,1.83,2.08,1.96,2.07,1.84,2.02,12.0,7.0,1.2,9.5,6.75,1.25,,,,10.9,7.4,1.24,10.0,7.0,1.25,11.5,7.0,1.22,14.52,7.6,1.27,11.13,7.21,1.23,1.33,3.4,1.33,3.43,1.35,3.54,1.33,3.39,2.0,1.75,2.05,1.76,2.17,1.92,2.17,1.81,2.07,2324,,,,,,,,,,,,,,,,,,,,,,,,,,,,,,,,,,,,,,,,,,,,,,,,,,,,,,,,,,,,,,,,,,,,,,
E0,11/05/2024,15:00,Bournemouth,Brentford,1,2,A,0,0,D,M Donohue,13,11,4,5,16,12,3,8,2,2,0,0,1.95,4.0,3.5,1.95,3.9,3.5,,,,1.96,4.07,3.57,1.95,4.0,3.4,1.93,3.8,3.4,2.02,4.21,3.7,1.98,3.99,3.5,1.44,2.75,1.48,2.76,1.49,2.82,1.46,2.71,-0.5,1.98,1.92,1.97,1.93,2.01,1.94,1.98,1.89,2.15,3.6,3.2,2.1,3.8,3.1,,,,2.16,3.88,3.25,2.1,3.9,3.1,2.1,3.9,3.13,2.16,4.1,3.4,2.11,3.9,3.22,1.5,2.63,1.5,2.72,1.5,3.02,1.44,2.82,-0.25,1.92,2.01,1.9,2.03,1.92,2.17,1.84,2.03,2324,,,,,,,,,,,,,,,,,,,,,,,,,,,,,,,,,,,,,,,,,,,,,,,,,,,,,,,,,,,,,,,,,,,,,,
E0,11/05/2024,15:00,Everton,Sheffield United,1,0,H,1,0,H,S Attwell,15,13,6,1,6,11,3,6,1,2,0,0,1.4,4.8,7.5,1.42,5.0,7.0,,,,1.4,5.3,7.47,1.4,5.0,7.0,1.36,4.8,7.5,1.44,5.5,8.0,1.4,5.13,7.46,1.53,2.5,1.55,2.57,1.57,2.57,1.54,2.48,-1.25,1.89,2.01,1.87,2.04,1.91,2.04,1.86,1.99,1.4,5.0,7.0,1.43,4.8,6.75,,,,1.44,5.07,7.03,1.44,5.0,7.0,1.4,5.0,7.5,1.47,5.38,7.69,1.43,5.05,7.08,1.53,2.5,1.54,2.59,1.55,2.63,1.52,2.55,-1.25,1.94,1.99,1.94,1.98,1.94,2.12,1.89,1.97,2324,,,,,,,,,,,,,,,,,,,,,,,,,,,,,,,,,,,,,,,,,,,,,,,,,,,,,,,,,,,,,,,,,,,,,,
E0,11/05/2024,15:00,Newcastle,Brighton,1,1,D,1,1,D,D England,18,15,7,4,9,16,8,4,3,4,0,0,1.57,4.75,4.75,1.58,4.75,4.75,,,,1.59,4.93,4.84,1.6,4.6,4.6,1.55,4.5,4.8,1.63,5.0,5.0,1.59,4.81,4.84,1.33,3.4,1.33,3.44,1.35,3.52,1.33,3.32,-1.0,1.92,1.98,1.93,1.97,1.96,2.01,1.92,1.94,1.57,4.75,5.0,1.58,4.6,4.8,,,,1.6,4.84,5.01,1.6,4.5,4.75,1.55,4.6,5.25,1.62,5.0,5.5,1.59,4.75,4.99,1.36,3.2,1.39,3.17,1.41,3.3,1.37,3.14,-1.0,1.94,1.99,1.96,1.96,1.97,2.0,1.92,1.95,2324,,,,,,,,,,,,,,,,,,,,,,,,,,,,,,,,,,,,,,,,,,,,,,,,,,,,,,,,,,,,,,,,,,,,,,
E0,11/05/2024,15:00,Tottenham,Burnley,2,1,H,1,1,D,J Gillett,21,7,9,3,10,14,9,3,3,5,0,0,1.36,5.75,7.0,1.33,6.0,7.5,,,,1.35,6.16,7.27,1.33,5.8,7.5,1.3,5.75,7.5,1.39,6.3,7.9,1.35,6.01,7.33,1.25,4.0,1.32,3.36,1.26,4.3,1.24,4.05,-1.5,1.88,2.02,1.87,2.04,1.9,2.07,1.85,2.01,1.29,6.5,8.0,1.32,6.0,7.75,,,,1.31,6.53,8.32,1.33,5.5,7.5,1.29,6.5,8.5,1.37,6.71,9.0,1.32,6.25,8.08,1.22,4.33,1.32,3.36,1.25,4.5,1.22,4.29,-1.5,1.75,2.05,1.79,2.11,1.88,2.18,1.79,2.09,2324,,,,,,,,,,,,,,,,,,,,,,,,,,,,,,,,,,,,,,,,,,,,,,,,,,,,,,,,,,,,,,,,,,,,,,
E0,11/05/2024,15:00,West Ham,Luton,3,1,H,0,1,A,M Oliver,24,4,8,1,9,15,7,6,1,3,0,0,1.8,4.2,3.8,1.8,4.1,3.9,,,,1.82,4.53,3.78,1.8,4.2,3.75,1.75,4.0,3.9,1.86,4.6,4.04,1.82,4.33,3.83,1.44,2.75,1.43,2.94,1.45,2.98,1.42,2.84,-0.75,2.03,1.87,2.03,1.88,2.04,1.91,2.0,1.86,1.85,4.0,3.8,1.85,4.1,3.7,,,,1.88,4.27,3.77,1.85,4.2,3.6,1.85,4.1,3.75,1.9,4.5,4.02,1.86,4.23,3.76,1.4,3.0,1.41,3.04,1.43,3.17,1.39,3.02,-0.5,1.9,2.03,1.89,2.03,1.92,2.11,1.86,2.02,2324,,,,,,,,,,,,,,,,,,,,,,,,,,,,,,,,,,,,,,,,,,,,,,,,,,,,,,,,,,,,,,,,,,,,,,
E0,11/05/2024,15:00,Wolves,Crystal Palace,1,3,A,0,2,A,T Bramall,13,13,7,3,13,12,8,3,3,2,0,1,2.88,3.5,2.38,2.75,3.5,2.45,,,,2.9,3.49,2.49,2.8,3.5,2.38,2.75,3.4,2.4,3.0,3.6,2.54,2.86,3.51,2.47,1.8,2.0,1.83,2.06,1.86,2.1,1.79,2.04,0.0,2.08,1.73,2.12,1.81,2.13,1.85,2.08,1.77,3.2,3.5,2.2,3.1,3.5,2.2,,,,3.31,3.63,2.22,3.1,3.4,2.25,3.25,3.5,2.2,3.37,3.63,2.46,3.2,3.55,2.24,1.8,2.0,1.83,2.07,1.88,2.09,1.81,2.03,0.25,1.95,1.98,1.99,1.93,1.99,2.13,1.93,1.94,2324,,,,,,,,,,,,,,,,,,,,,,,,,,,,,,,,,,,,,,,,,,,,,,,,,,,,,,,,,,,,,,,,,,,,,,
E0,11/05/2024,17:30,Nott'm Forest,Chelsea,2,3,A,1,1,D,T Harrington,20,12,4,5,14,8,5,6,2,3,0,0,3.4,3.8,2.0,3.3,3.9,2.0,,,,3.44,3.93,2.04,3.3,3.9,2.05,3.25,3.75,2.0,3.6,4.21,2.08,3.39,3.94,2.03,1.5,2.63,1.51,2.67,1.51,2.75,1.48,2.64,0.5,1.87,2.03,1.86,2.05,1.87,2.08,1.84,2.02,4.0,4.0,1.85,4.1,3.9,1.8,,,,4.04,3.98,1.88,4.0,4.2,1.83,4.5,3.9,1.75,4.5,4.2,2.06,4.11,3.99,1.84,1.62,2.3,1.65,2.35,1.65,2.54,1.58,2.4,0.5,2.05,1.88,2.04,1.9,2.14,2.08,2.02,1.86,2324,,,,,,,,,,,,,,,,,,,,,,,,,,,,,,,,,,,,,,,,,,,,,,,,,,,,,,,,,,,,,,,,,,,,,,
E0,12/05/2024,16:30,Man United,Arsenal,0,1,A,0,1,A,P Tierney,14,11,2,5,5,6,4,7,0,2,0,0,7.0,5.5,1.36,6.75,5.25,1.4,,,,7.2,5.68,1.38,7.0,5.5,1.36,7.5,5.25,1.33,7.5,5.8,1.43,7.08,5.5,1.39,1.36,3.2,1.37,3.21,1.4,3.22,1.37,3.09,1.5,1.91,1.99,1.92,1.99,1.92,2.03,1.87,1.99,9.5,6.0,1.29,9.75,6.25,1.27,,,,9.75,7.05,1.26,8.5,5.8,1.3,8.5,6.5,1.29,9.81,7.05,1.36,9.06,6.14,1.3,1.4,3.0,1.4,3.03,1.4,3.4,1.37,3.06,1.75,1.92,1.92,1.99,1.93,1.99,2.04,1.89,1.95,2324,,,,,,,,,,,,,,,,,,,,,,,,,,,,,,,,,,,,,,,,,,,,,,,,,,,,,,,,,,,,,,,,,,,,,,
E0,13/05/2024,20:00,Aston Villa,Liverpool,3,3,D,1,2,A,S Hooper,19,14,5,7,11,15,5,4,1,1,0,0,4.2,4.33,1.7,4.0,4.5,1.71,,,,4.16,4.7,1.71,4.0,4.5,1.7,4.1,4.33,1.67,4.4,4.75,1.77,4.15,4.55,1.71,1.33,3.4,1.37,3.26,1.37,3.4,1.33,3.28,0.75,1.99,1.91,2.01,1.9,2.01,1.91,1.97,1.87,3.7,4.75,1.75,3.75,4.4,1.78,,,,3.9,4.58,1.8,3.75,4.33,1.8,3.75,4.33,1.75,3.95,4.85,1.83,3.83,4.53,1.79,1.36,3.2,1.39,3.16,1.39,3.3,1.36,3.2,0.75,1.92,2.01,1.92,2.02,1.92,2.03,1.89,1.98,2324,,,,,,,,,,,,,,,,,,,,,,,,,,,,,,,,,,,,,,,,,,,,,,,,,,,,,,,,,,,,,,,,,,,,,,
E0,14/05/2024,20:00,Tottenham,Man City,0,2,A,0,0,D,C Kavanagh,10,8,5,5,14,11,7,4,3,3,0,0,6.5,6.0,1.36,6.75,5.75,1.38,,,,7.15,6.3,1.36,7.0,5.5,1.4,7.5,5.5,1.36,7.5,6.5,1.41,6.94,5.91,1.38,1.25,4.0,,,1.3,4.0,1.27,3.79,1.5,1.95,1.98,1.98,1.94,1.98,2.03,1.93,1.94,6.5,6.0,1.36,6.0,5.5,1.41,,,,6.6,6.35,1.38,6.5,5.5,1.36,7.0,5.5,1.36,7.5,6.6,1.42,6.73,6.02,1.38,1.29,3.75,,,1.32,4.1,1.29,3.68,1.5,1.87,2.06,1.88,2.05,1.94,2.07,1.89,1.98,2324,,,,,,,,,,,,,,,,,,,,,,,,,,,,,,,,,,,,,,,,,,,,,,,,,,,,,,,,,,,,,,,,,,,,,,
E0,15/05/2024,19:45,Brighton,Chelsea,1,2,A,0,1,A,M Salisbury,12,13,2,6,13,14,4,6,2,2,0,1,3.3,4.0,1.95,3.1,3.9,2.05,,,,3.42,3.97,2.04,3.3,4.2,1.95,3.25,3.9,1.95,3.52,4.21,2.05,3.37,3.99,2.02,1.4,3.0,1.42,2.97,1.42,3.12,1.4,2.98,0.5,1.89,2.01,1.86,2.05,1.9,2.05,1.86,2.01,3.2,4.0,2.0,3.2,4.0,2.0,,,,3.2,4.22,2.09,3.25,4.2,2.05,3.2,4.0,2.05,3.44,4.24,2.1,3.25,4.08,2.06,1.36,3.2,1.38,3.2,1.38,3.39,1.36,3.2,0.5,1.86,2.07,1.83,2.09,1.86,2.11,1.82,2.06,2324,,,,,,,,,,,,,,,,,,,,,,,,,,,,,,,,,,,,,,,,,,,,,,,,,,,,,,,,,,,,,,,,,,,,,,
E0,15/05/2024,20:00,Man United,Newcastle,3,2,H,1,0,H,R Jones,17,21,8,8,16,7,9,9,3,3,0,0,2.75,4.0,2.3,2.65,4.0,2.3,,,,2.75,4.07,2.36,2.6,4.2,2.3,2.63,3.9,2.3,2.85,4.26,2.4,2.73,4.04,2.34,1.33,3.4,1.36,3.31,1.36,3.52,1.33,3.33,0.25,1.83,2.07,1.83,2.09,1.83,2.11,1.81,2.05,2.7,3.9,2.35,2.65,3.9,2.37,,,,2.73,3.9,2.47,2.62,3.8,2.4,2.63,4.0,2.38,2.86,4.2,2.47,2.7,3.95,2.4,1.36,3.2,1.39,3.13,1.4,3.3,1.37,3.12,0.0,2.1,1.83,2.07,1.87,2.13,1.89,2.06,1.83,2324,,,,,,,,,,,,,,,,,,,,,,,,,,,,,,,,,,,,,,,,,,,,,,,,,,,,,,,,,,,,,,,,,,,,,,
E0,19/05/2024,16:00,Arsenal,Everton,2,1,H,1,1,D,M Oliver,26,5,5,2,8,11,8,1,4,3,0,0,1.18,8.0,12.0,1.18,7.75,14.5,,,,1.17,8.37,15.6,1.15,8.0,15.0,1.14,7.5,15.0,1.19,8.9,17.0,1.17,8.04,15.37,1.36,3.2,1.38,3.13,1.41,3.2,1.38,3.04,-2.0,1.83,2.07,1.8,2.08,1.88,2.09,1.82,2.05,1.22,7.5,10.0,1.22,7.0,11.5,,,,1.22,7.16,13.07,1.22,7.0,11.0,1.2,7.0,13.0,1.24,8.0,15.0,1.22,7.25,12.71,1.36,3.2,1.39,3.1,1.41,3.2,1.38,3.09,-2.0,2.04,1.89,2.02,1.89,2.05,1.91,1.98,1.89,2324,,,,,,,,,,,,,,,,,,,,,,,,,,,,,,,,,,,,,,,,,,,,,,,,,,,,,,,,,,,,,,,,,,,,,,
E0,19/05/2024,16:00,Brentford,Newcastle,2,4,A,0,3,A,S Hooper,10,12,5,7,15,11,3,0,4,4,0,0,2.9,3.9,2.2,2.9,3.9,2.15,,,,2.97,4.0,2.21,2.88,4.0,2.15,2.88,3.8,2.15,3.04,4.2,2.28,2.94,3.96,2.22,1.36,3.2,1.38,3.09,1.41,3.22,1.38,3.04,0.25,1.95,1.95,1.93,1.95,1.95,1.98,1.9,1.93,2.9,3.9,2.15,2.87,4.0,2.2,,,,2.99,4.05,2.24,2.9,4.0,2.2,2.9,4.0,2.2,3.2,4.11,2.25,2.94,4.01,2.2,1.36,3.2,1.4,3.13,1.4,3.5,1.34,3.24,0.25,1.93,2.0,1.94,1.98,1.97,2.02,1.92,1.94,2324,,,,,,,,,,,,,,,,,,,,,,,,,,,,,,,,,,,,,,,,,,,,,,,,,,,,,,,,,,,,,,,,,,,,,,
E0,19/05/2024,16:00,Brighton,Man United,0,2,A,0,0,D,C Pawson,17,11,3,4,10,9,7,5,1,3,0,0,2.15,4.0,2.9,2.15,4.0,2.87,,,,2.18,4.09,2.98,2.15,4.2,2.8,2.1,4.0,2.88,2.24,4.37,3.0,2.17,4.11,2.95,1.33,3.4,1.34,3.33,1.35,3.52,1.32,3.38,-0.25,1.95,1.95,1.93,1.95,1.96,2.0,1.91,1.94,2.6,4.0,2.38,2.55,3.9,2.45,,,,2.66,4.03,2.48,2.3,4.0,2.38,2.63,4.0,2.38,2.76,4.2,2.55,2.62,4.02,2.44,1.3,3.5,1.35,3.38,1.35,3.6,1.31,3.46,0.0,2.06,1.87,2.04,1.89,2.12,1.89,2.04,1.84,2324,,,,,,,,,,,,,,,,,,,,,,,,,,,,,,,,,,,,,,,,,,,,,,,,,,,,,,,,,,,,,,,,,,,,,,
E0,19/05/2024,16:00,Burnley,Nott'm Forest,1,2,A,0,2,A,G Scott,20,12,3,6,11,5,4,3,1,0,0,0,3.0,3.5,2.3,2.75,3.7,2.35,,,,2.92,3.76,2.32,2.88,3.7,2.25,2.8,3.7,2.25,3.0,3.9,2.37,2.9,3.74,2.32,1.53,2.5,1.53,2.57,1.54,2.66,1.51,2.55,0.25,1.86,2.04,1.85,2.04,1.87,2.08,1.84,2.01,2.8,3.8,2.3,2.85,3.7,2.3,,,,2.85,3.9,2.35,2.88,3.7,2.3,2.88,3.75,2.3,3.15,3.9,2.39,2.9,3.79,2.32,1.53,2.5,1.55,2.59,1.6,2.6,1.54,2.5,0.25,1.85,2.08,1.85,2.08,1.9,2.09,1.85,2.02,2324,,,,,,,,,,,,,,,,,,,,,,,,,,,,,,,,,,,,,,,,,,,,,,,,,,,,,,,,,,,,,,,,,,,,,,
E0,19/05/2024,16:00,Chelsea,Bournemouth,2,1,H,1,0,H,A Taylor,16,22,6,5,5,9,6,5,2,3,0,0,1.45,5.0,6.0,1.46,5.25,5.75,,,,1.45,5.4,5.93,1.44,5.0,5.8,1.4,5.25,6.0,1.49,5.75,6.5,1.45,5.32,5.99,1.29,3.75,,,1.3,3.92,1.27,3.71,-1.25,1.91,1.99,1.9,1.99,1.93,2.02,1.88,1.97,1.38,5.25,7.0,1.38,5.5,6.75,,,,1.4,5.59,7.23,1.44,5.5,7.0,1.36,5.5,7.5,1.44,5.9,7.52,1.4,5.56,6.88,1.3,3.5,1.33,3.48,1.33,3.92,1.3,3.54,-1.5,2.01,1.92,2.02,1.91,2.02,1.96,1.98,1.89,2324,,,,,,,,,,,,,,,,,,,,,,,,,,,,,,,,,,,,,,,,,,,,,,,,,,,,,,,,,,,,,,,,,,,,,,
E0,19/05/2024,16:00,Crystal Palace,Aston Villa,5,0,H,2,0,H,D Bond,15,8,9,2,10,8,2,4,1,4,0,0,1.85,4.33,3.6,1.88,4.1,3.5,,,,1.83,4.37,3.74,1.85,4.2,3.5,1.8,4.0,3.7,1.93,4.5,3.84,1.87,4.28,3.67,1.4,3.0,1.39,3.05,1.42,3.12,1.39,2.96,-0.5,1.87,2.03,1.84,2.06,1.9,2.06,1.85,2.02,1.57,4.5,4.75,1.61,4.33,4.8,,,,1.63,4.64,4.99,1.73,4.4,4.75,1.6,4.4,5.0,1.75,4.67,5.0,1.66,4.49,4.68,1.44,2.75,1.49,2.74,1.5,2.9,1.45,2.78,-0.75,1.73,2.08,1.78,2.16,1.93,2.21,1.81,2.05,2324,,,,,,,,,,,,,,,,,,,,,,,,,,,,,,,,,,,,,,,,,,,,,,,,,,,,,,,,,,,,,,,,,,,,,,
E0,19/05/2024,16:00,Liverpool,Wolves,2,0,H,2,0,H,C Kavanagh,36,4,14,3,14,11,10,2,1,1,0,1,1.17,8.0,15.0,1.17,8.25,14.0,,,,1.16,9.27,13.56,1.14,8.5,15.0,1.13,8.0,15.0,1.18,10.0,17.0,1.16,8.71,14.55,1.22,4.33,,,1.24,4.55,1.22,4.23,-2.25,1.91,1.99,1.87,2.0,1.95,2.05,1.88,1.97,1.13,9.5,17.0,1.14,9.5,15.5,,,,1.13,10.69,16.27,1.14,10.0,19.0,1.11,10.5,19.0,1.15,10.73,19.0,1.13,10.0,17.17,1.17,5.0,,,1.19,5.6,1.15,5.17,-2.75,2.07,1.86,2.04,1.85,2.1,1.89,2.04,1.82,2324,,,,,,,,,,,,,,,,,,,,,,,,,,,,,,,,,,,,,,,,,,,,,,,,,,,,,,,,,,,,,,,,,,,,,,
E0,19/05/2024,16:00,Luton,Fulham,2,4,A,1,2,A,M Donohue,15,15,6,7,15,20,4,4,5,4,0,0,2.9,3.9,2.2,2.87,3.9,2.2,,,,2.93,3.92,2.26,2.8,4.0,2.2,2.88,3.75,2.2,3.0,4.35,2.3,2.92,3.95,2.23,1.44,2.75,1.46,2.77,1.48,2.86,1.44,2.76,0.25,1.91,1.99,1.89,1.99,1.93,2.0,1.89,1.95,3.0,3.9,2.15,2.95,3.8,2.2,,,,3.11,3.99,2.19,3.0,4.0,2.15,3.1,3.8,2.15,3.17,4.0,2.24,3.05,3.93,2.18,1.44,2.75,1.5,2.71,1.5,2.79,1.48,2.69,0.25,2.0,1.93,1.99,1.93,2.02,1.94,1.96,1.91,2324,,,,,,,,,,,,,,,,,,,,,,,,,,,,,,,,,,,,,,,,,,,,,,,,,,,,,,,,,,,,,,,,,,,,,,
E0,19/05/2024,16:00,Man City,West Ham,3,1,H,2,1,H,J Brooks,28,3,12,2,3,12,11,2,0,1,0,0,1.08,12.0,21.0,1.11,11.5,19.5,,,,1.09,13.11,20.39,1.07,12.0,21.0,1.07,10.5,22.0,1.11,14.0,25.0,1.1,11.72,21.81,1.2,4.5,,,1.22,4.85,1.2,4.45,-2.75,1.97,1.93,1.94,1.93,2.07,1.96,1.96,1.9,1.07,15.0,19.0,1.07,14.0,29.0,,,,1.07,15.01,27.84,1.08,15.0,23.0,1.06,15.0,26.0,1.09,17.0,39.0,1.07,14.3,28.36,1.2,4.5,,,1.22,5.2,1.18,4.82,-3.0,2.03,1.9,1.99,1.9,2.05,1.99,1.96,1.91,2324,,,,,,,,,,,,,,,,,,,,,,,,,,,,,,,,,,,,,,,,,,,,,,,,,,,,,,,,,,,,,,,,,,,,,,
E0,19/05/2024,16:00,Sheffield United,Tottenham,0,3,A,0,1,A,A Madley,6,18,1,9,11,9,2,6,2,0,0,0,7.0,6.0,1.33,7.25,6.0,1.33,,,,7.16,6.0,1.35,7.5,6.0,1.3,7.5,5.75,1.3,7.9,6.34,1.39,7.32,6.04,1.35,1.22,4.33,,,1.26,4.4,1.22,4.14,1.5,2.02,1.88,2.02,1.87,2.07,1.9,2.0,1.85,7.5,5.75,1.33,7.5,5.75,1.34,,,,7.99,6.11,1.35,8.5,5.8,1.33,9.0,6.0,1.3,9.0,6.4,1.38,7.72,5.98,1.35,1.29,3.75,,,1.3,4.0,1.27,3.81,1.5,2.06,1.87,2.05,1.88,2.08,1.89,2.01,1.86,2324,,,,,,,,,,,,,,,,,,,,,,,,,,,,,,,,,,,,,,,,,,,,,,,,,,,,,,,,,,,,,,,,,,,,,,
E0,16/08/2024,20:00,Man United,Fulham,1,0,H,0,0,D,R Jones,14,10,5,2,12,10,7,8,2,3,0,0,1.6,4.2,5.25,1.6,4.4,5.25,,,,1.63,4.38,5.3,1.65,4.2,5.0,,,,1.68,4.5,5.5,1.62,4.36,5.15,1.53,2.5,1.56,2.56,1.57,2.6,1.53,2.52,-1.0,2.05,1.88,2.07,1.86,2.07,1.89,2.03,1.85,1.67,4.1,5.0,1.65,4.2,4.8,,,,1.65,4.23,5.28,1.6,4.2,5.5,,,,1.7,4.33,5.5,1.66,4.2,5.02,1.62,2.3,1.63,2.38,1.66,2.45,1.61,2.37,-0.75,1.86,2.07,1.83,2.11,1.88,2.11,1.82,2.05,2425,1.6,4.33,5.0,1.68,4.32,5.03,1.66,4.5,5.6,1.59,2.64,2.1,1.88,1.62,4.0,5.0,1.66,4.15,5.33,1.72,4.2,5.4,1.68,2.46,1.9,2.08,,,,,,,,,,,,,,,,,,,,,,,,,,,,,,,,,,,,,,,,,,,,
E0,17/08/2024,12:30,Ipswich,Liverpool,0,2,A,0,0,D,T Robinson,7,18,2,5,9,18,2,10,3,1,0,0,8.5,5.5,1.33,7.5,5.5,1.36,,,,8.18,5.84,1.34,8.5,5.5,1.33,,,,9.0,6.1,1.37,8.28,5.76,1.34,1.4,3.0,1.41,3.0,1.43,3.07,1.41,2.94,1.5,2.02,1.91,1.99,1.92,2.02,1.95,1.97,1.9,8.0,5.75,1.33,8.0,5.75,1.34,,,,8.14,6.09,1.34,8.0,5.5,1.35,,,,8.57,6.25,1.39,7.87,5.81,1.35,1.36,3.2,1.37,3.3,1.4,3.38,1.37,3.18,1.5,2.05,1.88,2.04,1.9,2.2,2.0,1.99,1.88,2425,8.5,5.5,1.33,8.6,5.85,1.35,9.4,6.2,1.36,1.45,3.15,2.04,1.93,7.5,5.5,1.33,8.57,5.85,1.34,8.6,6.2,1.37,1.4,3.4,2.04,1.93,,,,,,,,,,,,,,,,,,,,,,,,,,,,,,,,,,,,,,,,,,,,
E0,17/08/2024,15:00,Arsenal,Wolves,2,0,H,1,0,H,J Gillett,18,9,6,3,17,14,8,2,2,2,0,0,1.18,7.5,13.0,1.2,7.5,13.5,,,,1.16,8.56,16.22,1.18,7.0,17.0,,,,1.2,9.1,18.0,1.18,7.86,15.87,1.44,2.75,1.46,2.79,1.5,2.82,1.46,2.7,-2.0,1.93,2.0,1.88,2.0,1.97,2.0,1.9,1.96,1.14,8.5,15.0,1.16,8.5,18.0,,,,1.15,9.05,18.76,1.15,8.0,19.0,,,,1.17,9.4,21.0,1.15,8.62,18.11,1.4,3.0,1.41,2.98,1.45,3.0,1.42,2.93,-2.25,2.02,1.91,2.0,1.9,2.05,1.93,1.99,1.87,2425,1.15,8.0,16.0,1.2,7.65,16.0,1.19,9.0,18.0,1.53,2.84,1.94,2.0,1.13,8.5,17.0,1.16,9.39,16.6,1.17,9.4,21.0,1.44,3.2,2.02,1.96,,,,,,,,,,,,,,,,,,,,,,,,,,,,,,,,,,,,,,,,,,,,
E0,17/08/2024,15:00,Everton,Brighton,0,3,A,0,1,A,S Hooper,9,10,1,5,8,8,1,5,1,1,1,0,2.63,3.3,2.63,2.65,3.4,2.6,,,,2.73,3.36,2.71,2.6,3.5,2.7,,,,2.76,3.66,2.78,2.67,3.41,2.68,1.8,2.0,1.83,2.05,1.85,2.08,1.81,2.04,0.0,1.96,1.97,1.96,1.94,1.97,1.97,1.94,1.94,3.1,3.4,2.3,3.0,3.4,2.37,,,,3.15,3.41,2.4,3.1,3.3,2.4,,,,3.16,3.5,2.45,3.06,3.4,2.38,1.93,1.97,1.93,1.97,1.95,2.0,1.89,1.96,0.25,1.87,2.06,1.86,2.07,1.92,2.1,1.83,2.04,2425,2.7,3.4,2.63,2.68,3.66,2.63,2.78,3.5,2.78,1.88,2.08,1.99,1.99,3.0,3.3,2.3,3.16,3.47,2.34,3.15,3.55,2.46,1.94,2.04,1.88,2.11,,,,,,,,,,,,,,,,,,,,,,,,,,,,,,,,,,,,,,,,,,,,
E0,17/08/2024,15:00,Newcastle,Southampton,1,0,H,1,0,H,C Pawson,3,19,1,4,15,16,3,12,2,4,1,0,1.36,5.25,8.0,1.35,5.5,7.75,,,,1.35,5.7,8.25,1.35,5.5,8.0,,,,1.37,5.9,8.6,1.35,5.62,8.1,1.4,3.0,1.4,3.09,1.42,3.12,1.4,3.01,-1.5,1.98,1.95,1.94,1.96,1.99,1.98,1.93,1.93,1.4,5.0,7.0,1.39,5.25,7.25,,,,1.42,5.3,7.26,1.4,5.0,7.5,,,,1.44,5.75,8.0,1.39,5.27,7.33,1.44,2.75,1.46,2.85,1.46,3.05,1.43,2.84,-1.25,1.87,2.06,1.88,2.06,1.89,2.1,1.82,2.05,2425,1.33,5.5,8.5,1.37,5.74,8.1,1.37,6.0,9.2,1.43,3.15,1.94,2.01,1.36,5.0,7.5,1.39,5.34,7.9,1.43,5.5,8.2,1.49,2.98,1.89,2.1,,,,,,,,,,,,,,,,,,,,,,,,,,,,,,,,,,,,,,,,,,,,
E0,17/08/2024,15:00,Nott'm Forest,Bournemouth,1,1,D,1,0,H,M Oliver,14,13,8,4,17,8,2,6,1,3,0,0,2.45,3.5,2.8,2.45,3.5,2.8,,,,2.47,3.42,2.97,2.5,3.5,2.8,,,,2.51,3.7,3.0,2.45,3.49,2.89,1.73,2.1,1.79,2.11,1.81,2.14,1.77,2.08,0.0,1.82,2.11,1.78,2.14,1.83,2.14,1.8,2.09,2.2,3.4,3.25,2.2,3.4,3.25,,,,2.24,3.5,3.37,2.25,3.4,3.25,,,,2.38,3.55,3.37,2.25,3.44,3.23,1.89,2.01,1.89,2.02,1.93,2.04,1.87,1.96,-0.25,1.94,1.99,1.94,1.98,2.05,2.0,1.93,1.93,2425,2.45,3.5,2.88,2.46,3.7,2.87,2.54,3.6,3.0,1.83,2.16,1.83,2.17,2.2,3.3,3.25,2.26,3.49,3.33,2.3,3.5,3.5,1.91,2.08,1.96,2.02,,,,,,,,,,,,,,,,,,,,,,,,,,,,,,,,,,,,,,,,,,,,
E0,17/08/2024,17:30,West Ham,Aston Villa,1,2,A,1,1,D,T Harrington,14,15,3,3,18,11,5,3,1,2,0,0,2.45,3.6,2.75,2.45,3.6,2.7,,,,2.49,3.65,2.8,2.4,3.75,2.75,,,,2.49,3.91,2.87,2.44,3.69,2.79,1.57,2.38,1.59,2.46,1.59,2.52,1.57,2.43,-0.25,2.08,1.73,2.16,1.76,2.16,1.82,2.1,1.78,2.4,3.5,2.8,2.5,3.5,2.75,,,,2.54,3.51,2.86,2.5,3.5,2.8,,,,2.56,3.6,2.91,2.47,3.51,2.83,1.73,2.1,1.72,2.21,1.73,2.32,1.68,2.22,0.0,1.83,2.1,1.85,2.09,1.86,2.14,1.82,2.08,2425,2.4,3.6,2.8,2.42,3.91,2.81,2.5,3.75,2.94,1.63,2.52,2.17,1.84,2.38,3.4,2.8,2.56,3.6,2.77,2.54,3.65,2.98,1.74,2.32,1.84,2.18,,,,,,,,,,,,,,,,,,,,,,,,,,,,,,,,,,,,,,,,,,,,
E0,18/08/2024,14:00,Brentford,Crystal Palace,2,1,H,1,0,H,S Barrott,9,14,5,6,6,15,4,7,1,5,0,0,2.4,3.4,2.9,2.4,3.4,2.87,,,,2.5,3.4,2.95,2.45,3.5,2.88,,,,2.52,3.66,2.99,2.46,3.44,2.9,1.8,2.0,1.83,2.05,1.85,2.08,1.81,2.03,-0.25,2.11,1.82,2.15,1.78,2.15,1.82,2.1,1.78,2.88,3.2,2.55,2.8,3.2,2.6,,,,2.92,3.24,2.66,3.0,3.2,2.5,,,,3.0,3.4,2.72,2.85,3.28,2.62,2.07,1.83,2.09,1.83,2.09,1.91,2.0,1.85,0.0,2.07,1.86,2.06,1.88,2.11,1.88,2.05,1.85,2425,2.45,3.4,2.88,2.47,3.66,2.88,2.54,3.55,3.0,1.84,2.14,2.18,1.83,2.8,3.25,2.63,2.98,3.3,2.56,2.94,3.35,2.74,2.1,1.89,2.07,1.92,,,,,,,,,,,,,,,,,,,,,,,,,,,,,,,,,,,,,,,,,,,,
E0,18/08/2024,16:30,Chelsea,Man City,0,2,A,0,1,A,A Taylor,10,11,3,5,12,9,4,3,1,1,0,0,4.1,3.9,1.8,3.9,4.1,1.82,,,,4.19,3.93,1.84,4.0,4.0,1.83,,,,4.3,4.22,1.88,4.05,4.0,1.83,1.5,2.63,1.52,2.62,1.53,2.69,1.5,2.59,0.5,2.07,1.86,2.06,1.85,2.08,1.86,2.03,1.83,3.6,3.9,1.95,3.6,3.75,1.98,,,,3.86,3.91,1.97,3.5,3.9,2.0,,,,3.89,3.96,2.05,3.64,3.83,1.98,1.57,2.38,1.58,2.51,1.61,2.52,1.56,2.45,0.5,1.94,1.99,1.96,1.97,1.96,2.0,1.9,1.96,2425,4.1,3.9,1.8,4.02,4.22,1.85,4.3,4.1,1.87,1.56,2.68,2.12,1.87,3.6,3.8,2.0,3.89,3.96,1.92,3.75,3.9,2.06,1.62,2.6,1.93,2.07,,,,,,,,,,,,,,,,,,,,,,,,,,,,,,,,,,,,,,,,,,,,
E0,19/08/2024,20:00,Leicester,Tottenham,1,1,D,0,1,A,C Kavanagh,7,15,3,7,11,12,2,13,1,1,0,0,5.0,4.33,1.62,5.0,4.33,1.63,,,,5.09,4.39,1.63,5.0,4.33,1.65,,,,5.3,4.52,1.67,5.01,4.37,1.63,1.53,2.5,1.53,2.61,1.55,2.63,1.52,2.54,1.0,1.86,2.07,1.86,2.05,1.86,2.09,1.83,2.03,4.5,4.2,1.7,4.33,4.2,1.72,,,,4.64,4.33,1.71,4.6,4.2,1.7,,,,4.9,4.4,1.74,4.57,4.23,1.71,1.57,2.38,1.54,2.61,1.57,2.62,1.54,2.52,0.75,2.03,1.9,2.02,1.91,2.06,1.92,1.99,1.87,2425,5.0,4.33,1.57,4.98,4.52,1.66,5.4,4.6,1.65,1.56,2.7,1.91,2.06,4.33,4.1,1.7,4.79,4.27,1.7,4.7,4.4,1.76,1.58,2.7,2.03,1.96,,,,,,,,,,,,,,,,,,,,,,,,,,,,,,,,,,,,,,,,,,,,
E0,24/08/2024,12:30,Brighton,Man United,2,1,H,1,0,H,C Pawson,14,11,5,4,9,13,4,4,1,2,0,0,2.5,3.7,2.63,2.5,3.75,2.6,,,,2.51,3.66,2.76,2.5,3.7,2.7,,,,2.54,3.87,2.79,2.5,3.72,2.69,1.57,2.38,1.6,2.45,1.63,2.5,1.58,2.42,0.0,1.86,2.04,1.86,2.05,1.91,2.06,1.88,2.01,2.3,3.8,2.88,2.3,3.7,2.85,,,,2.42,3.76,2.86,2.38,3.6,2.88,,,,2.57,3.9,2.96,2.41,3.72,2.81,1.53,2.5,1.54,2.6,1.6,2.62,1.54,2.52,-0.25,2.07,1.86,2.12,1.83,2.2,1.86,2.09,1.79,2425,2.5,3.75,2.7,2.54,3.87,2.68,2.58,3.9,2.8,1.62,2.5,1.91,2.08,2.3,3.6,2.8,2.57,3.85,2.63,2.48,3.85,2.94,1.58,2.7,2.15,1.85,,,,,,,,,,,,,,,,,,,,,,,,,,,,,,,,,,,,,,,,,,,,
E0,24/08/2024,15:00,Crystal Palace,West Ham,0,2,A,0,0,D,R Jones,14,18,2,3,9,17,3,3,1,1,0,0,2.15,3.6,3.2,2.15,3.5,3.2,,,,2.17,3.68,3.33,2.2,3.5,3.3,,,,2.21,3.76,3.36,2.17,3.63,3.25,1.73,2.1,1.76,2.15,1.81,2.19,1.76,2.1,-0.25,1.91,1.99,1.88,2.02,1.94,2.02,1.88,1.98,1.95,3.9,3.7,1.93,3.7,3.75,,,,1.97,3.84,3.84,1.95,3.7,3.8,,,,2.15,3.96,3.93,1.98,3.78,3.72,1.62,2.3,1.67,2.32,1.76,2.35,1.67,2.25,-0.5,1.98,1.95,1.98,1.94,2.13,1.98,1.99,1.88,2425,2.15,3.5,3.3,2.19,3.76,3.31,2.24,3.7,3.45,1.82,2.18,1.94,2.05,1.91,3.8,3.9,1.94,3.96,3.81,2.0,3.95,4.0,1.71,2.38,2.0,1.99,,,,,,,,,,,,,,,,,,,,,,,,,,,,,,,,,,,,,,,,,,,,
E0,24/08/2024,15:00,Fulham,Leicester,2,1,H,1,1,D,D Bond,18,10,6,4,14,13,7,5,2,2,0,0,1.8,3.75,4.2,1.8,3.75,4.33,,,,1.84,3.67,4.56,1.83,3.7,4.33,,,,1.9,3.89,4.7,1.83,3.73,4.38,1.89,2.01,1.9,1.99,1.91,2.06,1.87,1.97,-0.75,2.03,1.78,2.1,1.81,2.12,1.84,2.06,1.8,1.85,3.75,4.1,1.9,3.6,4.0,,,,1.88,3.81,4.26,1.91,3.6,4.2,,,,1.91,3.9,4.7,1.88,3.71,4.21,1.86,2.04,1.87,2.04,1.95,2.1,1.87,1.98,-0.5,1.88,2.05,1.88,2.04,1.91,2.06,1.87,2.0,2425,1.83,3.7,4.5,1.86,3.89,4.32,1.89,3.85,4.6,1.96,2.0,2.14,1.85,1.9,3.6,4.2,1.89,3.82,4.18,1.93,3.8,4.5,1.92,2.08,1.93,2.06,,,,,,,,,,,,,,,,,,,,,,,,,,,,,,,,,,,,,,,,,,,,
E0,24/08/2024,15:00,Man City,Ipswich,4,1,H,3,1,H,M Salisbury,14,1,5,1,4,15,10,1,2,3,0,0,1.08,12.0,21.0,1.1,12.5,23.0,,,,1.08,13.21,25.71,1.1,11.0,26.0,,,,1.1,14.0,34.0,1.09,12.17,26.97,1.3,3.5,1.29,3.36,1.3,3.8,1.29,3.54,-2.75,2.04,1.86,2.05,1.85,2.07,1.91,2.01,1.85,1.1,10.0,23.0,1.11,11.5,21.0,,,,1.1,11.0,31.0,1.1,10.0,29.0,,,,1.12,15.0,32.0,1.09,11.44,27.5,1.3,3.5,1.29,3.36,1.32,3.75,1.29,3.62,-2.5,1.9,2.03,1.82,2.07,1.93,2.13,1.84,2.04,2425,1.08,13.0,31.0,1.1,12.2,27.0,1.1,15.0,34.0,,,2.07,1.87,1.1,11.0,26.0,1.09,11.0,26.0,1.12,12.5,32.0,1.33,4.0,1.89,2.09,,,,,,,,,,,,,,,,,,,,,,,,,,,,,,,,,,,,,,,,,,,,
E0,24/08/2024,15:00,Southampton,Nott'm Forest,0,1,A,0,0,D,S Barrott,5,23,1,8,14,14,4,10,3,3,0,0,2.55,3.3,2.8,2.5,3.4,2.8,,,,2.59,3.28,2.92,2.5,3.4,2.88,,,,2.66,3.42,2.92,2.57,3.32,2.84,2.01,1.89,2.01,1.88,2.02,1.93,1.97,1.87,0.0,1.83,2.07,1.84,2.08,1.85,2.09,1.83,2.05,2.3,3.5,3.0,2.3,3.5,3.1,,,,2.33,3.54,3.11,2.3,3.4,3.2,,,,2.58,3.59,3.2,2.36,3.48,3.04,1.8,2.0,1.85,2.07,1.97,2.18,1.83,2.03,-0.25,2.03,1.9,2.03,1.88,2.19,1.91,2.03,1.84,2425,2.55,3.4,2.8,2.59,3.42,2.88,2.62,3.5,2.96,2.06,1.89,1.9,2.07,2.3,3.4,3.1,2.42,3.58,2.97,2.42,3.6,3.2,1.85,2.16,2.08,1.91,,,,,,,,,,,,,,,,,,,,,,,,,,,,,,,,,,,,,,,,,,,,
E0,24/08/2024,15:00,Tottenham,Everton,4,0,H,2,0,H,A Taylor,13,10,7,1,11,15,12,5,0,0,0,0,1.44,4.75,6.5,1.43,5.0,6.75,,,,1.45,4.87,7.03,1.44,4.8,7.0,,,,1.49,5.1,7.3,1.44,4.95,6.75,1.5,2.63,1.54,2.59,1.54,2.63,1.51,2.55,-1.25,1.95,1.95,1.98,1.93,1.98,1.98,1.94,1.91,1.36,5.25,7.5,1.37,5.25,7.75,,,,1.37,5.66,8.0,1.35,5.5,8.5,,,,1.41,5.73,8.5,1.37,5.39,7.91,1.4,3.0,1.43,2.95,1.5,3.12,1.42,2.89,-1.5,1.99,1.94,2.01,1.92,2.11,1.97,2.0,1.88,2425,1.4,5.0,7.0,1.47,5.08,6.81,1.45,5.3,7.8,1.56,2.72,1.95,1.99,1.33,5.5,8.0,1.39,5.38,7.97,1.37,6.0,9.2,1.48,3.05,2.0,1.96,,,,,,,,,,,,,,,,,,,,,,,,,,,,,,,,,,,,,,,,,,,,
E0,24/08/2024,17:30,Aston Villa,Arsenal,0,2,A,0,0,D,M Oliver,11,9,3,4,8,15,4,1,1,3,0,0,4.33,3.8,1.75,4.2,3.9,1.8,,,,4.55,3.98,1.77,4.33,3.9,1.8,,,,4.7,4.1,1.84,4.41,3.92,1.78,1.73,2.1,1.75,2.15,1.78,2.23,1.73,2.13,0.75,1.9,2.0,1.9,2.0,1.91,2.02,1.86,1.98,4.5,4.0,1.73,4.5,3.9,1.75,,,,4.85,4.04,1.74,4.8,4.0,1.7,,,,4.85,4.16,1.78,4.66,4.02,1.74,1.73,2.1,1.76,2.15,1.76,2.27,1.72,2.18,0.75,1.96,1.97,1.98,1.94,2.0,1.99,1.94,1.92,2425,4.5,3.9,1.75,4.32,4.0,1.84,4.7,4.1,1.8,,,1.95,2.02,4.75,3.9,1.73,4.8,4.08,1.73,5.0,4.1,1.78,1.87,2.12,1.97,2.0,,,,,,,,,,,,,,,,,,,,,,,,,,,,,,,,,,,,,,,,,,,,
E0,25/08/2024,14:00,Bournemouth,Newcastle,1,1,D,1,0,H,D Coote,16,14,4,5,19,8,8,9,2,2,0,0,2.9,3.8,2.2,3.0,3.9,2.2,,,,3.05,3.73,2.28,3.0,3.8,2.25,,,,3.06,3.95,2.32,2.99,3.8,2.25,1.57,2.38,1.61,2.43,1.61,2.5,1.56,2.44,0.25,1.92,1.98,1.91,2.0,1.95,2.0,1.9,1.94,2.55,3.6,2.6,2.5,3.7,2.65,,,,2.63,3.66,2.68,2.6,3.6,2.62,,,,2.68,3.75,2.74,2.57,3.65,2.64,1.57,2.38,1.58,2.49,1.66,2.55,1.57,2.44,0.0,1.93,2.0,1.94,1.98,1.94,2.04,1.92,1.97,2425,3.0,3.8,2.2,3.05,3.95,2.25,3.15,3.95,2.3,1.62,2.56,1.96,2.01,2.5,3.6,2.7,2.68,3.7,2.58,2.66,3.75,2.78,1.62,2.58,1.96,2.03,,,,,,,,,,,,,,,,,,,,,,,,,,,,,,,,,,,,,,,,,,,,
E0,25/08/2024,14:00,Wolves,Chelsea,2,6,A,2,2,D,D England,12,14,4,8,13,13,5,5,2,3,0,0,4.33,4.0,1.75,4.4,4.0,1.75,,,,4.46,4.03,1.78,4.4,4.0,1.75,,,,4.6,4.17,1.82,4.37,4.0,1.77,1.62,2.3,1.65,2.33,1.68,2.34,1.64,2.29,0.75,1.89,2.01,1.9,2.01,1.91,2.02,1.87,1.98,3.75,3.8,1.9,3.75,3.8,1.9,,,,3.91,3.94,1.93,3.9,3.8,1.91,,,,4.1,3.99,1.93,3.89,3.89,1.91,1.57,2.38,1.62,2.41,1.69,2.47,1.61,2.36,0.5,1.99,1.94,1.99,1.93,2.02,1.94,1.97,1.9,2425,4.5,4.0,1.75,4.27,4.17,1.81,4.7,4.2,1.81,1.69,2.38,1.94,2.02,3.9,3.9,1.91,4.02,3.89,1.9,4.0,4.0,1.96,1.64,2.54,2.03,1.96,,,,,,,,,,,,,,,,,,,,,,,,,,,,,,,,,,,,,,,,,,,,
E0,25/08/2024,16:30,Liverpool,Brentford,2,0,H,1,0,H,S Attwell,19,8,8,2,10,7,9,4,2,3,0,0,1.27,5.75,11.0,1.25,6.75,10.5,,,,1.25,7.05,10.11,1.25,6.5,11.0,,,,1.28,7.5,11.5,1.25,6.78,10.37,1.36,3.2,1.36,3.23,1.4,3.4,1.35,3.2,-1.75,1.89,2.01,1.89,1.99,1.89,2.05,1.85,2.0,1.2,7.0,13.0,1.24,7.0,11.0,,,,1.22,7.75,12.5,1.22,6.5,13.0,,,,1.25,7.75,13.5,1.22,7.19,11.82,1.3,3.5,1.33,3.46,1.34,3.55,1.32,3.42,-2.0,2.06,1.87,2.07,1.85,2.07,1.91,2.03,1.85,2425,1.22,7.0,11.0,1.28,6.6,10.6,1.26,7.6,12.5,,,1.88,2.01,1.18,7.0,12.0,1.22,7.28,13.5,1.23,8.0,14.5,1.35,3.75,2.08,1.92,,,,,,,,,,,,,,,,,,,,,,,,,,,,,,,,,,,,,,,,,,,,
E0,31/08/2024,12:30,Arsenal,Brighton,1,1,D,1,0,H,C Kavanagh,11,22,7,4,12,7,3,7,3,2,1,0,1.33,5.5,8.5,1.36,5.5,8.0,,,,1.34,5.87,8.1,1.33,5.5,8.5,,,,1.37,6.0,9.0,1.35,5.66,8.11,1.53,2.5,1.54,2.59,1.57,2.59,1.53,2.52,-1.5,2.01,1.89,2.02,1.89,2.05,1.92,2.0,1.86,1.36,5.25,7.5,1.37,5.5,7.5,,,,1.37,5.48,8.43,1.36,5.0,8.5,,,,1.4,5.6,8.6,1.37,5.37,8.0,1.53,2.5,1.56,2.56,1.58,2.63,1.54,2.52,-1.5,2.08,1.85,2.09,1.85,2.12,1.86,2.05,1.83,2425,1.33,5.5,8.5,1.37,5.84,7.9,1.36,6.0,9.4,1.58,2.66,2.03,1.92,1.33,5.0,8.5,1.39,5.38,7.97,1.4,5.7,8.8,1.58,2.72,2.14,1.86,,,,,,,,,,,,,,,,,,,,,,,,,,,,,,,,,,,,,,,,,,,,
E0,31/08/2024,15:00,Brentford,Southampton,3,1,H,1,0,H,J Smith,20,18,7,6,10,7,2,8,2,1,0,0,1.75,3.9,4.33,1.75,3.9,4.4,,,,1.79,3.9,4.51,1.75,3.9,4.6,,,,1.82,4.12,4.7,1.77,3.97,4.46,1.73,2.1,1.74,2.18,1.76,2.21,1.73,2.15,-0.75,2.01,1.89,2.0,1.9,2.04,1.92,1.97,1.89,1.8,3.9,4.33,1.8,3.8,4.33,,,,1.82,3.91,4.46,1.8,3.75,4.5,,,,1.83,3.95,4.59,1.8,3.86,4.42,1.8,2.0,1.82,2.07,1.85,2.12,1.8,2.05,-0.75,2.08,1.85,2.09,1.84,2.09,1.9,2.02,1.85,2425,1.75,3.9,4.6,1.79,4.12,4.47,1.82,4.1,4.8,1.79,2.24,2.03,1.93,1.8,3.8,4.5,1.79,3.94,4.59,1.86,4.0,4.6,1.84,2.16,2.11,1.87,,,,,,,,,,,,,,,,,,,,,,,,,,,,,,,,,,,,,,,,,,,,
E0,31/08/2024,15:00,Everton,Bournemouth,2,3,A,0,0,D,S Attwell,18,17,8,7,6,1,8,4,2,1,0,0,2.75,3.4,2.55,2.65,3.4,2.6,,,,2.82,3.38,2.62,2.75,3.4,2.6,,,,2.85,3.5,2.64,2.78,3.4,2.59,1.92,1.98,1.93,1.96,1.93,2.0,1.87,1.95,0.0,2.01,1.89,2.03,1.88,2.03,1.9,2.0,1.87,3.0,3.4,2.35,2.85,3.4,2.45,,,,3.14,3.45,2.39,2.9,3.4,2.45,,,,3.14,3.55,2.52,2.96,3.45,2.43,1.87,2.03,1.88,2.03,1.9,2.06,1.84,2.0,0.25,1.85,2.08,1.87,2.06,1.87,2.14,1.81,2.06,2425,2.75,3.4,2.6,2.83,3.48,2.6,2.86,3.55,2.68,1.96,2.0,2.05,1.93,2.88,3.4,2.45,2.96,3.48,2.47,3.1,3.55,2.48,1.9,2.08,1.86,2.14,,,,,,,,,,,,,,,,,,,,,,,,,,,,,,,,,,,,,,,,,,,,
E0,31/08/2024,15:00,Ipswich,Fulham,1,1,D,1,1,D,L Smith,11,9,4,4,15,15,8,6,2,3,0,0,3.0,3.5,2.3,3.1,3.5,2.25,,,,3.14,3.53,2.32,3.1,3.5,2.3,,,,3.2,3.66,2.38,3.1,3.5,2.31,1.84,2.06,1.83,2.06,1.88,2.07,1.82,2.03,0.25,1.87,2.03,1.89,2.01,1.91,2.08,1.86,1.98,3.0,3.4,2.38,2.95,3.4,2.4,,,,3.07,3.43,2.43,3.0,3.4,2.38,,,,3.2,3.5,2.45,3.03,3.41,2.4,1.95,1.95,1.93,1.97,1.96,2.0,1.9,1.94,0.25,1.82,2.11,1.83,2.11,1.86,2.11,1.81,2.06,2425,3.1,3.4,2.3,3.13,3.66,2.31,3.2,3.6,2.42,1.83,2.12,1.91,2.08,3.0,3.4,2.38,3.2,3.46,2.33,3.15,3.55,2.46,2.0,1.98,1.88,2.11,,,,,,,,,,,,,,,,,,,,,,,,,,,,,,,,,,,,,,,,,,,,
E0,31/08/2024,15:00,Leicester,Aston Villa,1,2,A,0,1,A,D Coote,9,10,3,5,13,21,1,4,4,5,0,0,4.5,4.0,1.7,4.4,3.9,1.77,,,,4.8,4.09,1.71,4.6,3.9,1.75,,,,4.9,4.2,1.78,4.62,4.02,1.74,1.67,2.2,1.68,2.27,1.76,2.3,1.69,2.21,0.75,1.95,1.95,1.98,1.93,1.98,1.99,1.93,1.91,4.0,3.7,1.85,3.8,3.7,1.95,,,,4.01,3.87,1.92,4.0,3.7,1.91,,,,4.2,3.88,1.95,4.0,3.76,1.91,1.73,2.1,1.8,2.1,1.82,2.14,1.78,2.08,0.5,1.99,1.94,2.0,1.93,2.0,1.95,1.97,1.9,2425,4.6,3.9,1.75,4.53,4.17,1.77,4.9,4.1,1.8,1.73,2.28,1.98,1.98,3.9,3.75,1.95,4.2,3.7,1.91,4.1,3.95,1.96,1.84,2.18,2.02,1.97,,,,,,,,,,,,,,,,,,,,,,,,,,,,,,,,,,,,,,,,,,,,
E0,31/08/2024,15:00,Nott'm Forest,Wolves,1,1,D,1,1,D,S Hooper,16,11,5,3,15,18,7,3,3,4,0,0,2.0,3.7,3.7,2.1,3.6,3.5,,,,2.02,3.7,3.71,2.05,3.6,3.6,,,,2.1,3.76,3.79,2.03,3.66,3.65,1.85,2.05,1.85,2.04,1.86,2.09,1.83,2.02,-0.5,2.03,1.87,2.03,1.88,2.08,1.88,2.02,1.85,1.95,3.6,3.7,2.0,3.6,3.7,,,,2.0,3.7,3.88,2.0,3.5,3.8,,,,2.05,3.7,3.88,2.0,3.61,3.73,1.91,1.99,1.9,2.01,1.91,2.01,1.86,1.97,-0.5,2.01,1.92,2.01,1.92,2.01,1.94,1.98,1.87,2425,2.0,3.6,3.75,2.04,3.76,3.7,2.08,3.8,3.85,1.88,2.08,2.08,1.91,2.0,3.5,3.75,2.05,3.7,3.68,2.04,3.75,4.0,1.94,2.04,2.06,1.93,,,,,,,,,,,,,,,,,,,,,,,,,,,,,,,,,,,,,,,,,,,,
E0,31/08/2024,17:30,West Ham,Man City,1,3,A,1,2,A,M Oliver,10,23,2,8,10,3,3,11,3,2,0,0,7.0,5.5,1.38,7.25,5.25,1.39,,,,7.69,5.64,1.37,8.0,5.0,1.4,,,,8.0,5.8,1.41,7.57,5.49,1.38,1.44,2.75,1.49,2.72,1.5,2.8,1.46,2.73,1.5,1.86,2.04,1.87,2.04,1.89,2.05,1.85,2.02,7.5,5.0,1.4,6.75,5.0,1.42,,,,7.7,5.25,1.41,7.5,5.0,1.4,,,,8.11,5.4,1.46,7.32,5.14,1.4,1.53,2.5,1.56,2.57,1.58,2.73,1.51,2.58,1.25,1.98,1.95,1.99,1.93,2.05,1.95,1.99,1.87,2425,7.5,5.5,1.36,7.7,5.44,1.4,8.2,5.9,1.4,1.51,2.88,1.89,2.05,7.5,5.0,1.36,8.11,5.08,1.41,8.0,5.4,1.43,1.6,2.64,2.03,1.94,,,,,,,,,,,,,,,,,,,,,,,,,,,,,,,,,,,,,,,,,,,,
E0,01/09/2024,13:30,Chelsea,Crystal Palace,1,1,D,1,0,H,J Gillett,13,9,7,3,9,13,4,5,4,2,0,0,1.6,4.33,5.0,1.6,4.4,5.0,,,,1.63,4.4,5.06,1.65,4.33,5.0,,,,1.68,4.55,5.2,1.63,4.4,5.01,1.5,2.63,1.53,2.61,1.55,2.63,1.52,2.56,-1.0,2.04,1.86,2.08,1.84,2.08,1.92,2.03,1.84,1.65,4.33,4.75,1.65,4.2,4.8,,,,1.68,4.24,5.05,1.65,4.2,5.0,,,,1.69,4.51,5.1,1.65,4.3,4.97,1.53,2.5,1.56,2.55,1.57,2.62,1.54,2.53,-0.75,1.83,2.1,1.85,2.08,1.85,2.14,1.8,2.08,2425,1.6,4.4,5.0,1.66,4.52,4.98,1.65,4.6,5.4,1.56,2.7,2.03,1.9,1.62,4.0,5.0,1.65,4.4,5.08,1.69,4.3,5.4,1.59,2.66,1.87,2.13,,,,,,,,,,,,,,,,,,,,,,,,,,,,,,,,,,,,,,,,,,,,
E0,01/09/2024,13:30,Newcastle,Tottenham,2,1,H,1,0,H,R Jones,9,20,3,6,16,13,7,12,4,4,0,0,2.5,4.0,2.5,2.45,4.0,2.55,,,,2.5,3.96,2.62,2.5,4.0,2.5,,,,2.56,4.12,2.63,2.51,3.97,2.56,1.36,3.2,1.41,3.04,1.41,3.22,1.38,3.07,0.0,1.95,1.95,1.91,2.0,1.97,2.0,1.93,1.94,2.45,3.9,2.55,2.4,3.8,2.7,,,,2.53,3.89,2.66,2.45,3.9,2.6,,,,2.6,4.0,2.79,2.46,3.89,2.64,1.4,3.0,1.42,3.0,1.42,3.14,1.4,3.01,0.0,1.89,2.04,1.92,2.01,1.92,2.07,1.88,2.0,2425,2.5,3.9,2.55,2.54,4.12,2.56,2.62,4.0,2.66,1.42,3.25,1.97,2.0,2.45,3.75,2.6,2.6,4.0,2.53,2.58,4.0,2.72,1.43,3.25,1.93,2.05,,,,,,,,,,,,,,,,,,,,,,,,,,,,,,,,,,,,,,,,,,,,
E0,01/09/2024,16:00,Man United,Liverpool,0,3,A,0,2,A,A Taylor,8,11,3,3,7,7,5,2,4,1,0,0,3.7,4.2,1.85,3.7,4.1,1.87,,,,3.93,4.31,1.82,3.8,4.2,1.85,,,,4.0,4.4,1.9,3.82,4.2,1.85,1.44,2.75,1.44,2.89,1.45,3.02,1.43,2.84,0.5,2.04,1.86,2.08,1.82,2.1,1.9,2.02,1.84,3.5,4.1,1.91,3.5,3.9,1.95,,,,3.51,4.11,2.0,3.6,3.9,1.95,,,,3.76,4.19,2.0,3.56,4.04,1.95,1.44,2.75,1.46,2.86,1.52,2.87,1.45,2.75,0.5,1.94,1.99,1.92,2.01,1.94,2.01,1.91,1.94,2425,3.9,4.1,1.85,3.98,4.17,1.87,4.0,4.3,1.9,1.49,3.0,2.08,1.9,3.5,3.9,1.91,3.76,4.19,1.9,3.7,4.2,2.0,1.5,2.98,1.97,2.02,,,,,,,,,,,,,,,,,,,,,,,,,,,,,,,,,,,,,,,,,,,,
E0,14/09/2024,12:30,Southampton,Man United,0,3,A,0,2,A,S Attwell,6,20,4,10,11,14,0,7,1,4,1,0,4.5,4.0,1.7,4.5,4.0,1.73,,,,4.5,4.13,1.74,4.75,3.8,1.75,,,,4.83,4.2,1.79,4.56,4.04,1.74,1.62,2.3,1.6,2.41,1.67,2.45,1.61,2.36,0.75,1.95,1.95,1.94,1.94,2.02,1.96,1.93,1.92,4.0,4.1,1.8,4.0,4.0,1.82,,,,4.2,4.12,1.82,4.0,4.0,1.83,,,,4.5,4.17,1.88,4.19,4.05,1.8,1.53,2.5,1.56,2.55,1.6,2.56,1.57,2.46,0.75,1.87,2.06,1.88,2.06,1.91,2.09,1.86,2.01,2425,4.6,3.9,1.75,4.83,3.85,1.79,4.9,4.2,1.78,1.65,2.5,1.99,1.97,4.5,4.0,1.75,4.33,4.17,1.78,4.2,4.2,1.88,1.61,2.62,1.89,2.11,,,,,,,,,,,,,,,,,,,,,,,,,,,,,,,,,,,,,,,,,,,,
E0,14/09/2024,15:00,Brighton,Ipswich,0,0,D,0,0,D,S Barrott,21,6,6,1,14,16,9,2,4,3,0,0,1.38,5.0,7.5,1.38,5.25,7.75,,,,1.38,5.13,8.05,1.4,5.0,8.0,,,,1.41,5.4,8.5,1.38,5.16,7.89,1.53,2.5,1.56,2.49,1.59,2.52,1.56,2.46,-1.5,2.03,1.78,2.09,1.79,2.12,1.83,2.07,1.8,1.45,4.75,6.5,1.5,4.6,6.0,,,,1.53,4.61,6.22,1.44,4.75,7.0,,,,1.54,4.9,7.0,1.48,4.7,6.48,1.62,2.3,1.68,2.3,1.68,2.41,1.62,2.34,-1.0,1.87,2.06,1.89,2.04,1.89,2.16,1.8,2.1,2425,1.36,5.0,8.5,1.41,5.24,7.8,1.4,5.6,9.0,1.59,2.66,2.13,1.83,1.44,4.5,6.5,1.47,4.86,6.92,1.51,4.9,7.0,1.66,2.48,1.83,2.19,,,,,,,,,,,,,,,,,,,,,,,,,,,,,,,,,,,,,,,,,,,,
E0,14/09/2024,15:00,Crystal Palace,Leicester,2,2,D,0,1,A,T Harrington,20,9,4,4,11,15,5,2,0,3,0,0,1.62,4.0,5.5,1.62,4.1,5.25,,,,1.62,4.13,5.48,1.65,4.0,5.5,,,,1.66,4.3,5.6,1.63,4.14,5.38,1.73,2.1,1.76,2.11,1.8,2.17,1.76,2.1,-1.0,2.08,1.82,2.09,1.81,2.14,1.84,2.07,1.8,1.65,3.9,5.25,1.66,4.0,5.25,,,,1.67,4.02,5.43,1.65,4.0,5.5,,,,1.7,4.1,5.5,1.67,3.98,5.27,1.88,2.02,1.88,2.03,1.92,2.05,1.85,2.0,-0.75,1.88,2.05,1.87,2.07,1.92,2.07,1.85,2.02,2425,1.62,4.0,5.5,1.66,4.27,5.33,1.67,4.3,5.9,1.79,2.2,2.13,1.85,1.57,4.0,5.5,1.69,3.98,5.36,1.72,4.0,5.6,1.93,2.06,1.92,2.06,,,,,,,,,,,,,,,,,,,,,,,,,,,,,,,,,,,,,,,,,,,,
E0,14/09/2024,15:00,Fulham,West Ham,1,1,D,1,0,H,T Robinson,21,11,5,3,15,18,3,2,2,3,0,0,2.38,3.25,3.0,2.4,3.6,2.8,,,,2.4,3.53,2.97,2.5,3.4,2.88,,,,2.5,3.6,3.03,2.42,3.48,2.92,1.73,2.1,1.72,2.18,1.75,2.22,1.72,2.16,-0.25,2.08,1.82,2.08,1.81,2.14,1.83,2.07,1.79,2.25,3.3,3.2,2.35,3.4,3.0,,,,2.36,3.41,3.21,2.3,3.4,3.2,,,,2.39,3.45,3.29,2.33,3.39,3.15,1.86,2.04,1.86,2.05,1.9,2.1,1.82,2.03,-0.25,2.04,1.89,2.04,1.89,2.06,1.9,2.0,1.86,2425,2.45,3.4,2.88,2.49,3.4,3.03,2.5,3.6,3.0,1.77,2.24,2.17,1.83,2.25,3.3,3.1,2.31,3.39,3.29,2.4,3.45,3.35,1.91,2.08,2.06,1.92,,,,,,,,,,,,,,,,,,,,,,,,,,,,,,,,,,,,,,,,,,,,
E0,14/09/2024,15:00,Liverpool,Nott'm Forest,0,1,A,0,0,D,M Oliver,14,5,5,3,15,6,7,2,4,4,0,0,1.22,6.5,12.0,1.22,7.0,12.0,,,,1.21,7.23,12.71,1.22,6.5,13.0,,,,1.25,7.7,13.0,1.22,7.03,12.4,1.44,2.75,1.41,2.95,1.46,3.1,1.41,2.91,-2.0,2.07,1.83,2.05,1.83,2.09,1.87,2.03,1.84,1.25,6.25,11.0,1.26,6.5,10.5,,,,1.22,7.11,12.95,1.22,6.5,13.0,,,,1.27,7.3,13.0,1.23,6.75,11.99,1.4,3.0,1.4,3.06,1.44,3.06,1.41,2.98,-1.75,1.86,2.07,1.85,2.07,1.87,2.11,1.84,2.04,2425,1.2,7.0,13.0,1.25,6.86,12.4,1.24,7.8,14.5,1.47,3.1,2.06,1.9,1.2,6.5,12.0,1.27,6.37,11.7,1.24,7.6,15.5,1.43,3.25,1.87,2.11,,,,,,,,,,,,,,,,,,,,,,,,,,,,,,,,,,,,,,,,,,,,
E0,14/09/2024,15:00,Man City,Brentford,2,1,H,2,1,H,D Bond,18,8,7,5,9,3,12,3,3,1,0,0,1.18,8.0,12.0,1.19,7.75,14.0,,,,1.17,8.43,14.62,1.18,7.5,15.0,,,,1.21,9.2,17.0,1.17,8.2,14.79,1.36,3.2,1.36,3.17,1.4,3.45,1.35,3.22,-2.0,1.92,1.98,1.91,1.96,1.93,2.11,1.85,2.02,1.17,8.0,15.0,1.21,7.5,12.0,,,,1.21,7.2,13.92,1.2,7.0,15.0,,,,1.22,8.3,16.1,1.19,7.64,13.85,1.44,2.75,1.45,2.85,1.45,3.14,1.41,2.96,-2.0,2.08,1.85,2.09,1.81,2.09,1.94,2.0,1.87,2425,1.15,9.0,15.0,1.19,8.1,15.0,1.19,9.6,17.5,1.39,3.4,1.87,2.08,1.15,8.0,15.0,1.18,8.24,16.1,1.23,7.6,17.5,1.44,3.2,2.04,1.94,,,,,,,,,,,,,,,,,,,,,,,,,,,,,,,,,,,,,,,,,,,,
E0,14/09/2024,17:30,Aston Villa,Everton,3,2,H,1,2,A,C Pawson,17,6,8,2,10,12,6,2,1,4,0,0,1.5,4.2,6.5,1.5,4.5,6.25,,,,1.51,4.45,6.48,1.5,4.4,6.5,,,,1.55,4.65,6.7,1.51,4.48,6.34,1.67,2.2,1.69,2.23,1.72,2.28,1.67,2.23,-1.0,1.85,2.05,1.87,2.02,1.88,2.1,1.84,2.03,1.67,3.75,5.25,1.68,3.9,5.0,,,,1.68,4.0,5.44,1.67,4.0,5.0,,,,1.72,4.2,5.64,1.68,3.94,5.24,1.8,2.0,1.82,2.08,1.84,2.21,1.78,2.07,-0.75,1.88,2.05,1.87,2.06,1.91,2.08,1.85,2.02,2425,1.47,4.5,6.5,1.54,4.63,6.3,1.54,4.7,7.0,1.73,2.32,1.88,2.08,1.57,4.2,5.5,1.69,3.84,5.64,1.72,4.1,5.5,1.84,2.18,1.91,2.07,,,,,,,,,,,,,,,,,,,,,,,,,,,,,,,,,,,,,,,,,,,,
E0,14/09/2024,20:00,Bournemouth,Chelsea,0,1,A,0,0,D,A Taylor,19,10,7,3,16,9,6,3,6,8,0,0,3.4,3.8,2.0,3.3,3.9,2.05,,,,3.32,3.97,2.06,3.4,3.9,2.05,,,,3.45,4.12,2.09,3.33,3.96,2.05,1.44,2.75,1.46,2.81,1.48,2.86,1.45,2.76,0.5,1.85,2.05,1.83,2.07,1.87,2.08,1.83,2.03,3.1,3.6,2.2,2.95,3.75,2.25,,,,3.17,3.79,2.23,3.0,3.9,2.2,,,,3.36,4.0,2.28,3.11,3.8,2.19,1.5,2.63,1.5,2.7,1.52,2.98,1.47,2.73,0.25,1.95,1.98,1.97,1.95,2.07,1.99,1.95,1.92,2425,3.4,3.9,2.0,3.4,4.12,2.05,3.55,4.1,2.08,1.49,2.94,1.9,2.08,3.2,3.8,2.0,3.27,3.69,2.21,3.15,3.95,2.28,1.51,2.92,1.99,1.99,,,,,,,,,,,,,,,,,,,,,,,,,,,,,,,,,,,,,,,,,,,,
E0,15/09/2024,14:00,Tottenham,Arsenal,0,1,A,0,0,D,J Gillett,15,7,5,4,13,10,7,6,5,3,0,0,3.0,3.5,2.3,2.95,3.7,2.25,,,,3.03,3.62,2.32,3.0,3.6,2.3,,,,3.13,3.75,2.4,2.99,3.59,2.33,1.57,2.38,1.59,2.44,1.66,2.5,1.58,2.41,0.25,1.88,2.02,1.86,2.02,1.93,2.05,1.84,2.0,2.7,3.4,2.6,2.7,3.5,2.5,,,,2.77,3.49,2.63,2.62,3.75,2.5,,,,3.0,3.75,2.63,2.77,3.51,2.53,1.62,2.3,1.68,2.29,1.68,2.45,1.61,2.37,0.0,2.01,1.92,2.01,1.89,2.09,1.93,2.01,1.88,2425,2.9,3.6,2.3,3.13,3.46,2.4,3.1,3.75,2.4,1.65,2.5,1.9,2.08,2.75,3.4,2.4,3.0,3.49,2.43,2.84,3.6,2.66,1.65,2.5,2.05,1.95,,,,,,,,,,,,,,,,,,,,,,,,,,,,,,,,,,,,,,,,,,,,
E0,15/09/2024,16:30,Wolves,Newcastle,1,2,A,1,0,H,C Kavanagh,12,14,5,6,17,6,4,7,3,3,0,0,3.4,3.5,2.1,3.2,3.75,2.1,,,,3.41,3.71,2.1,3.3,3.7,2.1,,,,3.48,3.8,2.18,3.36,3.69,2.11,1.57,2.38,1.57,2.49,1.59,2.55,1.56,2.47,0.25,2.06,1.84,2.06,1.83,2.07,1.85,2.03,1.82,3.6,3.5,2.05,3.5,3.7,2.0,,,,3.6,3.73,2.07,3.4,3.75,2.05,,,,4.03,3.8,2.1,3.59,3.69,2.04,1.62,2.3,1.68,2.29,1.68,2.39,1.64,2.31,0.5,1.85,2.08,1.85,2.08,1.88,2.09,1.84,2.04,2425,3.3,3.7,2.1,3.48,3.58,2.18,3.55,3.85,2.16,1.6,2.6,2.12,1.88,3.5,3.5,2.0,4.03,3.58,1.98,3.7,3.85,2.1,1.68,2.44,1.9,2.1,,,,,,,,,,,,,,,,,,,,,,,,,,,,,,,,,,,,,,,,,,,,
E0,21/09/2024,12:30,West Ham,Chelsea,0,3,A,0,2,A,S Barrott,15,12,7,5,17,9,6,5,5,2,0,0,3.6,3.9,1.95,3.4,3.8,2.05,,,,3.59,3.93,1.99,3.4,3.75,2.05,,,,3.71,4.0,2.05,3.49,3.89,2.01,1.5,2.63,1.53,2.6,1.55,2.66,1.52,2.54,0.5,1.9,2.0,1.9,2.0,1.91,2.02,1.87,2.0,3.5,3.9,1.95,3.5,3.9,1.98,,,,3.59,3.94,2.01,3.5,3.8,2.0,,,,3.81,4.05,2.06,3.53,3.91,2.0,1.5,2.63,1.52,2.59,1.56,2.66,1.51,2.6,0.5,1.9,2.03,1.9,2.02,1.9,2.04,1.86,2.01,2425,3.4,3.9,2.0,3.62,3.95,2.02,3.6,4.0,2.08,1.57,2.68,1.9,2.08,3.5,3.9,2.0,3.81,3.99,1.93,3.65,4.0,2.06,1.57,2.72,1.92,2.06,,,,,,,,,,,,,,,,,,,,,,,,,,,,,,,,,,,,,,,,,,,,
E0,21/09/2024,15:00,Aston Villa,Wolves,3,1,H,0,1,A,T Robinson,9,10,4,4,11,16,6,5,3,6,0,0,1.57,4.2,5.25,1.58,4.4,5.25,,,,1.59,4.47,5.44,1.6,4.2,5.5,,,,1.62,4.6,5.6,1.59,4.39,5.35,1.57,2.38,1.58,2.47,1.63,2.47,1.58,2.41,-1.0,2.0,1.9,1.98,1.93,2.02,1.93,1.98,1.88,1.65,4.0,4.75,1.63,4.2,5.0,,,,1.67,4.21,5.16,1.57,4.33,5.5,,,,1.69,4.5,5.5,1.62,4.27,5.28,1.67,2.2,1.68,2.3,1.68,2.41,1.64,2.31,-0.75,1.86,2.07,1.85,2.08,1.9,2.17,1.78,2.12,2425,1.57,4.33,5.5,1.62,4.52,5.38,1.62,4.5,5.9,1.62,2.54,2.01,1.97,1.6,4.33,5.5,1.65,4.23,5.37,1.64,4.4,5.8,1.7,2.4,1.81,2.21,,,,,,,,,,,,,,,,,,,,,,,,,,,,,,,,,,,,,,,,,,,,
E0,21/09/2024,15:00,Fulham,Newcastle,3,1,H,2,0,H,P Bankes,22,15,11,4,16,8,6,0,6,0,0,0,3.0,3.4,2.4,2.87,3.6,2.35,,,,2.89,3.54,2.47,2.88,3.4,2.5,,,,3.0,3.61,2.52,2.86,3.51,2.45,1.67,2.2,1.71,2.22,1.72,2.29,1.68,2.22,0.25,1.82,2.08,1.78,2.13,1.82,2.14,1.77,2.09,2.9,3.4,2.4,2.75,3.5,2.45,,,,3.02,3.57,2.41,2.9,3.5,2.4,,,,3.11,3.61,2.6,2.89,3.51,2.45,1.67,2.2,1.7,2.25,1.71,2.3,1.68,2.24,0.25,1.83,2.1,1.85,2.09,1.86,2.24,1.79,2.1,2425,2.8,3.5,2.45,2.93,3.54,2.49,3.0,3.65,2.52,1.73,2.34,1.84,2.17,2.8,3.5,2.45,3.11,3.48,2.37,3.0,3.65,2.5,1.73,2.34,1.84,2.16,,,,,,,,,,,,,,,,,,,,,,,,,,,,,,,,,,,,,,,,,,,,
E0,21/09/2024,15:00,Leicester,Everton,1,1,D,0,1,A,D England,12,16,2,5,11,12,6,1,1,2,0,0,2.45,3.4,2.88,2.55,3.4,2.7,,,,2.54,3.43,2.88,2.5,3.5,2.75,,,,2.58,3.6,2.92,2.52,3.44,2.82,1.87,2.03,1.9,1.99,1.9,2.05,1.86,1.98,0.0,1.81,2.09,1.83,2.08,1.85,2.11,1.82,2.06,2.1,3.5,3.5,2.1,3.5,3.5,,,,2.1,3.52,3.69,2.1,3.5,3.6,,,,2.15,3.6,3.76,2.11,3.5,3.57,1.73,2.1,1.81,2.13,1.86,2.2,1.79,2.07,-0.25,1.84,2.06,1.81,2.11,1.88,2.12,1.82,2.06,2425,2.5,3.4,2.8,2.53,3.6,2.83,2.62,3.5,2.96,1.94,2.04,1.87,2.13,2.1,3.5,3.6,2.14,3.56,3.56,2.18,3.6,3.75,1.83,2.18,1.87,2.13,,,,,,,,,,,,,,,,,,,,,,,,,,,,,,,,,,,,,,,,,,,,
E0,21/09/2024,15:00,Liverpool,Bournemouth,3,0,H,3,0,H,T Harrington,19,19,13,6,10,12,3,9,1,4,0,0,1.3,6.25,9.0,1.29,6.5,9.0,,,,1.28,6.36,9.45,1.3,6.5,8.5,,,,1.31,6.7,10.0,1.29,6.31,9.35,1.36,3.2,1.36,3.2,1.39,3.27,1.36,3.12,-1.75,2.0,1.9,1.97,1.92,2.02,1.93,1.96,1.88,1.25,6.5,10.0,1.28,6.5,9.5,,,,1.25,6.85,10.91,1.29,6.5,10.0,,,,1.29,7.1,11.0,1.26,6.7,10.38,1.3,3.5,1.33,3.41,1.35,3.7,1.31,3.53,-1.75,1.88,2.05,1.87,2.04,1.88,2.09,1.84,2.03,2425,1.25,6.5,10.0,1.31,6.3,9.75,1.31,6.8,10.5,1.41,3.35,2.05,1.91,1.25,6.5,11.0,1.27,6.69,10.7,1.28,7.2,12.0,1.34,3.9,1.89,2.09,,,,,,,,,,,,,,,,,,,,,,,,,,,,,,,,,,,,,,,,,,,,
E0,21/09/2024,15:00,Southampton,Ipswich,1,1,D,1,0,H,S Allison,11,13,3,6,16,16,2,10,4,4,0,0,2.25,3.5,3.2,2.25,3.6,3.0,,,,2.27,3.5,3.24,2.2,3.6,3.2,,,,2.3,3.7,3.27,2.25,3.52,3.17,1.8,2.0,1.8,2.09,1.82,2.13,1.77,2.06,-0.25,1.97,1.93,1.97,1.93,1.97,1.95,1.92,1.92,2.45,3.4,2.88,2.4,3.4,2.9,,,,2.42,3.48,3.06,2.4,3.4,3.0,,,,2.49,3.53,3.06,2.44,3.44,2.95,1.8,2.0,1.81,2.08,1.9,2.13,1.8,2.02,-0.25,2.08,1.73,2.09,1.85,2.14,1.85,2.08,1.79,2425,2.3,3.4,3.1,2.26,3.7,3.2,2.34,3.6,3.3,1.86,2.12,2.03,1.96,2.4,3.4,3.0,2.43,3.46,3.03,2.48,3.55,3.1,1.86,2.14,2.13,1.86,,,,,,,,,,,,,,,,,,,,,,,,,,,,,,,,,,,,,,,,,,,,
E0,21/09/2024,15:00,Tottenham,Brentford,3,1,H,2,1,H,J Brooks,23,6,10,6,11,9,9,4,3,1,0,0,1.55,4.5,5.5,1.53,4.75,5.5,,,,1.55,4.77,5.48,1.57,4.5,5.5,,,,1.58,5.0,5.6,1.55,4.72,5.41,1.44,2.75,1.44,2.89,1.45,2.93,1.42,2.81,-1.0,1.89,2.01,1.88,2.04,1.91,2.05,1.86,2.0,1.48,5.0,6.0,1.47,4.8,6.0,,,,1.48,5.1,6.23,1.5,4.8,6.0,,,,1.5,5.33,6.5,1.47,4.99,6.19,1.36,3.2,1.39,3.14,1.45,3.2,1.4,3.0,-1.25,2.0,1.93,2.01,1.91,2.03,1.95,1.97,1.89,2425,1.55,4.6,5.5,1.58,4.83,5.43,1.59,4.9,5.8,1.47,3.05,1.92,2.03,1.44,5.0,6.5,1.48,5.12,6.37,1.49,5.2,7.2,1.44,3.2,2.06,1.93,,,,,,,,,,,,,,,,,,,,,,,,,,,,,,,,,,,,,,,,,,,,
E0,21/09/2024,17:30,Crystal Palace,Man United,0,0,D,0,0,D,D Coote,9,15,4,6,7,12,4,11,3,1,0,0,2.88,3.75,2.3,2.75,3.7,2.4,,,,2.92,3.76,2.35,2.88,3.6,2.38,,,,2.96,3.88,2.42,2.85,3.72,2.36,1.57,2.38,1.62,2.41,1.64,2.45,1.6,2.39,0.25,1.85,2.05,1.85,2.06,1.85,2.09,1.82,2.03,2.75,3.5,2.45,2.8,3.5,2.45,,,,2.8,3.55,2.57,3.0,3.4,2.38,,,,3.0,3.8,2.53,2.85,3.58,2.44,1.67,2.2,1.68,2.27,1.71,2.37,1.68,2.25,0.25,1.73,2.08,1.74,2.21,1.85,2.17,1.78,2.08,2425,2.8,3.7,2.38,2.92,3.88,2.35,2.96,3.85,2.46,1.64,2.5,1.86,2.14,2.8,3.5,2.4,2.8,3.8,2.47,2.98,3.7,2.5,1.71,2.38,1.84,2.16,,,,,,,,,,,,,,,,,,,,,,,,,,,,,,,,,,,,,,,,,,,,
E0,22/09/2024,14:00,Brighton,Nott'm Forest,2,2,D,2,1,H,R Jones,14,4,3,3,12,11,9,1,3,4,0,1,1.75,3.75,4.75,1.78,3.8,4.4,,,,1.79,3.91,4.51,1.8,3.8,4.5,,,,2.44,3.99,4.75,1.86,3.83,4.21,1.86,2.04,1.85,2.04,1.87,2.07,1.83,2.02,-0.75,2.04,1.86,2.03,1.88,2.05,1.91,1.98,1.85,1.8,3.7,4.33,1.85,3.7,4.2,,,,1.84,3.82,4.45,1.83,3.7,4.4,,,,1.89,3.85,4.63,1.84,3.75,4.33,1.8,2.0,1.83,2.07,1.99,2.12,1.82,2.03,-0.75,2.03,1.78,2.09,1.83,2.12,1.86,2.07,1.8,2425,1.75,3.9,4.6,1.8,3.98,4.57,1.79,4.0,4.9,1.93,2.06,2.02,1.96,1.8,3.75,4.4,1.82,3.79,4.63,1.87,3.95,4.6,1.85,2.16,2.13,1.87,,,,,,,,,,,,,,,,,,,,,,,,,,,,,,,,,,,,,,,,,,,,
E0,22/09/2024,16:30,Man City,Arsenal,2,2,D,1,2,A,M Oliver,33,5,11,3,7,10,8,2,3,4,0,1,1.8,3.6,4.5,1.8,3.6,4.6,,,,1.85,3.66,4.54,1.85,3.5,4.5,,,,1.87,3.75,4.75,1.83,3.62,4.52,2.04,1.86,2.05,1.85,2.08,1.87,2.02,1.82,-0.75,2.07,1.83,2.11,1.79,2.11,1.83,2.06,1.79,1.75,3.5,5.0,1.8,3.5,4.8,,,,1.81,3.66,4.91,1.75,3.5,5.0,,,,1.83,3.75,5.37,1.78,3.58,4.98,2.05,1.85,2.03,1.88,2.07,1.9,2.0,1.85,-0.75,2.06,1.87,2.06,1.87,2.11,1.89,2.02,1.85,2425,1.83,3.5,4.75,1.85,3.71,4.63,1.88,3.65,4.9,2.14,1.86,2.15,1.85,1.73,3.4,5.0,1.77,3.59,5.37,1.84,3.7,5.1,2.08,1.91,2.1,1.89,,,,,,,,,,,,,,,,,,,,,,,,,,,,,,,,,,,,,,,,,,,,
E0,28/09/2024,12:30,Newcastle,Man City,1,1,D,0,1,A,J Gillett,11,16,4,6,14,10,5,6,4,4,0,0,5.25,4.33,1.6,5.0,4.33,1.61,,,,5.18,4.54,1.6,5.0,4.33,1.62,,,,5.3,4.7,1.63,5.09,4.47,1.61,1.5,2.63,1.5,2.67,1.53,2.8,1.49,2.64,1.0,1.89,2.01,1.93,1.96,1.94,2.05,1.88,1.98,4.75,4.1,1.67,5.0,4.2,1.65,,,,4.9,4.23,1.69,4.8,4.0,1.7,,,,5.5,4.35,1.7,4.95,4.2,1.67,1.57,2.38,1.62,2.42,1.63,2.49,1.59,2.42,0.75,2.05,1.88,2.04,1.88,2.11,1.89,2.04,1.83,2425,5.0,4.5,1.57,5.14,4.59,1.63,5.6,4.7,1.64,1.52,2.84,1.92,2.06,4.75,4.2,1.67,5.17,4.19,1.67,5.1,4.4,1.71,1.63,2.54,2.08,1.91,,,,,,,,,,,,,,,,,,,,,,,,,,,,,,,,,,,,,,,,,,,,
E0,28/09/2024,15:00,Arsenal,Leicester,4,2,H,2,0,H,S Barrott,36,5,16,3,11,6,17,0,2,4,0,0,1.17,8.0,15.0,1.19,7.75,14.0,,,,1.18,8.27,14.09,1.2,7.0,15.0,,,,1.21,8.8,18.0,1.18,7.82,15.12,1.5,2.63,1.54,2.57,1.55,2.75,1.49,2.55,-2.0,1.98,1.92,2.0,1.88,2.01,1.96,1.95,1.91,1.2,7.5,13.0,1.21,7.0,14.5,,,,1.2,6.8,17.5,1.18,7.0,17.0,,,,1.22,7.8,17.5,1.2,7.13,15.65,1.57,2.38,1.6,2.42,1.63,2.5,1.59,2.4,-1.75,1.84,2.09,1.85,2.07,1.86,2.13,1.81,2.06,2425,1.17,8.0,16.0,1.21,7.43,16.0,1.19,9.0,19.0,1.54,2.74,1.97,1.97,1.18,7.0,17.0,1.21,7.59,13.7,1.23,7.2,19.5,1.63,2.56,1.86,2.13,,,,,,,,,,,,,,,,,,,,,,,,,,,,,,,,,,,,,,,,,,,,
E0,28/09/2024,15:00,Brentford,West Ham,1,1,D,1,0,H,S Hooper,8,19,3,3,2,11,7,7,2,3,0,0,2.2,3.5,3.2,2.2,3.6,3.1,,,,2.23,3.63,3.22,2.25,3.6,3.1,,,,2.27,3.82,3.26,2.23,3.62,3.16,1.67,2.2,1.65,2.33,1.71,2.34,1.66,2.27,-0.25,1.93,1.97,1.94,1.96,1.95,1.98,1.91,1.93,2.2,3.5,3.1,2.2,3.6,3.1,,,,2.26,3.56,3.27,2.2,3.7,3.1,,,,2.33,3.7,3.4,2.23,3.57,3.2,1.62,2.3,1.67,2.32,1.67,2.4,1.63,2.32,-0.25,1.98,1.95,1.96,1.96,2.01,1.99,1.93,1.94,2425,2.2,3.5,3.25,2.23,3.82,3.16,2.32,3.7,3.3,1.75,2.3,2.0,1.98,2.25,3.5,3.2,2.33,3.61,3.09,2.3,3.75,3.3,1.69,2.44,2.0,1.98,,,,,,,,,,,,,,,,,,,,,,,,,,,,,,,,,,,,,,,,,,,,
E0,28/09/2024,15:00,Chelsea,Brighton,4,2,H,4,2,H,P Bankes,15,15,7,5,11,8,8,2,3,2,0,0,1.73,4.2,4.2,1.71,4.1,4.5,,,,1.75,4.3,4.32,1.75,4.2,4.33,,,,1.77,4.35,4.5,1.74,4.23,4.35,1.5,2.63,1.51,2.66,1.54,2.69,1.5,2.58,-0.75,1.95,1.95,1.95,1.95,1.98,2.01,1.92,1.93,1.75,4.2,4.0,1.77,4.1,4.2,,,,1.81,4.2,4.15,1.75,4.2,4.33,,,,1.81,4.3,4.5,1.77,4.18,4.26,1.44,2.75,1.48,2.77,1.53,2.88,1.48,2.71,-0.75,2.03,1.9,2.04,1.89,2.04,1.94,1.95,1.91,2425,1.7,4.2,4.5,1.76,4.33,4.39,1.77,4.4,4.7,1.54,2.78,1.96,2.01,1.75,4.2,4.33,1.74,4.3,4.5,1.82,4.3,4.5,1.51,2.94,2.03,1.95,,,,,,,,,,,,,,,,,,,,,,,,,,,,,,,,,,,,,,,,,,,,
E0,28/09/2024,15:00,Everton,Crystal Palace,2,1,H,0,1,A,A Madley,8,17,2,5,13,11,5,8,2,1,0,0,2.7,3.3,2.63,2.7,3.4,2.55,,,,2.76,3.35,2.69,2.75,3.4,2.6,,,,2.8,3.59,2.71,2.73,3.39,2.63,1.88,2.02,1.86,2.03,1.92,2.04,1.87,1.97,0.0,1.98,1.92,1.98,1.93,2.0,1.94,1.98,1.9,2.7,3.25,2.6,2.7,3.3,2.65,,,,2.79,3.35,2.7,2.7,3.4,2.6,,,,2.81,3.5,2.71,2.75,3.34,2.65,1.91,1.99,1.93,1.98,1.93,2.0,1.89,1.95,0.0,2.02,1.91,1.99,1.93,2.05,1.93,1.99,1.9,2425,2.7,3.4,2.63,2.75,3.59,2.61,2.84,3.5,2.74,1.96,2.02,2.03,1.95,2.75,3.4,2.63,2.78,3.35,2.68,2.9,3.45,2.72,1.95,2.04,2.06,1.93,,,,,,,,,,,,,,,,,,,,,,,,,,,,,,,,,,,,,,,,,,,,
E0,28/09/2024,15:00,Nott'm Forest,Fulham,0,1,A,0,0,D,J Smith,11,14,1,2,11,15,6,5,2,4,0,0,2.38,3.3,3.0,2.37,3.3,3.0,,,,2.49,3.32,3.03,2.38,3.3,3.1,,,,2.51,3.52,3.23,2.4,3.34,3.07,2.02,1.88,2.01,1.88,2.04,1.89,2.0,1.85,-0.25,2.06,1.84,2.08,1.84,2.13,1.86,2.04,1.81,2.55,3.1,2.9,2.5,3.2,3.0,,,,2.65,3.16,3.0,2.5,3.2,3.0,,,,2.66,3.23,3.2,2.54,3.17,3.03,2.2,1.67,2.29,1.69,2.32,1.73,2.19,1.68,0.0,1.83,2.1,1.85,2.09,1.85,2.15,1.81,2.11,2425,2.3,3.3,3.1,2.37,3.52,3.14,2.44,3.45,3.25,2.08,1.9,2.08,1.9,2.5,3.1,3.1,2.64,3.18,2.97,2.6,3.25,3.2,2.28,1.76,1.8,2.22,,,,,,,,,,,,,,,,,,,,,,,,,,,,,,,,,,,,,,,,,,,,
E0,28/09/2024,17:30,Wolves,Liverpool,1,2,A,0,1,A,A Taylor,8,10,3,6,16,8,2,10,2,3,0,0,8.0,5.75,1.33,7.75,5.25,1.38,,,,8.09,5.63,1.36,8.0,5.5,1.35,,,,8.5,5.9,1.38,8.05,5.55,1.35,1.44,2.75,1.48,2.73,1.49,2.95,1.45,2.77,1.5,1.93,1.97,1.96,1.94,1.96,2.0,1.91,1.95,8.0,5.75,1.33,8.5,6.0,1.32,,,,8.72,5.95,1.33,9.5,5.8,1.3,,,,9.5,6.3,1.35,8.71,5.91,1.32,1.4,3.0,1.4,3.06,1.42,3.17,1.4,3.03,1.5,2.03,1.9,2.01,1.92,2.07,1.92,2.01,1.87,2425,8.0,5.5,1.33,8.45,5.7,1.37,9.0,6.0,1.37,1.48,3.0,1.98,1.98,9.5,5.5,1.3,8.48,5.85,1.35,9.6,6.2,1.35,1.43,3.25,2.08,1.92,,,,,,,,,,,,,,,,,,,,,,,,,,,,,,,,,,,,,,,,,,,,
E0,29/09/2024,14:00,Ipswich,Aston Villa,2,2,D,1,2,A,S Attwell,15,7,5,3,10,14,10,0,4,1,0,0,4.0,3.75,1.85,3.9,3.7,1.9,,,,4.34,3.77,1.85,4.0,3.7,1.91,,,,4.4,4.0,1.91,4.15,3.77,1.87,1.73,2.1,1.74,2.18,1.79,2.2,1.73,2.14,0.5,2.01,1.89,2.05,1.86,2.05,1.91,1.99,1.87,3.5,3.5,2.1,3.6,3.6,2.05,,,,3.64,3.59,2.1,3.7,3.5,2.05,,,,3.9,3.65,2.11,3.65,3.58,2.06,1.8,2.0,1.85,2.07,1.85,2.11,1.8,2.05,0.5,1.75,2.05,1.83,2.11,1.87,2.12,1.82,2.05,2425,4.2,3.75,1.87,4.23,4.0,1.86,4.4,3.85,1.92,1.77,2.26,2.08,1.91,3.6,3.6,2.05,3.78,3.56,2.06,3.75,3.75,2.12,1.86,2.14,1.87,2.13,,,,,,,,,,,,,,,,,,,,,,,,,,,,,,,,,,,,,,,,,,,,
E0,29/09/2024,16:30,Man United,Tottenham,0,3,A,0,1,A,C Kavanagh,11,24,2,10,16,14,5,3,5,3,1,0,2.35,3.75,2.75,2.3,3.9,2.8,,,,2.42,3.9,2.75,2.3,4.0,2.75,,,,2.42,4.13,2.8,2.36,3.89,2.77,1.44,2.75,1.45,2.88,1.45,3.07,1.42,2.87,-0.25,2.08,1.82,2.12,1.79,2.12,1.85,2.05,1.8,2.05,3.9,3.2,2.1,3.8,3.25,,,,2.12,3.89,3.27,2.15,3.7,3.25,,,,2.16,4.0,3.46,2.11,3.86,3.24,1.44,2.75,1.45,2.91,1.46,2.96,1.44,2.86,-0.25,1.87,2.06,1.89,2.04,1.91,2.12,1.85,2.02,2425,2.38,3.9,2.75,2.38,4.13,2.75,2.46,4.0,2.86,1.46,3.05,2.15,1.85,2.05,3.7,3.25,2.04,4.0,3.46,2.16,3.95,3.45,1.47,3.05,1.89,2.11,,,,,,,,,,,,,,,,,,,,,,,,,,,,,,,,,,,,,,,,,,,,
E0,30/09/2024,20:00,Bournemouth,Southampton,3,1,H,3,0,H,M Oliver,14,9,6,3,19,12,7,4,2,5,0,0,1.65,4.1,5.0,1.65,4.2,5.0,,,,1.65,4.37,5.01,1.67,4.2,4.8,,,,1.68,4.53,5.25,1.65,4.29,4.91,1.5,2.63,1.49,2.7,1.52,2.75,1.49,2.6,-0.75,1.83,2.07,1.8,2.1,1.83,2.13,1.79,2.06,1.48,4.33,6.5,1.53,4.5,5.75,,,,1.49,4.69,6.79,1.57,4.2,5.8,,,,1.58,4.75,6.79,1.52,4.52,6.1,1.57,2.38,1.59,2.49,1.64,2.55,1.57,2.46,-1.0,1.78,2.03,1.77,2.17,1.93,2.17,1.83,2.04,2425,1.62,4.1,5.0,1.67,4.53,4.84,1.68,4.4,5.5,1.53,2.72,1.83,2.15,1.5,4.5,6.0,1.58,4.34,5.94,1.56,4.7,6.4,1.61,2.62,1.91,2.08,,,,,,,,,,,,,,,,,,,,,,,,,,,,,,,,,,,,,,,,,,,,
E0,05/10/2024,12:30,Crystal Palace,Liverpool,0,1,A,0,1,A,S Hooper,9,16,5,4,7,15,3,8,4,2,0,0,6.0,4.5,1.5,6.0,4.6,1.5,,,,6.38,4.71,1.5,6.5,4.4,1.5,,,,6.67,4.9,1.52,6.36,4.65,1.49,1.57,2.38,1.62,2.39,1.64,2.5,1.59,2.4,1.0,2.05,1.75,2.11,1.82,2.12,1.83,2.08,1.79,5.0,4.0,1.67,4.8,4.1,1.66,,,,5.14,4.1,1.69,5.5,4.0,1.65,,,,5.5,4.25,1.72,5.03,4.1,1.67,1.67,2.2,1.7,2.26,1.7,2.38,1.66,2.27,0.75,2.05,1.88,2.05,1.88,2.11,1.9,2.03,1.84,2425,6.5,4.6,1.47,6.67,4.69,1.51,6.6,4.9,1.55,1.62,2.52,2.13,1.86,5.0,4.0,1.65,5.42,4.07,1.66,5.5,4.2,1.7,1.72,2.38,2.11,1.88,,,,,,,,,,,,,,,,,,,,,,,,,,,,,,,,,,,,,,,,,,,,
E0,05/10/2024,15:00,Arsenal,Southampton,3,1,H,0,0,D,T Harrington,29,8,6,2,10,9,13,1,0,3,0,0,1.14,9.0,17.0,1.14,9.5,17.0,,,,1.13,9.46,19.13,1.14,8.5,19.0,,,,1.16,10.0,21.0,1.14,9.2,18.63,1.36,3.2,1.38,3.16,1.4,3.25,1.36,3.13,-2.25,1.89,2.01,1.91,1.98,1.91,2.05,1.88,1.96,1.18,7.5,13.0,1.18,8.0,14.5,,,,1.16,8.18,18.71,1.18,7.0,17.0,,,,1.21,8.8,18.71,1.18,7.99,15.31,1.44,2.75,1.45,2.84,1.46,3.0,1.44,2.86,-2.0,1.9,2.03,1.88,2.03,1.91,2.07,1.87,2.0,2425,1.11,9.5,21.0,1.15,9.4,20.0,1.14,11.0,26.0,1.4,3.4,1.96,2.01,1.15,7.0,16.0,1.2,7.97,14.3,1.2,8.2,21.0,1.48,3.05,1.92,2.06,,,,,,,,,,,,,,,,,,,,,,,,,,,,,,,,,,,,,,,,,,,,
E0,05/10/2024,15:00,Brentford,Wolves,5,3,H,4,2,H,A Madley,19,17,12,6,9,10,10,3,2,3,0,0,2.05,3.6,3.4,2.0,3.6,3.6,,,,2.14,3.62,3.44,2.1,3.6,3.5,,,,2.14,3.75,3.7,2.09,3.64,3.47,1.73,2.1,1.81,2.08,1.81,2.13,1.78,2.08,-0.25,1.85,2.05,1.87,2.05,1.88,2.16,1.8,2.06,2.1,3.5,3.4,2.05,3.6,3.4,,,,2.11,3.61,3.6,2.05,3.6,3.6,,,,2.11,3.7,3.86,2.05,3.6,3.57,1.73,2.1,1.79,2.13,1.79,2.2,1.76,2.1,-0.5,2.05,1.75,2.11,1.81,2.11,1.86,2.06,1.8,2425,2.05,3.6,3.6,2.11,3.75,3.51,2.16,3.75,3.65,1.83,2.16,1.87,2.12,2.0,3.5,3.6,2.0,3.69,3.86,2.12,3.75,3.75,1.8,2.22,2.12,1.88,,,,,,,,,,,,,,,,,,,,,,,,,,,,,,,,,,,,,,,,,,,,
E0,05/10/2024,15:00,Leicester,Bournemouth,1,0,H,1,0,H,D Bond,6,17,2,2,12,14,0,9,4,1,0,0,3.1,3.75,2.15,3.1,3.7,2.15,,,,3.35,3.63,2.17,3.2,3.7,2.15,,,,3.4,3.81,2.22,3.24,3.66,2.17,1.67,2.2,1.73,2.2,1.74,2.29,1.69,2.21,0.25,1.99,1.91,2.01,1.89,2.02,1.93,1.97,1.87,3.5,3.9,2.0,3.4,3.7,2.05,,,,3.7,3.81,2.02,3.5,3.7,2.05,,,,3.7,3.94,2.11,3.5,3.79,2.04,1.62,2.3,1.65,2.36,1.67,2.42,1.63,2.33,0.5,1.89,2.06,1.9,2.03,1.9,2.09,1.84,2.05,2425,3.4,3.6,2.15,3.32,3.81,2.16,3.5,3.75,2.22,1.72,2.32,2.07,1.92,3.6,3.75,1.95,3.42,3.94,2.06,3.7,4.0,2.06,1.69,2.42,1.92,2.06,,,,,,,,,,,,,,,,,,,,,,,,,,,,,,,,,,,,,,,,,,,,
E0,05/10/2024,15:00,Man City,Fulham,3,2,H,1,1,D,P Bankes,20,11,7,4,4,10,8,3,2,1,0,0,1.25,7.0,9.5,1.24,6.75,11.0,,,,1.23,7.15,10.66,1.25,6.0,12.0,,,,1.27,7.6,12.0,1.24,6.85,11.11,1.44,2.75,1.47,2.74,1.49,2.82,1.45,2.74,-1.75,1.9,2.0,1.91,1.98,1.95,2.03,1.88,1.96,1.25,6.5,10.0,1.27,6.25,10.5,,,,1.26,6.52,11.37,1.29,6.0,11.0,,,,1.29,6.8,12.0,1.26,6.4,10.93,1.5,2.63,1.52,2.65,1.53,2.76,1.49,2.68,-1.75,2.02,1.91,2.01,1.9,2.03,1.98,1.97,1.89,2425,1.22,7.0,12.0,1.27,6.52,11.4,1.26,7.6,13.0,1.5,2.9,1.98,2.0,1.22,6.0,11.0,1.27,6.69,10.8,1.29,6.6,12.5,1.53,2.86,2.05,1.94,,,,,,,,,,,,,,,,,,,,,,,,,,,,,,,,,,,,,,,,,,,,
E0,05/10/2024,15:00,West Ham,Ipswich,4,1,H,2,1,H,A Taylor,23,9,13,2,12,6,5,5,0,1,0,0,1.8,3.8,4.33,1.8,3.9,4.1,,,,1.81,4.02,4.29,1.8,3.9,4.33,,,,1.86,4.1,4.45,1.8,3.96,4.25,1.67,2.2,1.71,2.22,1.72,2.29,1.69,2.21,-0.75,2.04,1.86,2.04,1.87,2.06,1.89,2.02,1.83,1.9,3.8,3.8,1.9,3.75,3.9,,,,1.92,3.84,4.05,1.91,3.75,3.9,,,,2.0,3.91,4.18,1.91,3.79,3.98,1.73,2.1,1.74,2.2,1.78,2.31,1.73,2.15,-0.5,1.94,1.99,1.93,2.0,1.95,2.02,1.9,1.97,2425,1.75,3.9,4.4,1.83,4.06,4.28,1.83,4.1,4.6,1.72,2.32,2.07,1.92,1.85,3.7,4.0,1.87,3.91,4.18,1.94,3.9,4.3,1.77,2.28,1.94,2.05,,,,,,,,,,,,,,,,,,,,,,,,,,,,,,,,,,,,,,,,,,,,
E0,05/10/2024,17:30,Everton,Newcastle,0,0,D,0,0,D,C Pawson,8,14,2,3,12,8,0,10,1,2,0,0,3.2,3.6,2.2,3.1,3.6,2.2,,,,3.18,3.59,2.27,3.1,3.7,2.2,,,,3.25,3.77,2.29,3.15,3.62,2.23,1.67,2.2,1.73,2.19,1.75,2.29,1.69,2.21,0.25,1.95,1.95,1.93,1.98,1.96,1.98,1.92,1.92,3.7,3.7,1.95,3.6,3.75,1.95,,,,3.71,3.77,2.0,3.6,3.7,2.0,,,,3.96,3.9,2.04,3.67,3.74,1.98,1.73,2.1,1.72,2.22,1.73,2.32,1.67,2.23,0.5,1.92,2.01,1.92,2.01,1.93,2.01,1.87,1.99,2425,3.1,3.6,2.25,3.14,3.77,2.26,3.25,3.75,2.32,1.72,2.3,1.97,2.01,3.7,3.75,1.95,3.96,3.78,1.94,3.9,3.9,2.02,1.75,2.3,1.96,2.02,,,,,,,,,,,,,,,,,,,,,,,,,,,,,,,,,,,,,,,,,,,,
E0,06/10/2024,14:00,Aston Villa,Man United,0,0,D,0,0,D,R Jones,11,10,1,4,12,11,6,3,1,5,0,0,2.2,3.75,3.0,2.2,3.7,3.0,,,,2.22,3.87,3.09,2.2,3.7,3.1,,,,2.25,3.99,3.2,2.21,3.82,3.06,1.53,2.5,1.55,2.57,1.55,2.63,1.53,2.52,-0.25,1.95,1.95,1.95,1.95,1.97,1.97,1.91,1.93,2.1,3.9,3.1,2.2,3.8,3.0,,,,2.23,3.84,3.13,2.25,3.75,3.0,,,,2.25,3.99,3.24,2.2,3.86,3.06,1.44,2.75,1.49,2.72,1.5,2.88,1.47,2.73,-0.25,1.88,2.05,1.96,1.96,1.99,2.05,1.91,1.95,2425,2.2,3.8,3.0,2.22,3.99,3.08,2.28,3.95,3.2,1.59,2.64,1.99,2.0,2.15,3.75,3.0,2.23,3.99,3.02,2.24,4.0,3.2,1.52,2.88,1.96,2.02,,,,,,,,,,,,,,,,,,,,,,,,,,,,,,,,,,,,,,,,,,,,
E0,06/10/2024,14:00,Chelsea,Nott'm Forest,1,1,D,0,0,D,C Kavanagh,22,16,8,9,12,11,11,3,6,2,0,1,1.48,4.5,6.5,1.47,4.6,6.25,,,,1.5,4.81,6.2,1.5,4.5,6.5,,,,1.52,4.95,7.0,1.48,4.73,6.32,1.57,2.38,1.57,2.49,1.59,2.55,1.55,2.46,-1.25,2.05,1.85,2.07,1.85,2.09,1.88,2.02,1.83,1.48,4.5,6.5,1.5,4.5,6.25,,,,1.52,4.7,6.34,1.5,4.4,7.0,,,,1.53,4.75,7.0,1.5,4.6,6.34,1.57,2.38,1.62,2.41,1.63,2.49,1.59,2.41,-1.25,2.09,1.84,2.11,1.81,2.13,1.88,2.07,1.8,2425,1.44,4.6,7.0,1.52,4.79,6.31,1.5,4.9,7.4,1.6,2.6,2.11,1.86,1.47,4.5,6.0,1.5,4.59,6.94,1.55,4.8,6.6,1.65,2.52,2.16,1.85,,,,,,,,,,,,,,,,,,,,,,,,,,,,,,,,,,,,,,,,,,,,
E0,06/10/2024,16:30,Brighton,Tottenham,3,2,H,0,2,A,D Coote,11,13,4,3,14,10,4,7,2,2,0,0,2.9,4.0,2.2,2.85,4.0,2.25,,,,2.95,3.99,2.25,2.9,4.0,2.2,,,,2.99,4.18,2.28,2.9,4.01,2.23,1.4,3.0,1.42,3.0,1.42,3.12,1.39,3.0,0.25,1.93,1.97,1.92,1.99,1.94,1.99,1.89,1.94,2.9,3.9,2.15,2.85,3.8,2.25,,,,2.94,3.95,2.3,2.9,3.8,2.3,,,,3.06,4.1,2.33,2.89,3.93,2.27,1.4,3.0,1.42,3.02,1.43,3.14,1.4,3.03,0.25,1.94,1.99,1.9,2.03,1.97,2.03,1.88,1.99,2425,2.88,3.9,2.25,2.94,4.18,2.24,3.0,4.1,2.34,1.41,3.35,1.93,2.05,2.88,3.75,2.2,3.06,4.04,2.19,3.1,4.0,2.3,1.43,3.25,1.93,2.06,,,,,,,,,,,,,,,,,,,,,,,,,,,,,,,,,,,,,,,,,,,,
E0,19/10/2024,12:30,Tottenham,West Ham,4,1,H,1,1,D,A Madley,22,11,7,4,10,15,13,5,1,3,0,1,1.5,5.0,5.25,1.5,4.8,5.75,,,,1.5,5.01,5.88,1.53,4.75,5.5,,,,1.54,5.1,6.0,1.5,4.91,5.73,1.36,3.2,1.38,3.18,1.4,3.22,1.37,3.08,-1.25,2.04,1.86,2.04,1.88,2.07,1.88,2.01,1.84,1.45,5.25,5.75,1.46,5.0,6.25,,,,1.45,5.45,6.25,1.44,5.0,6.5,,,,1.49,5.5,6.6,1.45,5.23,6.17,1.33,3.4,1.35,3.4,1.38,3.56,1.34,3.34,-1.25,1.93,2.0,1.93,2.0,1.94,2.02,1.9,1.96,2425,1.47,4.2,6.0,1.53,5.04,5.76,1.54,5.2,6.2,1.42,3.3,2.06,1.88,1.44,4.5,6.0,1.49,5.37,5.88,1.48,5.6,6.6,1.38,3.55,1.96,2.03,,,,,,,,,,,,,,,,,,,,,,,,,,,,,,,,,,,,,,,,,,,,
E0,19/10/2024,15:00,Fulham,Aston Villa,1,3,A,1,1,D,D England,10,14,4,5,8,11,6,11,3,3,1,1,2.45,3.5,2.8,2.4,3.5,2.85,,,,2.46,3.5,2.94,2.4,3.6,2.88,,,,2.5,3.71,2.98,2.44,3.5,2.89,1.73,2.1,1.75,2.17,1.78,2.2,1.73,2.14,-0.25,2.08,1.7,2.13,1.8,2.13,1.8,2.08,1.77,2.45,3.4,2.8,2.45,3.5,2.8,,,,2.48,3.46,2.98,2.5,3.5,2.8,,,,2.55,3.5,3.0,2.48,3.44,2.89,1.8,2.0,1.83,2.06,1.9,2.13,1.81,2.04,-0.25,2.08,1.73,2.15,1.81,2.16,1.82,2.11,1.77,2425,2.4,3.4,2.9,2.45,3.71,2.88,2.52,3.6,3.0,1.77,2.26,2.17,1.84,2.45,3.4,2.88,2.54,3.5,2.86,2.56,3.55,3.0,1.85,2.16,2.2,1.82,,,,,,,,,,,,,,,,,,,,,,,,,,,,,,,,,,,,,,,,,,,,
E0,19/10/2024,15:00,Ipswich,Everton,0,2,A,0,2,A,M Oliver,13,11,2,8,12,10,5,8,1,1,0,0,2.38,3.3,3.0,2.4,3.4,2.9,,,,2.4,3.43,3.07,2.4,3.4,3.0,,,,2.42,3.5,3.11,2.4,3.42,3.01,1.86,2.04,1.86,2.03,1.88,2.06,1.83,2.01,-0.25,2.08,1.82,2.08,1.84,2.12,1.84,2.05,1.81,2.38,3.4,2.9,2.35,3.4,3.1,,,,2.44,3.43,3.06,2.38,3.3,3.1,,,,2.44,3.6,3.2,2.38,3.43,3.05,1.88,2.02,1.88,2.03,1.92,2.1,1.86,2.0,-0.25,2.1,1.83,2.11,1.83,2.11,1.87,2.03,1.84,2425,2.4,3.4,3.0,2.42,3.48,3.08,2.48,3.5,3.15,1.88,2.1,2.12,1.87,2.3,3.4,3.1,2.43,3.58,2.95,2.48,3.5,3.15,1.91,2.08,2.12,1.88,,,,,,,,,,,,,,,,,,,,,,,,,,,,,,,,,,,,,,,,,,,,
E0,19/10/2024,15:00,Man United,Brentford,2,1,H,0,1,A,S Barrott,23,8,11,2,14,5,9,2,2,2,0,0,1.7,4.2,4.5,1.7,4.2,4.5,,,,1.72,4.37,4.43,1.7,4.2,4.5,,,,1.75,4.5,4.75,1.71,4.28,4.48,1.5,2.63,1.51,2.64,1.53,2.66,1.49,2.58,-0.75,1.83,1.95,1.92,1.99,1.92,2.04,1.87,1.97,1.62,4.2,5.0,1.7,4.2,4.5,,,,1.67,4.41,4.92,1.7,4.2,4.6,,,,1.73,4.5,5.09,1.69,4.27,4.72,1.5,2.63,1.51,2.68,1.57,2.75,1.51,2.62,-0.75,1.75,2.05,1.84,2.1,1.91,2.13,1.84,2.03,2425,1.67,4.33,4.6,1.74,4.38,4.48,1.74,4.5,4.8,1.56,2.68,1.93,2.05,1.7,4.2,4.6,1.68,4.19,5.09,1.71,4.4,5.2,1.55,2.78,1.91,2.08,,,,,,,,,,,,,,,,,,,,,,,,,,,,,,,,,,,,,,,,,,,,
E0,19/10/2024,15:00,Newcastle,Brighton,0,1,A,0,1,A,P Bankes,21,10,6,5,11,9,9,4,2,2,0,0,1.95,3.7,3.6,2.0,3.75,3.5,,,,2.01,3.91,3.55,2.0,3.8,3.5,,,,2.05,4.08,3.66,2.01,3.88,3.51,1.49,2.45,1.52,2.63,1.54,2.69,1.51,2.56,-0.5,2.01,1.89,2.02,1.88,2.04,1.92,2.0,1.86,1.73,4.0,4.5,1.71,4.1,4.5,,,,1.75,4.08,4.67,1.7,4.0,4.75,,,,1.78,4.25,4.9,1.73,4.08,4.6,1.53,2.5,1.55,2.58,1.55,2.66,1.51,2.59,-0.75,1.95,1.98,1.96,1.96,1.96,2.04,1.91,1.96,2425,1.95,3.9,3.6,2.03,4.08,3.48,2.02,4.0,3.75,1.56,2.68,2.02,1.96,1.7,3.9,4.75,1.78,4.08,4.43,1.76,4.3,4.9,1.56,2.74,1.96,2.02,,,,,,,,,,,,,,,,,,,,,,,,,,,,,,,,,,,,,,,,,,,,
E0,19/10/2024,15:00,Southampton,Leicester,2,3,A,2,0,H,A Taylor,14,18,7,4,10,10,10,6,5,3,1,0,2.3,3.5,3.0,2.35,3.5,2.9,,,,2.34,3.53,3.09,2.38,3.5,3.0,,,,2.38,3.63,3.14,2.33,3.54,3.03,1.73,2.1,1.79,2.11,1.8,2.16,1.76,2.08,-0.25,1.97,1.81,2.03,1.88,2.06,1.89,1.99,1.85,2.15,3.6,3.25,2.15,3.5,3.3,,,,2.23,3.5,3.41,2.2,3.5,3.3,,,,2.25,3.67,3.45,2.2,3.54,3.32,1.73,2.1,1.78,2.12,1.83,2.2,1.76,2.11,-0.25,1.89,2.01,1.93,2.0,1.93,2.03,1.89,1.98,2425,2.3,3.5,3.0,2.36,3.61,3.08,2.42,3.65,3.15,1.82,2.14,2.08,1.9,2.15,3.4,3.4,2.25,3.67,3.2,2.28,3.6,3.45,1.81,2.18,1.97,2.02,,,,,,,,,,,,,,,,,,,,,,,,,,,,,,,,,,,,,,,,,,,,
E0,19/10/2024,17:30,Bournemouth,Arsenal,2,0,H,0,0,D,R Jones,13,6,4,1,12,11,7,4,1,1,0,1,5.0,3.9,1.65,4.8,4.1,1.66,,,,5.01,4.13,1.68,5.0,4.0,1.67,,,,5.1,4.23,1.71,4.94,4.09,1.68,1.73,2.1,1.74,2.18,1.75,2.2,1.72,2.15,0.75,2.04,1.86,2.04,1.88,2.06,1.88,2.01,1.84,4.75,3.7,1.75,4.75,3.7,1.75,,,,5.17,3.71,1.76,4.6,3.8,1.75,,,,5.37,3.85,1.85,4.85,3.73,1.77,1.99,1.91,1.96,1.94,1.99,2.08,1.89,1.96,0.75,1.92,2.01,1.93,2.0,1.96,2.07,1.89,1.98,2425,5.0,3.9,1.67,4.99,4.23,1.7,5.5,4.1,1.72,1.79,2.22,2.07,1.89,5.0,3.7,1.75,5.37,3.76,1.73,5.5,3.8,1.79,1.98,2.0,1.96,2.02,,,,,,,,,,,,,,,,,,,,,,,,,,,,,,,,,,,,,,,,,,,,
E0,20/10/2024,14:00,Wolves,Man City,1,2,A,1,1,D,C Kavanagh,3,22,2,7,8,5,1,18,4,1,0,0,8.0,6.0,1.33,9.0,5.75,1.32,,,,9.01,5.92,1.32,9.0,5.5,1.33,,,,9.8,6.0,1.34,8.88,5.85,1.31,1.44,2.75,1.48,2.73,1.5,2.95,1.45,2.75,1.5,2.02,1.88,2.02,1.88,2.05,1.91,2.0,1.86,8.5,5.5,1.33,7.5,5.5,1.38,,,,8.08,5.46,1.38,8.5,5.5,1.33,,,,9.11,6.0,1.39,8.3,5.48,1.35,1.5,2.63,1.5,2.7,1.52,2.79,1.49,2.67,1.5,1.85,2.08,1.85,2.09,1.94,2.09,1.87,2.0,2425,9.5,6.0,1.3,9.25,5.91,1.34,10.0,6.2,1.34,1.5,2.92,2.05,1.91,8.5,5.0,1.33,9.11,5.6,1.34,9.6,5.8,1.38,1.54,2.82,1.89,2.09,,,,,,,,,,,,,,,,,,,,,,,,,,,,,,,,,,,,,,,,,,,,
E0,20/10/2024,16:30,Liverpool,Chelsea,2,1,H,1,0,H,J Brooks,9,12,5,2,12,13,1,6,4,3,0,0,1.62,4.1,5.0,1.66,4.2,4.75,,,,1.62,4.47,5.08,1.65,4.33,4.8,,,,1.67,4.69,5.1,1.63,4.39,4.89,1.4,3.0,1.41,3.02,1.43,3.07,1.4,2.93,-1.0,2.03,1.87,2.0,1.91,2.08,1.91,2.02,1.85,1.67,4.33,4.2,1.68,4.33,4.5,,,,1.72,4.4,4.55,1.67,4.33,4.6,,,,1.72,4.6,5.0,1.67,4.45,4.63,1.4,3.0,1.41,3.02,1.42,3.3,1.39,3.04,-0.75,1.9,2.03,1.92,2.01,1.92,2.1,1.83,2.05,2425,1.65,4.2,5.0,1.65,4.69,4.84,1.69,4.5,5.2,1.46,3.1,2.06,1.89,1.65,4.5,4.75,1.68,4.58,4.58,1.69,4.7,5.0,1.44,3.25,1.85,2.15,,,,,,,,,,,,,,,,,,,,,,,,,,,,,,,,,,,,,,,,,,,,
E0,21/10/2024,20:00,Nott'm Forest,Crystal Palace,1,0,H,0,0,D,T Robinson,20,20,6,7,9,12,6,6,2,3,0,0,2.3,3.5,3.0,2.37,3.25,3.1,,,,2.41,3.28,3.19,2.38,3.25,3.2,,,,2.41,3.5,3.21,2.36,3.31,3.11,2.1,1.73,2.17,1.75,2.23,1.76,2.14,1.73,-0.25,2.06,1.84,2.07,1.85,2.08,1.85,2.01,1.83,2.3,3.3,3.1,2.35,3.2,3.25,,,,2.38,3.3,3.29,2.38,3.2,3.25,,,,2.42,3.39,3.32,2.36,3.26,3.23,2.3,1.62,2.36,1.65,2.38,1.68,2.31,1.64,-0.25,2.05,1.88,2.04,1.88,2.06,1.91,2.01,1.86,2425,2.38,3.2,3.0,2.41,3.41,3.16,2.48,3.4,3.2,2.26,1.75,2.13,1.87,2.3,3.1,3.25,2.3,3.39,3.32,2.44,3.35,3.35,2.42,1.7,2.06,1.93,,,,,,,,,,,,,,,,,,,,,,,,,,,,,,,,,,,,,,,,,,,,
E0,25/10/2024,20:00,Leicester,Nott'm Forest,1,3,A,1,1,D,C Pawson,11,20,1,5,16,9,6,7,5,2,0,0,3.0,3.3,2.4,3.0,3.25,2.4,,,,3.14,3.35,2.43,3.1,3.3,2.38,,,,3.2,3.45,2.45,3.09,3.32,2.41,2.0,1.8,2.12,1.79,2.13,1.82,2.06,1.79,0.25,1.83,2.07,1.85,2.09,1.86,2.09,1.82,2.04,2.88,3.4,2.45,2.9,3.3,2.45,,,,3.07,3.4,2.46,3.0,3.3,2.45,,,,3.08,3.48,2.53,2.96,3.35,2.45,2.01,1.89,2.03,1.88,2.04,1.91,2.0,1.85,0.25,1.73,2.08,1.83,2.12,1.83,2.15,1.78,2.08,2425,3.1,3.3,2.4,3.1,3.45,2.42,3.2,3.4,2.48,2.16,1.83,1.86,2.12,3.0,3.25,2.38,2.87,3.48,2.53,3.15,3.45,2.52,2.08,1.92,1.85,2.16,,,,,,,,,,,,,,,,,,,,,,,,,,,,,,,,,,,,,,,,,,,,
E0,26/10/2024,15:00,Aston Villa,Bournemouth,1,1,D,0,0,D,A Madley,18,11,8,3,12,14,9,7,7,6,0,0,1.85,3.9,3.8,1.87,3.9,3.9,,,,1.86,4.0,4.03,1.85,3.9,4.0,,,,1.9,4.1,4.1,1.86,3.97,3.97,1.57,2.38,1.61,2.42,1.62,2.45,1.6,2.39,-0.5,1.86,2.04,1.87,2.04,1.88,2.07,1.84,2.02,1.75,3.9,4.33,1.77,3.9,4.33,,,,1.79,3.97,4.54,1.8,3.9,4.33,,,,1.86,4.1,4.59,1.81,3.93,4.32,1.62,2.3,1.64,2.36,1.68,2.49,1.63,2.33,-0.75,2.04,1.89,2.03,1.9,2.08,1.9,2.02,1.85,2425,1.85,3.9,4.0,1.9,4.0,4.03,1.9,4.1,4.3,1.65,2.46,1.9,2.09,1.8,3.9,4.4,1.79,3.94,4.59,1.86,4.0,4.6,1.68,2.44,2.11,1.89,,,,,,,,,,,,,,,,,,,,,,,,,,,,,,,,,,,,,,,,,,,,
E0,26/10/2024,15:00,Brentford,Ipswich,4,3,H,2,2,D,L Smith,20,11,9,5,7,10,5,5,0,1,0,1,1.65,4.33,4.75,1.68,4.2,4.75,,,,1.65,4.35,4.94,1.7,4.2,4.6,,,,1.71,4.4,5.1,1.67,4.27,4.86,1.67,2.2,1.67,2.29,1.69,2.33,1.65,2.28,-0.75,1.82,2.08,1.83,2.09,1.86,2.11,1.81,2.04,1.67,4.2,4.75,1.65,4.1,5.0,,,,1.68,4.16,5.19,1.65,4.2,5.0,,,,1.71,4.33,5.5,1.66,4.16,5.07,1.67,2.2,1.71,2.24,1.73,2.3,1.68,2.24,-0.75,1.85,2.08,1.86,2.08,1.88,2.08,1.83,2.04,2425,1.65,4.2,5.0,1.71,4.38,4.69,1.71,4.4,5.2,1.69,2.32,1.89,2.09,1.67,4.0,5.0,1.68,4.27,5.01,1.71,4.2,5.5,1.73,2.34,1.89,2.09,,,,,,,,,,,,,,,,,,,,,,,,,,,,,,,,,,,,,,,,,,,,
E0,26/10/2024,15:00,Brighton,Wolves,2,2,D,1,0,H,M Oliver,19,14,6,7,12,10,9,6,3,3,0,0,1.62,4.5,4.5,1.62,4.33,5.0,,,,1.66,4.34,4.9,1.65,4.2,5.0,,,,1.68,4.5,5.1,1.64,4.32,4.94,1.57,2.38,1.59,2.46,1.6,2.5,1.56,2.43,-1.0,2.03,1.75,2.11,1.79,2.11,1.83,2.07,1.8,1.55,4.33,5.5,1.55,4.33,5.75,,,,1.58,4.41,5.79,1.57,4.2,5.8,,,,1.6,4.55,5.9,1.57,4.37,5.67,1.62,2.3,1.63,2.4,1.64,2.44,1.61,2.37,-1.0,1.98,1.95,1.96,1.96,1.99,1.99,1.95,1.92,2425,1.62,4.33,5.0,1.68,4.38,4.94,1.67,4.5,5.5,1.61,2.52,2.1,1.87,1.55,4.4,5.5,1.59,4.45,5.64,1.6,4.5,6.2,1.67,2.46,2.01,1.98,,,,,,,,,,,,,,,,,,,,,,,,,,,,,,,,,,,,,,,,,,,,
E0,26/10/2024,15:00,Man City,Southampton,1,0,H,1,0,H,T Harrington,22,5,8,2,9,9,12,1,1,3,0,0,1.11,10.0,17.0,1.12,11.0,19.0,,,,1.1,11.9,20.73,1.12,9.5,21.0,,,,1.13,13.0,26.0,1.11,10.94,21.04,1.29,3.75,1.32,3.28,1.3,3.95,1.27,3.73,-2.5,1.92,1.98,1.93,1.96,1.95,2.0,1.91,1.95,1.13,9.5,15.0,1.13,10.5,18.5,,,,1.12,10.5,23.0,1.12,9.0,21.0,,,,1.14,11.0,25.0,1.12,10.03,20.56,1.25,4.0,1.32,3.28,1.25,4.42,1.24,4.11,-2.5,1.94,1.99,1.97,1.93,1.97,2.01,1.91,1.95,2425,1.1,11.0,23.0,1.13,10.5,20.0,1.13,12.5,26.0,1.3,4.1,2.01,1.98,1.11,10.0,23.0,1.14,10.8,17.6,1.14,10.5,30.0,1.27,4.6,1.96,2.02,,,,,,,,,,,,,,,,,,,,,,,,,,,,,,,,,,,,,,,,,,,,
E0,26/10/2024,17:30,Everton,Fulham,1,1,D,0,0,D,J Brooks,10,14,5,3,8,8,4,2,1,0,0,0,2.75,3.25,2.63,2.75,3.3,2.55,,,,2.8,3.38,2.63,2.75,3.3,2.62,,,,2.83,3.45,2.66,2.76,3.37,2.6,1.91,1.99,1.88,2.01,1.96,2.01,1.89,1.95,0.0,1.95,1.83,2.02,1.89,2.02,1.9,1.99,1.87,2.6,3.4,2.63,2.65,3.3,2.65,,,,2.71,3.36,2.73,2.75,3.3,2.62,,,,2.89,3.5,2.73,2.76,3.38,2.63,1.8,2.0,1.82,2.08,1.94,2.1,1.83,2.02,0.0,1.95,1.98,1.95,1.97,2.01,1.99,1.97,1.92,2425,2.8,3.4,2.55,2.81,3.45,2.63,2.82,3.45,2.78,1.95,2.04,2.01,1.97,2.8,3.4,2.6,2.77,3.49,2.62,2.82,3.5,2.76,1.86,2.14,2.01,1.98,,,,,,,,,,,,,,,,,,,,,,,,,,,,,,,,,,,,,,,,,,,,
E0,27/10/2024,14:00,Chelsea,Newcastle,2,1,H,1,1,D,S Hooper,17,11,7,3,13,16,7,4,6,3,0,0,1.73,4.33,4.2,1.82,4.0,4.0,,,,1.75,4.35,4.28,1.8,4.2,4.0,,,,1.82,4.43,4.3,1.76,4.26,4.15,1.44,2.75,1.44,2.89,1.47,2.93,1.44,2.78,-0.75,1.95,1.95,1.95,1.95,2.0,1.96,1.92,1.91,1.75,4.2,4.0,1.78,4.1,4.1,,,,1.82,4.03,4.29,1.8,4.2,4.0,,,,1.82,4.32,4.4,1.79,4.11,4.16,1.5,2.63,1.51,2.66,1.53,2.7,1.5,2.62,-0.75,2.01,1.89,2.06,1.87,2.06,1.94,1.98,1.88,2425,1.75,4.2,4.2,1.8,4.33,4.17,1.8,4.4,4.4,1.49,2.88,1.98,2.0,1.75,4.0,4.2,1.77,4.32,4.3,1.83,4.2,4.5,1.54,2.8,2.06,1.92,,,,,,,,,,,,,,,,,,,,,,,,,,,,,,,,,,,,,,,,,,,,
E0,27/10/2024,14:00,Crystal Palace,Tottenham,1,0,H,1,0,H,D Bond,14,11,6,3,16,12,8,8,4,4,0,0,3.9,4.0,1.83,4.0,3.9,1.83,,,,4.05,3.98,1.86,4.0,4.0,1.83,,,,4.1,4.13,1.88,3.97,3.97,1.85,1.57,2.38,1.61,2.41,1.63,2.48,1.59,2.4,0.5,2.04,1.86,2.04,1.87,2.05,1.89,2.01,1.85,3.6,4.0,1.91,3.7,3.9,1.93,,,,3.78,3.97,1.95,3.75,3.9,1.91,,,,4.0,4.1,1.97,3.73,3.97,1.93,1.5,2.63,1.53,2.62,1.56,2.75,1.52,2.59,0.5,1.95,1.95,1.96,1.96,1.97,1.98,1.94,1.93,2425,3.9,3.9,1.87,4.05,4.13,1.86,4.1,4.1,1.94,1.64,2.5,2.05,1.94,3.75,3.9,1.95,3.86,4.08,1.9,3.95,4.0,1.98,1.59,2.68,2.01,1.98,,,,,,,,,,,,,,,,,,,,,,,,,,,,,,,,,,,,,,,,,,,,
E0,27/10/2024,14:00,West Ham,Man United,2,1,H,0,0,D,D Coote,12,18,3,5,6,7,6,5,5,1,0,0,2.88,3.75,2.3,2.87,3.75,2.3,,,,2.94,3.73,2.35,2.88,3.75,2.3,,,,2.98,3.98,2.38,2.89,3.71,2.33,1.53,2.5,1.53,2.6,1.55,2.69,1.51,2.53,0.25,1.86,2.04,1.85,2.06,1.87,2.06,1.83,2.01,3.3,3.75,2.1,3.2,3.6,2.15,,,,3.39,3.72,2.15,3.25,3.7,2.15,,,,3.45,3.82,2.21,3.3,3.69,2.15,1.62,2.3,1.67,2.31,1.69,2.41,1.63,2.32,0.25,2.06,1.84,2.05,1.88,2.09,1.91,2.01,1.86,2425,2.88,3.7,2.3,2.91,3.98,2.33,3.0,3.8,2.44,1.59,2.62,1.87,2.12,3.3,3.6,2.15,3.45,3.82,2.09,3.5,3.75,2.2,1.69,2.42,2.09,1.91,,,,,,,,,,,,,,,,,,,,,,,,,,,,,,,,,,,,,,,,,,,,
E0,27/10/2024,16:30,Arsenal,Liverpool,2,2,D,2,1,H,A Taylor,9,9,3,4,14,14,1,3,2,2,0,0,2.5,3.25,2.9,2.45,3.4,2.9,,,,2.54,3.4,2.9,2.45,3.4,2.9,,,,2.54,3.59,2.96,2.49,3.37,2.89,1.92,1.98,1.93,1.95,1.94,1.99,1.89,1.94,0.0,1.82,2.08,1.83,2.09,1.84,2.16,1.81,2.08,2.2,3.3,3.3,2.25,3.3,3.3,,,,2.27,3.46,3.35,2.3,3.3,3.25,,,,2.34,3.55,3.45,2.26,3.38,3.32,1.84,1.94,1.9,2.01,1.91,2.02,1.88,1.96,-0.25,1.95,1.95,1.96,1.96,1.99,1.99,1.93,1.93,2425,2.5,3.3,2.9,2.51,3.59,2.87,2.58,3.45,3.05,2.0,1.99,1.83,2.17,2.2,3.4,3.3,2.34,3.37,3.27,2.32,3.5,3.45,1.94,2.04,1.99,2.0,,,,,,,,,,,,,,,,,,,,,,,,,,,,,,,,,,,,,,,,,,,,
E0,02/11/2024,12:30,Newcastle,Arsenal,1,0,H,1,0,H,J Brooks,9,10,4,1,16,18,4,6,4,4,0,0,3.75,3.75,1.95,3.8,3.7,1.95,,,,3.85,3.69,1.99,3.7,3.6,2.0,,,,3.88,3.8,2.03,3.77,3.69,1.98,1.84,2.06,1.83,2.05,1.86,2.07,1.82,2.02,0.5,1.92,1.98,1.91,2.0,1.96,2.0,1.89,1.97,4.0,3.6,1.95,3.9,3.6,1.95,,,,4.03,3.69,1.96,4.2,3.6,1.91,,,,4.3,3.75,2.01,3.99,3.61,1.95,1.95,1.95,1.95,1.95,1.96,2.05,1.89,1.95,0.5,1.95,1.98,1.95,1.97,1.97,2.0,1.91,1.95,2425,3.9,3.6,1.95,3.8,3.8,2.0,4.0,3.8,2.04,1.9,2.08,1.94,2.04,3.9,3.5,1.95,4.3,3.63,1.91,4.1,3.75,2.02,1.93,2.06,1.96,2.02,,,,,,,,,,,,,,,,,,,,,,,,,,,,,,,,,,,,,,,,,,,,
E0,02/11/2024,15:00,Bournemouth,Man City,2,1,H,1,0,H,M Oliver,12,18,6,4,11,6,3,10,2,1,0,0,5.5,4.2,1.57,5.25,4.5,1.57,,,,5.29,4.48,1.6,5.5,4.33,1.6,,,,5.5,4.6,1.62,5.32,4.44,1.59,1.57,2.38,1.59,2.46,1.62,2.52,1.57,2.42,1.0,1.91,1.99,1.89,2.01,1.92,2.01,1.88,1.97,5.75,4.2,1.55,5.5,4.4,1.55,,,,6.11,4.42,1.56,5.8,4.5,1.53,,,,6.3,4.65,1.62,5.83,4.45,1.55,1.57,2.38,1.57,2.54,1.64,2.59,1.56,2.48,1.0,1.98,1.95,1.99,1.93,2.01,2.0,1.97,1.9,2425,5.5,4.4,1.57,5.3,4.54,1.62,5.9,4.6,1.62,1.63,2.5,1.93,2.05,6.0,4.4,1.5,6.27,4.31,1.57,6.6,4.7,1.56,1.59,2.66,2.04,1.95,,,,,,,,,,,,,,,,,,,,,,,,,,,,,,,,,,,,,,,,,,,,
E0,02/11/2024,15:00,Ipswich,Leicester,1,1,D,0,0,D,T Robinson,14,20,2,6,11,10,4,6,4,2,1,0,2.25,3.5,3.1,2.25,3.5,3.1,,,,2.28,3.63,3.13,2.25,3.6,3.1,,,,2.3,3.77,3.18,2.27,3.61,3.09,1.73,2.1,1.72,2.2,1.74,2.25,1.71,2.18,-0.25,2.0,1.9,1.99,1.92,2.05,1.92,1.95,1.89,2.3,3.7,2.9,2.37,3.6,2.87,,,,2.36,3.54,3.09,2.3,3.6,3.0,,,,2.42,3.77,3.23,2.36,3.59,2.97,1.67,2.2,1.72,2.22,1.76,2.31,1.69,2.22,-0.25,2.05,1.88,2.05,1.88,2.07,1.94,2.03,1.84,2425,2.3,3.5,3.1,2.28,3.77,3.11,2.34,3.7,3.25,1.74,2.28,2.02,1.95,2.38,3.4,3.0,2.41,3.77,2.86,2.44,3.6,3.15,1.73,2.34,2.1,1.89,,,,,,,,,,,,,,,,,,,,,,,,,,,,,,,,,,,,,,,,,,,,
E0,02/11/2024,15:00,Liverpool,Brighton,2,1,H,0,1,A,T Harrington,16,13,8,5,10,18,10,7,1,1,0,0,1.4,5.0,7.5,1.41,5.25,6.75,,,,1.39,5.54,7.11,1.4,5.0,7.5,,,,1.43,5.8,7.5,1.39,5.4,7.12,1.4,3.0,1.39,3.13,1.41,3.17,1.39,2.99,-1.5,2.04,1.86,2.06,1.85,2.09,1.88,2.03,1.84,1.36,5.25,7.5,1.39,5.5,7.0,,,,1.36,5.79,7.93,1.36,5.5,7.5,,,,1.41,6.3,8.4,1.38,5.57,7.49,1.4,3.0,1.39,3.13,1.43,3.39,1.39,3.06,-1.5,2.01,1.92,2.0,1.93,2.05,1.99,1.98,1.89,2425,1.36,5.0,7.0,1.43,5.4,7.13,1.42,5.8,8.0,1.45,3.15,2.08,1.88,1.33,5.5,8.0,1.41,5.39,7.44,1.39,5.9,8.6,1.43,3.25,2.03,1.95,,,,,,,,,,,,,,,,,,,,,,,,,,,,,,,,,,,,,,,,,,,,
E0,02/11/2024,15:00,Nott'm Forest,West Ham,3,0,H,1,0,H,P Bankes,19,4,6,2,7,9,11,6,1,2,0,1,2.15,3.5,3.4,2.15,3.5,3.3,,,,2.15,3.51,3.53,2.15,3.5,3.4,,,,2.2,3.69,3.58,2.15,3.52,3.43,1.89,2.01,1.88,2.02,1.9,2.03,1.86,1.98,-0.25,1.87,2.03,1.86,2.05,1.91,2.06,1.84,2.01,2.0,3.5,3.75,2.05,3.4,3.6,,,,2.05,3.46,3.95,2.05,3.5,3.7,,,,2.1,3.57,4.0,2.05,3.48,3.78,2.03,1.87,2.03,1.88,2.13,2.0,1.99,1.85,-0.5,2.07,1.86,2.06,1.87,2.09,1.87,2.04,1.83,2425,2.15,3.4,3.5,2.13,3.69,3.51,2.2,3.6,3.65,1.92,2.06,1.89,2.11,2.0,3.4,3.9,2.09,3.57,3.68,2.1,3.5,4.0,2.06,1.93,2.1,1.89,,,,,,,,,,,,,,,,,,,,,,,,,,,,,,,,,,,,,,,,,,,,
E0,02/11/2024,15:00,Southampton,Everton,1,0,H,0,0,D,A Madley,9,16,2,5,14,18,3,6,4,2,0,0,2.63,3.4,2.63,2.55,3.5,2.65,,,,2.7,3.45,2.69,2.62,3.5,2.62,,,,2.7,3.63,2.75,2.65,3.48,2.66,1.84,2.06,1.85,2.05,1.86,2.06,1.83,2.02,0.0,1.95,1.95,1.95,1.95,1.97,1.97,1.94,1.93,2.63,3.25,2.63,2.65,3.2,2.7,,,,2.72,3.31,2.8,2.7,3.4,2.62,,,,2.82,3.53,2.85,2.7,3.32,2.71,1.99,1.91,2.0,1.9,2.0,2.11,1.94,1.9,0.0,1.95,1.98,1.93,1.99,1.98,1.99,1.94,1.94,2425,2.7,3.4,2.63,2.69,3.63,2.64,2.76,3.55,2.76,1.87,2.1,1.99,1.99,2.63,3.4,2.7,2.82,3.37,2.63,2.8,3.45,2.82,2.0,1.98,1.99,2.0,,,,,,,,,,,,,,,,,,,,,,,,,,,,,,,,,,,,,,,,,,,,
E0,02/11/2024,17:30,Wolves,Crystal Palace,2,2,D,0,0,D,A Taylor,11,19,6,7,7,9,3,6,1,2,0,0,2.5,3.4,2.88,2.55,3.4,2.75,,,,2.55,3.34,2.92,2.5,3.5,2.8,,,,2.61,3.59,2.92,2.53,3.4,2.85,1.9,2.0,1.92,1.97,1.93,2.0,1.89,1.95,0.0,1.82,2.08,1.83,2.1,1.85,2.12,1.82,2.06,2.35,3.4,3.0,2.4,3.3,3.0,,,,2.44,3.34,3.13,2.4,3.25,3.1,,,,2.54,3.48,3.16,2.43,3.34,3.03,1.99,1.91,2.0,1.91,2.0,2.0,1.96,1.89,-0.25,2.1,1.83,2.11,1.83,2.14,1.85,2.08,1.8,2425,2.5,3.4,2.8,2.53,3.59,2.85,2.6,3.5,3.0,1.92,2.06,1.85,2.14,2.4,3.3,3.0,2.54,3.48,2.86,2.52,3.45,3.15,2.02,1.96,2.16,1.85,,,,,,,,,,,,,,,,,,,,,,,,,,,,,,,,,,,,,,,,,,,,
E0,03/11/2024,14:00,Tottenham,Aston Villa,4,1,H,0,1,A,C Pawson,16,12,6,1,14,14,6,4,2,0,0,0,1.91,4.0,3.6,1.88,4.0,3.7,,,,1.97,4.07,3.55,1.91,4.0,3.7,,,,1.98,4.28,3.71,1.93,4.07,3.55,1.44,2.75,1.47,2.81,1.47,2.9,1.44,2.78,-0.5,1.95,1.95,1.98,1.93,1.98,1.98,1.94,1.92,1.91,4.0,3.5,1.93,4.0,3.5,,,,1.99,4.04,3.59,1.95,3.9,3.6,,,,1.99,4.15,3.77,1.94,4.02,3.61,1.44,2.75,1.48,2.77,1.48,2.9,1.45,2.79,-0.5,2.0,1.93,2.0,1.93,2.0,1.97,1.94,1.93,2425,1.91,4.0,3.7,1.92,4.28,3.71,1.99,4.2,3.8,1.48,2.98,1.99,2.0,1.95,3.9,3.7,1.96,4.11,3.6,2.0,4.1,3.8,1.49,3.0,2.0,1.98,,,,,,,,,,,,,,,,,,,,,,,,,,,,,,,,,,,,,,,,,,,,
E0,03/11/2024,16:30,Man United,Chelsea,1,1,D,0,0,D,R Jones,11,12,4,3,19,14,4,8,6,2,0,0,2.6,3.5,2.6,2.55,3.8,2.55,,,,2.61,3.81,2.58,2.6,3.8,2.5,,,,2.63,4.06,2.61,2.58,3.78,2.56,1.44,2.75,1.45,2.85,1.47,2.93,1.44,2.79,0.0,1.95,1.95,1.97,1.93,1.98,1.97,1.95,1.92,2.63,3.5,2.6,2.65,3.5,2.6,,,,2.72,3.65,2.59,2.7,3.6,2.5,,,,2.73,3.75,2.65,2.65,3.6,2.58,1.5,2.63,1.51,2.67,1.51,2.8,1.48,2.67,0.0,1.99,1.94,2.01,1.92,2.01,1.96,1.97,1.91,2425,2.63,3.7,2.55,2.61,4.06,2.53,2.7,3.9,2.66,1.5,2.96,2.0,1.98,2.63,3.6,2.55,2.68,3.57,2.65,2.76,3.75,2.66,1.54,2.84,2.03,1.96,,,,,,,,,,,,,,,,,,,,,,,,,,,,,,,,,,,,,,,,,,,,
E0,04/11/2024,20:00,Fulham,Brentford,2,1,H,0,1,A,S Attwell,26,5,12,2,3,10,11,3,2,1,0,0,2.0,3.7,3.5,2.05,3.6,3.5,,,,2.04,3.73,3.61,2.05,3.7,3.5,,,,2.08,3.9,3.61,2.03,3.73,3.52,1.67,2.2,1.68,2.28,1.7,2.31,1.67,2.23,-0.5,2.04,1.86,2.05,1.86,2.07,1.87,2.03,1.84,1.95,3.8,3.6,2.0,3.7,3.5,,,,2.02,3.76,3.73,2.0,3.7,3.6,,,,2.05,3.88,3.76,2.02,3.74,3.62,1.67,2.2,1.73,2.19,1.76,2.29,1.71,2.18,-0.5,2.0,1.9,2.03,1.92,2.04,1.92,2.0,1.86,2425,2.0,3.6,3.5,2.05,3.89,3.57,2.08,3.85,3.75,1.72,2.3,2.08,1.9,2.0,3.75,3.6,1.99,3.88,3.68,2.04,3.85,3.9,1.77,2.28,2.05,1.94,,,,,,,,,,,,,,,,,,,,,,,,,,,,,,,,,,,,,,,,,,,,
E0,09/11/2024,15:00,Brentford,Bournemouth,3,2,H,1,1,D,D Bond,12,15,6,3,8,16,6,4,2,4,0,0,2.5,3.5,2.7,2.4,3.6,2.8,,,,2.59,3.56,2.73,2.5,3.5,2.75,,,,2.61,3.7,2.8,2.53,3.59,2.72,1.62,2.3,1.63,2.39,1.63,2.47,1.6,2.39,0.0,1.89,2.01,1.9,2.01,1.9,2.06,1.86,2.01,2.6,3.5,2.63,2.6,3.5,2.65,,,,2.64,3.53,2.74,2.62,3.6,2.6,,,,2.65,3.7,2.75,2.6,3.58,2.66,1.67,2.2,1.71,2.23,1.75,2.45,1.64,2.31,0.0,1.93,2.0,1.93,2.0,1.95,2.02,1.92,1.96,2425,2.55,3.6,2.63,2.55,3.69,2.76,2.62,3.75,2.8,1.64,2.52,1.93,2.05,2.55,3.6,2.63,2.65,3.57,2.68,2.68,3.75,2.76,1.67,2.48,1.97,2.02,,,,,,,,,,,,,,,,,,,,,,,,,,,,,,,,,,,,,,,,,,,,
E0,09/11/2024,15:00,Crystal Palace,Fulham,0,2,A,0,1,A,M Salisbury,13,17,5,7,10,11,1,8,1,1,1,0,2.7,3.5,2.55,2.6,3.4,2.7,,,,2.79,3.44,2.6,2.7,3.4,2.62,,,,2.82,3.73,2.7,2.7,3.48,2.61,1.95,1.95,1.94,1.94,1.99,1.96,1.93,1.91,0.0,1.99,1.91,2.03,1.88,2.03,1.95,1.96,1.91,3.3,3.25,2.25,3.3,3.3,2.25,,,,3.37,3.3,2.34,3.4,3.4,2.2,,,,3.52,3.58,2.34,3.35,3.34,2.26,2.1,1.73,2.18,1.74,2.24,1.81,2.08,1.78,0.25,1.93,2.0,1.93,2.0,1.97,2.0,1.93,1.93,2425,2.7,3.4,2.63,2.72,3.57,2.65,2.9,3.5,2.68,2.0,1.97,2.06,1.93,3.4,3.3,2.2,3.38,3.33,2.3,3.6,3.4,2.32,2.16,1.85,2.0,1.98,,,,,,,,,,,,,,,,,,,,,,,,,,,,,,,,,,,,,,,,,,,,
E0,09/11/2024,15:00,West Ham,Everton,0,0,D,0,0,D,S Attwell,11,18,6,4,10,9,7,6,1,2,0,0,2.15,3.4,3.4,2.15,3.4,3.4,,,,2.2,3.55,3.37,2.15,3.5,3.4,,,,2.23,3.71,3.5,2.18,3.47,3.38,1.84,2.06,1.79,2.1,1.87,2.13,1.81,2.03,-0.25,1.88,2.02,1.88,2.03,1.89,2.05,1.85,1.99,2.15,3.3,3.5,2.15,3.4,3.4,,,,2.17,3.53,3.52,2.15,3.5,3.4,,,,2.2,3.58,3.71,2.16,3.44,3.49,1.95,1.95,1.95,1.95,2.0,2.0,1.92,1.93,-0.25,1.87,2.06,1.88,2.05,1.89,2.08,1.85,2.02,2425,2.15,3.4,3.4,2.18,3.71,3.36,2.22,3.55,3.7,1.9,2.06,1.9,2.08,2.15,3.4,3.5,2.15,3.38,3.71,2.18,3.6,3.7,1.98,2.0,1.89,2.11,,,,,,,,,,,,,,,,,,,,,,,,,,,,,,,,,,,,,,,,,,,,
E0,09/11/2024,15:00,Wolves,Southampton,2,0,H,1,0,H,T Bramall,8,9,4,0,14,12,1,9,1,4,0,0,1.91,3.75,3.75,1.95,3.7,3.7,,,,1.99,3.84,3.7,1.95,3.75,3.7,,,,2.01,4.13,3.8,1.96,3.84,3.67,1.67,2.2,1.67,2.3,1.72,2.34,1.66,2.26,-0.5,1.98,1.92,1.99,1.91,2.0,1.98,1.96,1.9,1.91,3.75,3.8,1.95,3.75,3.7,,,,1.95,3.75,4.01,1.91,3.8,4.0,,,,2.06,4.0,4.33,1.92,3.79,3.93,1.73,2.1,1.72,2.2,1.75,2.26,1.71,2.19,-0.5,1.94,1.99,1.96,1.96,2.05,2.06,1.92,1.95,2425,1.91,3.8,3.8,1.99,3.94,3.72,1.99,3.95,4.0,1.71,2.38,1.99,2.0,1.85,3.8,4.2,1.9,3.82,4.11,1.95,3.9,4.2,1.75,2.3,1.95,2.04,,,,,,,,,,,,,,,,,,,,,,,,,,,,,,,,,,,,,,,,,,,,
E0,09/11/2024,17:30,Brighton,Man City,2,1,H,0,1,A,S Barrott,10,15,4,6,12,10,0,4,3,3,0,0,4.1,4.2,1.73,4.33,4.0,1.77,,,,4.49,4.18,1.74,4.4,4.0,1.75,,,,4.6,4.33,1.8,4.34,4.17,1.75,1.53,2.5,1.56,2.53,1.57,2.63,1.53,2.5,0.75,1.95,1.95,1.95,1.95,1.98,2.0,1.91,1.93,4.0,4.0,1.8,4.0,4.0,1.82,,,,4.1,4.15,1.83,4.2,4.0,1.8,,,,4.48,4.3,1.85,4.11,4.13,1.8,1.44,2.75,1.49,2.74,1.53,2.9,1.47,2.75,0.75,1.86,2.07,1.85,2.08,1.93,2.08,1.87,2.0,2425,4.33,4.2,1.75,4.33,4.33,1.77,4.6,4.4,1.79,1.55,2.68,1.98,2.0,4.1,4.1,1.8,4.36,4.1,1.8,4.3,4.3,1.85,1.51,2.94,1.9,2.09,,,,,,,,,,,,,,,,,,,,,,,,,,,,,,,,,,,,,,,,,,,,
E0,09/11/2024,20:00,Liverpool,Aston Villa,2,0,H,1,0,H,D Coote,14,12,5,2,11,15,2,9,0,3,0,0,1.42,5.25,6.5,1.44,5.0,6.25,,,,1.42,5.45,6.7,1.44,4.8,7.0,,,,1.45,5.5,7.4,1.42,5.26,6.7,1.44,2.75,1.44,2.87,1.45,2.98,1.43,2.83,-1.25,1.87,2.03,1.86,2.06,1.94,2.06,1.87,1.97,1.45,4.75,6.25,1.5,4.6,6.0,,,,1.47,4.9,7.0,1.5,4.5,6.5,,,,1.51,4.9,7.0,1.48,4.74,6.41,1.57,2.38,1.58,2.49,1.61,2.5,1.57,2.45,-1.25,2.05,1.88,2.06,1.88,2.12,1.88,2.04,1.83,2425,1.4,5.0,6.5,1.44,5.35,6.98,1.46,5.5,7.2,1.47,2.98,1.92,2.06,1.44,4.75,6.5,1.51,4.84,6.17,1.51,4.9,7.2,1.63,2.58,2.13,1.88,,,,,,,,,,,,,,,,,,,,,,,,,,,,,,,,,,,,,,,,,,,,
E0,10/11/2024,14:00,Man United,Leicester,3,0,H,2,0,H,P Bankes,13,6,3,5,9,5,1,5,0,1,0,0,1.38,5.5,6.5,1.38,5.25,7.5,,,,1.39,5.34,7.62,1.4,5.0,7.5,,,,1.43,5.6,8.0,1.39,5.35,7.46,1.44,2.75,1.5,2.69,1.51,2.8,1.46,2.72,-1.5,2.04,1.86,2.07,1.85,2.07,1.88,2.03,1.84,1.33,5.75,8.0,1.32,5.75,8.5,,,,1.35,5.62,8.93,1.33,5.5,9.0,,,,1.36,5.85,9.86,1.33,5.66,8.87,1.5,2.63,1.5,2.7,1.52,2.8,1.48,2.68,-1.5,1.92,2.01,1.96,1.96,1.96,2.04,1.9,1.96,2425,1.36,5.5,7.5,1.41,5.39,7.7,1.4,6.0,8.2,1.5,2.86,2.09,1.81,1.3,5.5,9.0,1.35,5.85,8.48,1.34,6.2,10.0,1.55,2.78,1.98,1.98,,,,,,,,,,,,,,,,,,,,,,,,,,,,,,,,,,,,,,,,,,,,
E0,10/11/2024,14:00,Nott'm Forest,Newcastle,1,3,A,1,0,H,A Taylor,9,17,3,6,13,6,4,5,1,1,0,0,2.7,3.3,2.7,2.7,3.3,2.65,,,,2.71,3.29,2.78,2.62,3.4,2.7,,,,2.75,3.57,2.82,2.69,3.31,2.72,1.97,1.93,1.94,1.94,2.0,1.96,1.94,1.9,0.0,1.95,1.95,1.93,1.97,1.95,1.98,1.93,1.93,2.7,3.3,2.6,2.7,3.3,2.65,,,,2.81,3.3,2.72,2.8,3.25,2.62,,,,2.9,3.45,2.75,2.76,3.3,2.67,1.97,1.93,1.97,1.93,1.98,2.0,1.93,1.92,0.0,2.01,1.92,2.0,1.93,2.05,1.94,1.99,1.9,2425,2.6,3.4,2.7,2.68,3.57,2.69,2.78,3.4,2.86,1.97,1.96,1.96,2.03,2.7,3.25,2.7,2.9,3.39,2.56,2.88,3.35,2.78,1.99,2.0,2.04,1.95,,,,,,,,,,,,,,,,,,,,,,,,,,,,,,,,,,,,,,,,,,,,
E0,10/11/2024,14:00,Tottenham,Ipswich,1,2,A,0,2,A,D England,17,8,5,3,10,19,12,2,1,5,0,0,1.25,6.5,9.0,1.26,6.75,10.0,,,,1.25,6.95,9.87,1.25,6.5,11.0,,,,1.27,7.3,11.0,1.26,6.76,9.98,1.3,3.5,1.32,3.49,1.33,3.7,1.3,3.49,-1.75,1.85,2.05,1.83,2.07,1.9,2.07,1.83,2.01,1.25,6.5,9.5,1.26,6.75,10.0,,,,1.26,6.72,10.66,1.25,6.5,11.0,,,,1.28,7.3,12.0,1.25,6.71,10.56,1.33,3.4,1.34,3.42,1.36,3.7,1.32,3.44,-1.75,1.86,2.07,1.88,2.03,1.88,2.09,1.84,2.03,2425,1.25,7.0,10.0,1.27,6.88,10.4,1.29,7.4,10.5,1.33,3.8,1.9,2.05,1.25,6.5,10.5,1.27,6.83,10.4,1.28,7.0,12.0,1.37,3.65,1.91,2.08,,,,,,,,,,,,,,,,,,,,,,,,,,,,,,,,,,,,,,,,,,,,
E0,10/11/2024,16:30,Chelsea,Arsenal,1,1,D,0,0,D,M Oliver,17,13,3,3,12,12,4,3,4,2,0,0,2.7,3.4,2.55,2.8,3.5,2.45,,,,2.75,3.53,2.59,2.75,3.5,2.5,,,,2.8,3.72,2.59,2.75,3.49,2.53,1.73,2.1,1.72,2.21,1.76,2.26,1.71,2.17,0.0,2.02,1.88,2.01,1.9,2.05,1.9,2.01,1.86,2.8,3.4,2.5,3.0,3.3,2.37,,,,3.0,3.35,2.52,2.8,3.5,2.5,,,,3.14,3.55,2.52,3.01,3.41,2.41,1.8,2.0,1.83,2.05,1.84,2.12,1.81,2.05,0.25,1.73,2.08,1.77,2.15,1.85,2.16,1.81,2.05,2425,2.8,3.4,2.55,2.75,3.72,2.54,2.94,3.5,2.64,1.78,2.24,2.1,1.9,3.0,3.25,2.3,3.14,3.44,2.38,3.1,3.45,2.54,1.85,2.16,1.84,2.17,,,,,,,,,,,,,,,,,,,,,,,,,,,,,,,,,,,,,,,,,,,,
E0,23/11/2024,12:30,Leicester,Chelsea,1,2,A,0,1,A,A Madley,4,16,1,7,15,12,2,9,4,3,0,0,6.5,4.75,1.44,6.5,4.8,1.46,,,,7.05,4.78,1.46,7.0,4.6,1.44,,,,7.44,5.03,1.5,6.75,4.81,1.46,1.5,2.63,1.51,2.65,1.52,2.75,1.48,2.64,1.25,1.95,1.95,1.93,1.98,1.97,2.0,1.89,1.94,7.0,4.75,1.44,6.5,4.75,1.46,,,,7.0,5.05,1.45,7.0,4.6,1.44,,,,7.56,5.05,1.5,6.91,4.84,1.45,1.57,2.38,1.58,2.5,1.61,2.6,1.56,2.48,1.25,1.93,2.0,1.94,1.98,1.98,2.04,1.9,1.96,2425,7.0,4.75,1.44,6.42,4.94,1.5,7.2,5.0,1.49,1.53,2.8,1.95,2.0,6.5,5.0,1.44,7.44,4.82,1.45,7.2,5.1,1.49,1.6,2.64,1.95,2.03,,,,,,,,,,,,,,,,,,,,,,,,,,,,,,,,,,,,,,,,,,,,
E0,23/11/2024,15:00,Arsenal,Nott'm Forest,3,0,H,1,0,H,S Hooper,19,7,7,0,10,1,8,1,3,2,0,0,1.38,4.75,9.0,1.37,5.0,8.75,,,,1.38,5.03,8.73,1.4,4.6,9.5,,,,1.43,5.2,9.69,1.37,4.97,8.9,1.8,2.0,1.85,2.05,1.87,2.09,1.81,2.03,-1.25,1.87,2.03,1.9,2.01,1.9,2.07,1.85,2.0,1.4,4.75,7.5,1.41,4.75,8.0,,,,1.41,4.8,8.86,1.4,4.5,8.5,,,,1.43,4.9,9.05,1.41,4.75,8.43,1.87,2.03,1.88,2.02,1.9,2.1,1.83,2.0,-1.25,1.98,1.95,1.96,1.96,2.0,1.99,1.93,1.93,2425,1.33,5.0,9.5,1.43,4.89,8.35,1.38,5.3,10.5,1.83,2.16,1.9,2.08,1.36,4.75,9.0,1.43,4.87,8.02,1.42,5.0,9.8,1.92,2.08,2.02,1.97,,,,,,,,,,,,,,,,,,,,,,,,,,,,,,,,,,,,,,,,,,,,
E0,23/11/2024,15:00,Aston Villa,Crystal Palace,2,2,D,1,2,A,T Robinson,17,13,5,6,10,11,10,1,3,2,0,0,1.62,4.0,5.5,1.62,4.2,5.25,,,,1.63,4.06,5.59,1.62,4.2,5.5,,,,1.68,4.28,5.7,1.63,4.11,5.45,1.73,2.1,1.78,2.12,1.79,2.17,1.75,2.11,-1.0,2.07,1.83,2.11,1.82,2.11,1.85,2.06,1.81,1.73,3.7,5.0,1.73,3.8,4.8,,,,1.75,3.84,5.01,1.65,3.8,5.5,,,,1.78,3.95,5.5,1.73,3.83,4.95,1.88,2.02,1.89,2.01,1.9,2.1,1.84,2.01,-0.75,1.99,1.94,1.99,1.93,2.0,2.0,1.92,1.94,2425,1.62,4.1,5.5,1.65,4.28,5.35,1.68,4.3,5.8,1.8,2.18,2.11,1.85,1.73,3.8,5.0,1.74,3.8,5.11,1.76,3.95,5.4,1.92,2.06,1.98,2.0,,,,,,,,,,,,,,,,,,,,,,,,,,,,,,,,,,,,,,,,,,,,
E0,23/11/2024,15:00,Bournemouth,Brighton,1,2,A,0,1,A,S Attwell,19,6,5,4,13,10,7,0,2,2,0,1,2.4,3.6,2.8,2.35,3.6,2.87,,,,2.42,3.62,2.91,2.45,3.6,2.8,,,,2.45,3.75,2.99,2.41,3.62,2.86,1.57,2.38,1.6,2.46,1.6,2.51,1.57,2.41,-0.25,2.08,1.73,2.11,1.81,2.13,1.83,2.06,1.79,2.35,3.6,2.88,2.4,3.5,2.85,,,,2.49,3.6,2.88,2.45,3.5,2.8,,,,2.56,3.67,2.9,2.46,3.56,2.84,1.57,2.38,1.59,2.49,1.61,2.52,1.57,2.45,0.0,1.73,2.08,1.83,2.12,1.83,2.14,1.79,2.09,2425,2.45,3.6,2.8,2.42,3.69,2.93,2.46,3.7,3.05,1.61,2.56,2.12,1.87,2.45,3.5,2.8,2.47,3.67,2.83,2.56,3.7,2.94,1.63,2.56,1.86,2.14,,,,,,,,,,,,,,,,,,,,,,,,,,,,,,,,,,,,,,,,,,,,
E0,23/11/2024,15:00,Everton,Brentford,0,0,D,0,0,D,C Kavanagh,27,9,5,2,8,10,10,4,0,0,0,1,2.45,3.4,2.88,2.4,3.4,2.95,,,,2.5,3.38,2.97,2.4,3.4,3.0,,,,2.52,3.62,3.11,2.46,3.41,2.94,1.86,2.04,1.83,2.05,1.9,2.07,1.84,2.01,-0.25,2.08,1.73,2.14,1.78,2.14,1.82,2.08,1.77,2.3,3.4,3.1,2.35,3.3,3.1,,,,2.38,3.42,3.18,2.38,3.3,3.1,,,,2.42,3.47,3.28,2.36,3.38,3.13,1.88,2.02,1.88,2.03,1.91,2.04,1.86,1.99,-0.25,2.06,1.87,2.05,1.88,2.07,1.91,2.01,1.85,2425,2.45,3.4,3.0,2.45,3.62,2.94,2.5,3.5,3.1,1.9,2.08,2.15,1.85,2.38,3.3,3.1,2.29,3.47,3.28,2.46,3.5,3.2,1.92,2.06,2.1,1.89,,,,,,,,,,,,,,,,,,,,,,,,,,,,,,,,,,,,,,,,,,,,
E0,23/11/2024,15:00,Fulham,Wolves,1,4,A,1,1,D,R Jones,10,10,3,5,14,14,7,2,3,0,0,0,1.62,4.0,5.25,1.66,4.0,5.0,,,,1.64,4.11,5.43,1.67,4.0,5.0,,,,1.71,4.28,6.14,1.65,4.09,5.23,1.67,2.2,1.7,2.24,1.72,2.28,1.68,2.21,-0.75,1.78,2.03,1.81,2.09,1.83,2.12,1.81,2.03,1.53,4.33,5.75,1.55,4.4,5.75,,,,1.57,4.43,5.91,1.55,4.33,5.8,,,,1.58,4.6,6.12,1.55,4.44,5.85,1.57,2.38,1.63,2.38,1.65,2.49,1.61,2.37,-1.0,1.94,1.99,1.94,1.98,1.95,2.01,1.9,1.97,2425,1.65,4.0,5.0,1.68,4.28,5.09,1.69,4.3,5.5,1.74,2.3,1.86,2.13,1.55,4.4,5.5,1.57,4.44,5.9,1.58,4.6,6.2,1.66,2.48,1.97,2.02,,,,,,,,,,,,,,,,,,,,,,,,,,,,,,,,,,,,,,,,,,,,
E0,23/11/2024,17:30,Man City,Tottenham,0,4,A,0,2,A,J Brooks,23,9,5,7,19,9,9,3,4,2,0,0,1.48,4.75,6.0,1.51,4.8,5.5,,,,1.48,4.98,6.13,1.5,5.0,5.8,,,,1.52,5.29,6.36,1.49,5.01,5.92,1.3,3.5,1.34,3.39,1.34,3.64,1.31,3.46,-1.25,1.98,1.92,1.96,1.94,2.0,1.94,1.94,1.9,1.4,5.0,7.0,1.41,5.25,6.75,,,,1.44,5.28,6.71,1.4,5.0,7.5,,,,1.45,5.7,7.5,1.41,5.35,6.94,1.33,3.4,1.33,3.47,1.35,3.71,1.32,3.45,-1.5,2.06,1.87,2.08,1.85,2.09,1.95,2.03,1.84,2425,1.47,5.0,6.0,1.5,5.29,5.9,1.5,5.3,6.6,1.33,3.75,2.01,1.94,1.36,5.5,7.5,1.45,5.13,6.9,1.41,5.8,8.0,1.37,3.65,2.1,1.9,,,,,,,,,,,,,,,,,,,,,,,,,,,,,,,,,,,,,,,,,,,,
E0,24/11/2024,14:00,Southampton,Liverpool,2,3,A,1,1,D,S Barrott,7,27,5,11,11,9,3,10,3,4,0,0,11.0,5.75,1.27,10.0,6.25,1.28,,,,10.83,5.79,1.28,10.0,5.8,1.29,,,,11.0,6.4,1.32,10.4,5.96,1.28,1.44,2.75,1.46,2.78,1.48,2.94,1.44,2.8,1.75,1.9,2.0,1.88,2.01,1.92,2.06,1.85,1.98,8.5,5.25,1.33,8.0,5.75,1.34,,,,10.0,5.95,1.31,8.5,5.5,1.33,,,,10.0,6.0,1.36,9.12,5.7,1.32,1.4,3.0,1.4,3.12,1.44,3.16,1.4,3.02,1.5,2.0,1.93,2.01,1.92,2.03,1.94,1.97,1.89,2425,10.5,6.0,1.29,10.1,6.21,1.3,12.0,6.4,1.31,1.47,3.05,1.91,2.04,9.5,5.5,1.25,9.17,5.41,1.36,11.0,6.2,1.33,1.42,3.3,2.06,1.94,,,,,,,,,,,,,,,,,,,,,,,,,,,,,,,,,,,,,,,,,,,,
E0,24/11/2024,16:30,Ipswich,Man United,1,1,D,1,1,D,A Taylor,11,11,6,4,11,10,4,3,0,0,0,0,5.25,4.0,1.62,4.8,4.2,1.65,,,,5.24,4.25,1.64,5.0,4.2,1.65,,,,5.3,4.48,1.68,5.06,4.22,1.63,1.57,2.38,1.57,2.5,1.62,2.57,1.56,2.44,1.0,1.83,2.07,1.84,2.08,1.86,2.08,1.82,2.05,5.0,4.1,1.65,4.8,4.0,1.68,,,,5.15,4.16,1.68,5.5,3.9,1.65,,,,5.5,4.25,1.72,5.06,4.09,1.67,1.67,2.2,1.66,2.33,1.68,2.43,1.64,2.3,0.75,2.06,1.87,2.06,1.87,2.12,1.88,2.04,1.83,2425,5.0,4.2,1.62,4.99,4.48,1.66,5.5,4.4,1.67,1.6,2.58,1.89,2.08,5.0,4.0,1.62,5.42,4.18,1.65,5.6,4.3,1.69,1.69,2.42,2.12,1.88,,,,,,,,,,,,,,,,,,,,,,,,,,,,,,,,,,,,,,,,,,,,
E0,25/11/2024,20:00,Newcastle,West Ham,0,2,A,0,1,A,C Pawson,18,15,2,6,11,8,8,3,1,0,0,0,1.5,4.5,6.0,1.51,4.5,6.0,,,,1.5,4.58,6.49,1.53,4.4,6.0,,,,1.54,4.79,6.6,1.5,4.57,6.21,1.53,2.5,1.58,2.49,1.58,2.55,1.55,2.45,-1.0,1.75,2.05,1.79,2.12,1.85,2.12,1.79,2.08,1.45,4.75,6.25,1.47,4.75,6.25,,,,1.5,4.71,6.64,1.5,4.6,6.5,,,,1.5,5.0,7.1,1.47,4.8,6.5,1.5,2.63,1.51,2.67,1.56,2.77,1.5,2.64,-1.25,2.03,1.87,2.05,1.88,2.05,1.92,1.99,1.87,2425,1.44,4.5,6.0,1.53,4.79,6.16,1.52,4.9,6.8,1.58,2.6,1.81,2.17,1.47,4.75,6.5,1.5,4.85,6.38,1.49,5.2,7.0,1.55,2.78,2.06,1.92,,,,,,,,,,,,,,,,,,,,,,,,,,,,,,,,,,,,,,,,,,,,
E0,29/11/2024,20:00,Brighton,Southampton,1,1,D,1,0,H,R Jones,22,10,5,2,20,16,7,6,2,4,0,0,1.38,5.0,7.5,1.38,5.25,7.5,,,,1.39,5.33,7.66,1.4,5.0,7.5,,,,1.43,5.5,8.0,1.39,5.29,7.57,1.44,2.75,1.43,2.9,1.45,2.98,1.43,2.84,-1.5,2.02,1.88,2.04,1.87,2.04,1.91,2.01,1.85,1.38,5.25,7.5,1.4,5.25,7.0,,,,1.38,5.68,7.25,1.4,5.0,7.0,,,,1.42,5.8,8.0,1.39,5.45,7.29,1.36,3.2,1.36,3.22,1.42,3.27,1.38,3.12,-1.5,2.01,1.89,2.01,1.9,2.06,1.91,2.0,1.87,2425,1.36,5.0,7.5,1.43,5.35,7.23,1.41,5.6,8.6,1.46,3.05,2.03,1.92,1.36,5.5,7.5,1.42,5.33,7.37,1.39,5.8,8.8,1.42,3.35,2.07,1.92,,,,,,,,,,,,,,,,,,,,,,,,,,,,,,,,,,,,,,,,,,,,
E0,30/11/2024,15:00,Brentford,Leicester,4,1,H,3,1,H,M Oliver,13,7,6,3,9,10,5,4,1,1,0,0,1.65,4.2,4.75,1.68,4.1,4.6,,,,1.65,4.33,4.98,1.65,4.2,4.8,,,,1.68,4.4,5.1,1.66,4.24,4.87,1.57,2.38,1.6,2.43,1.63,2.55,1.58,2.41,-0.75,1.85,2.05,1.83,2.1,1.88,2.1,1.82,2.03,1.6,4.33,5.0,1.63,4.2,5.0,,,,1.63,4.36,5.38,1.6,4.2,5.5,,,,1.66,4.5,5.6,1.61,4.33,5.27,1.57,2.38,1.61,2.41,1.63,2.49,1.59,2.4,-1.0,2.04,1.86,2.05,1.88,2.09,1.92,2.01,1.86,2425,1.65,4.2,4.75,1.68,4.38,4.94,1.69,4.4,5.3,1.62,2.54,1.85,2.13,1.6,4.33,5.0,1.66,4.44,4.92,1.64,4.5,5.7,1.63,2.56,2.08,1.91,,,,,,,,,,,,,,,,,,,,,,,,,,,,,,,,,,,,,,,,,,,,
E0,30/11/2024,15:00,Crystal Palace,Newcastle,1,1,D,0,0,D,D England,16,1,4,0,12,11,8,9,3,3,0,0,2.9,3.6,2.3,2.95,3.5,2.35,,,,3.16,3.52,2.31,3.0,3.5,2.3,,,,3.21,4.1,2.36,3.04,3.56,2.3,1.8,2.0,1.81,2.08,1.84,3.15,1.79,2.08,0.25,1.87,2.03,1.9,2.01,1.9,2.06,1.85,1.99,3.2,3.4,2.2,3.2,3.4,2.25,,,,3.3,3.53,2.27,3.2,3.4,2.25,,,,3.43,3.55,2.29,3.25,3.48,2.24,1.88,2.02,1.88,2.03,1.93,2.1,1.86,1.99,0.25,1.95,1.95,1.96,1.96,1.99,1.98,1.94,1.92,2425,3.0,3.5,2.3,3.14,3.69,2.29,3.15,3.65,2.42,1.86,2.12,1.9,2.08,3.3,3.4,2.2,3.43,3.5,2.21,3.4,3.6,2.3,1.96,2.02,1.99,1.98,,,,,,,,,,,,,,,,,,,,,,,,,,,,,,,,,,,,,,,,,,,,
E0,30/11/2024,15:00,Nott'm Forest,Ipswich,1,0,H,0,0,D,T Harrington,12,7,5,3,5,16,8,7,1,3,0,0,1.7,3.8,4.75,1.73,3.8,4.75,,,,1.78,3.75,4.85,1.73,3.75,4.8,,,,1.81,4.0,5.06,1.75,3.82,4.79,1.92,1.98,1.93,1.95,1.95,1.99,1.89,1.94,-0.75,1.92,1.86,2.01,1.9,2.01,1.96,1.94,1.89,1.7,4.0,4.75,1.73,3.9,4.75,,,,1.74,3.98,4.94,1.7,3.9,4.8,,,,1.83,4.07,5.01,1.72,3.95,4.86,1.73,2.1,1.8,2.1,1.89,2.2,1.77,2.09,-0.75,1.91,1.99,1.94,1.98,1.95,2.02,1.9,1.95,2425,1.73,3.8,5.0,1.77,3.95,4.79,1.78,4.0,5.3,1.94,2.02,2.01,1.96,1.7,3.9,5.0,1.71,4.07,5.01,1.75,4.0,5.4,1.84,2.16,1.96,2.02,,,,,,,,,,,,,,,,,,,,,,,,,,,,,,,,,,,,,,,,,,,,
E0,30/11/2024,15:00,Wolves,Bournemouth,2,4,A,1,3,A,P Bankes,10,12,3,8,13,11,3,4,4,1,0,0,2.8,3.6,2.4,2.65,3.6,2.5,,,,2.86,3.6,2.46,2.8,3.6,2.4,,,,2.93,3.81,2.5,2.81,3.61,2.44,1.67,2.2,1.67,2.31,1.69,2.34,1.65,2.27,0.0,2.09,1.81,2.11,1.81,2.11,1.87,2.07,1.81,2.63,3.5,2.6,2.7,3.4,2.55,,,,2.75,3.48,2.66,2.7,3.4,2.6,,,,2.9,3.6,2.74,2.71,3.47,2.62,1.73,2.1,1.77,2.14,1.82,2.23,1.75,2.13,0.0,1.98,1.92,1.99,1.93,2.0,1.96,1.96,1.92,2425,2.75,3.6,2.5,2.85,3.81,2.42,2.9,3.7,2.58,1.7,2.38,2.11,1.89,2.7,3.4,2.63,2.58,3.57,2.74,2.78,3.55,2.74,1.81,2.2,2.0,1.97,,,,,,,,,,,,,,,,,,,,,,,,,,,,,,,,,,,,,,,,,,,,
E0,30/11/2024,17:30,West Ham,Arsenal,2,5,A,2,5,A,A Taylor,12,16,5,7,10,13,2,10,4,1,0,0,7.0,4.5,1.45,6.5,4.5,1.49,,,,7.07,4.76,1.46,7.5,4.5,1.44,,,,7.5,4.9,1.49,7.09,4.68,1.46,1.73,2.1,1.71,2.21,1.74,2.28,1.7,2.19,1.25,1.87,2.03,1.89,2.02,1.89,2.06,1.85,1.99,7.0,4.5,1.42,7.0,4.75,1.44,,,,7.34,4.89,1.45,7.5,4.6,1.44,,,,8.0,5.0,1.48,7.37,4.78,1.44,1.67,2.2,1.66,2.32,1.73,2.38,1.66,2.26,1.25,1.92,1.98,1.94,1.98,1.95,2.02,1.9,1.96,2425,7.0,4.75,1.44,7.24,4.84,1.47,7.6,5.0,1.48,1.73,2.32,1.91,2.03,7.5,4.75,1.36,7.26,4.67,1.48,8.2,5.2,1.45,1.71,2.38,1.98,2.01,,,,,,,,,,,,,,,,,,,,,,,,,,,,,,,,,,,,,,,,,,,,
E0,01/12/2024,13:30,Chelsea,Aston Villa,3,0,H,2,0,H,S Attwell,17,10,8,4,21,6,3,4,2,2,0,0,1.7,4.1,4.5,1.75,4.1,4.33,,,,1.7,4.3,4.6,1.73,4.2,4.4,,,,1.75,4.35,4.7,1.71,4.21,4.51,1.53,2.5,1.56,2.54,1.56,2.6,1.53,2.51,-0.75,1.89,2.01,1.89,2.01,1.91,2.02,1.87,1.96,1.7,4.0,4.5,1.72,4.1,4.5,,,,1.75,4.07,4.69,1.7,4.0,4.75,,,,1.77,4.3,4.85,1.72,4.08,4.66,1.57,2.38,1.58,2.5,1.58,2.6,1.56,2.48,-0.75,1.97,1.96,1.96,1.96,1.99,2.03,1.9,1.96,2425,1.7,4.2,4.6,1.74,4.33,4.53,1.74,4.4,5.0,1.57,2.64,1.92,2.03,1.67,3.9,4.75,1.7,4.24,4.85,1.75,4.2,5.1,1.61,2.6,1.93,2.04,,,,,,,,,,,,,,,,,,,,,,,,,,,,,,,,,,,,,,,,,,,,
E0,01/12/2024,13:30,Man United,Everton,4,0,H,2,0,H,J Brooks,11,8,5,2,12,12,2,2,2,3,0,0,1.53,4.2,6.0,1.51,4.5,6.25,,,,1.55,4.36,6.17,1.53,4.33,6.0,,,,1.56,4.5,6.5,1.54,4.33,6.08,1.73,2.1,1.78,2.11,1.8,2.17,1.75,2.11,-1.0,1.93,1.97,1.94,1.96,1.95,1.99,1.9,1.95,1.57,4.0,5.75,1.6,4.1,5.5,,,,1.62,4.07,5.98,1.62,4.0,5.5,,,,1.67,4.25,6.01,1.62,4.05,5.68,1.8,2.0,1.85,2.06,1.85,2.13,1.8,2.05,-1.0,2.05,1.88,2.07,1.86,2.17,1.9,2.05,1.83,2425,1.5,4.33,6.5,1.56,4.48,6.21,1.56,4.6,7.0,1.8,2.14,1.91,2.03,1.57,3.9,5.5,1.64,4.0,5.91,1.61,4.2,6.6,1.86,2.14,2.06,1.92,,,,,,,,,,,,,,,,,,,,,,,,,,,,,,,,,,,,,,,,,,,,
E0,01/12/2024,13:30,Tottenham,Fulham,1,1,D,0,0,D,D Bond,8,14,3,6,4,14,7,11,0,1,0,1,1.7,4.5,4.1,1.7,4.33,4.33,,,,1.75,4.35,4.28,1.73,4.2,4.33,,,,1.77,4.5,4.4,1.72,4.35,4.24,1.44,2.75,1.44,2.89,1.45,2.98,1.42,2.84,-0.75,1.91,1.99,1.94,1.96,1.94,2.0,1.89,1.94,1.95,4.2,3.3,1.95,4.0,3.5,,,,1.98,4.06,3.61,1.91,4.2,3.5,,,,2.02,4.41,3.73,1.95,4.07,3.56,1.4,3.0,1.43,2.98,1.48,3.14,1.42,2.92,-0.5,2.0,1.93,1.99,1.93,2.0,1.96,1.95,1.91,2425,1.7,4.4,4.33,1.77,4.38,4.28,1.75,4.6,4.5,1.46,3.0,1.93,2.05,1.9,3.9,3.6,1.9,4.41,3.62,1.99,4.1,3.85,1.45,3.2,1.99,2.0,,,,,,,,,,,,,,,,,,,,,,,,,,,,,,,,,,,,,,,,,,,,
E0,01/12/2024,16:00,Liverpool,Man City,2,0,H,1,0,H,C Kavanagh,18,8,7,2,9,8,7,4,1,3,0,0,2.1,3.6,3.3,2.1,3.75,3.25,,,,2.08,3.76,3.48,2.1,3.6,3.4,,,,2.14,3.8,3.55,2.09,3.7,3.37,1.57,2.38,1.58,2.5,1.58,2.51,1.54,2.42,-0.25,1.85,2.05,1.81,2.09,1.86,2.1,1.8,2.04,2.0,3.8,3.5,2.0,3.7,3.5,,,,2.06,3.76,3.6,2.05,3.6,3.6,,,,2.18,3.95,3.72,2.04,3.76,3.5,1.49,2.45,1.57,2.53,1.57,2.75,1.52,2.57,-0.5,2.07,1.86,2.07,1.86,2.08,1.89,2.03,1.84,2425,2.1,3.7,3.5,2.14,3.71,3.46,2.14,3.85,3.55,1.57,2.58,1.87,2.13,2.0,3.6,3.5,2.11,3.87,3.36,2.1,3.85,3.7,1.6,2.64,2.1,1.89,,,,,,,,,,,,,,,,,,,,,,,,,,,,,,,,,,,,,,,,,,,,
E0,03/12/2024,19:30,Ipswich,Crystal Palace,0,1,A,0,0,D,C Pawson,9,13,2,3,14,13,4,7,2,4,0,0,3.0,3.4,2.35,3.0,3.3,2.4,,,,3.15,3.41,2.39,3.1,3.3,2.38,,,,3.2,3.54,2.44,3.09,3.37,2.38,2.01,1.89,2.03,1.88,2.02,1.9,1.98,1.86,0.25,1.85,2.05,1.87,2.07,1.88,2.08,1.83,2.02,3.2,3.4,2.25,3.2,3.25,2.3,,,,3.35,3.39,2.3,3.3,3.3,2.25,,,,3.46,3.5,2.35,3.27,3.36,2.29,2.04,1.86,2.04,1.88,2.05,1.91,1.99,1.86,0.25,1.92,1.98,1.94,1.98,1.96,2.0,1.91,1.95,2425,3.1,3.3,2.38,3.11,3.54,2.37,3.2,3.45,2.46,2.04,1.94,1.87,2.11,3.25,3.4,2.3,3.4,3.46,2.23,3.4,3.4,2.38,2.04,1.94,1.96,2.03,,,,,,,,,,,,,,,,,,,,,,,,,,,,,,,,,,,,,,,,,,,,
E0,03/12/2024,20:15,Leicester,West Ham,3,1,H,1,0,H,J Smith,8,31,6,10,9,7,3,9,2,2,0,0,2.9,3.4,2.38,2.9,3.4,2.45,,,,2.95,3.43,2.52,2.88,3.5,2.4,,,,2.95,3.67,2.57,2.9,3.44,2.47,1.73,2.1,1.78,2.13,1.84,2.15,1.79,2.06,0.25,1.81,2.09,1.78,2.16,1.83,2.16,1.78,2.09,3.0,3.5,2.3,2.9,3.4,2.45,,,,3.04,3.5,2.43,3.0,3.4,2.38,,,,3.14,3.6,2.45,2.99,3.47,2.38,1.8,2.0,1.79,2.1,1.82,2.26,1.76,2.09,0.25,1.83,2.07,1.84,2.1,1.87,2.11,1.82,2.04,2425,2.88,3.4,2.45,2.91,3.67,2.45,3.0,3.6,2.56,1.83,2.18,1.82,2.2,3.0,3.4,2.4,3.08,3.57,2.34,3.1,3.6,2.46,1.84,2.16,1.87,2.12,,,,,,,,,,,,,,,,,,,,,,,,,,,,,,,,,,,,,,,,,,,,
E0,04/12/2024,19:30,Everton,Wolves,4,0,H,2,0,H,M Salisbury,13,6,4,2,10,8,3,4,2,0,0,0,2.1,3.4,3.5,2.1,3.5,3.4,,,,2.16,3.4,3.62,2.1,3.5,3.5,,,,2.18,3.59,3.62,2.14,3.46,3.51,2.03,1.87,2.04,1.86,2.04,1.92,1.98,1.86,-0.25,1.85,2.05,1.86,2.06,1.86,2.07,1.82,2.02,2.1,3.3,3.6,2.1,3.3,3.7,,,,2.14,3.36,3.8,2.1,3.25,3.7,,,,2.2,3.45,3.93,2.11,3.35,3.74,2.07,1.83,2.09,1.83,2.11,1.87,2.05,1.81,-0.25,1.85,2.08,1.84,2.1,1.85,2.13,1.81,2.07,2425,2.15,3.4,3.5,2.15,3.59,3.55,2.24,3.55,3.65,2.06,1.9,1.92,2.07,2.05,3.25,3.7,2.15,3.38,3.69,2.18,3.5,3.9,2.12,1.88,1.86,2.14,,,,,,,,,,,,,,,,,,,,,,,,,,,,,,,,,,,,,,,,,,,,
E0,04/12/2024,19:30,Man City,Nott'm Forest,3,0,H,2,0,H,M Oliver,17,12,7,3,7,15,8,2,2,4,0,0,1.36,4.75,9.0,1.37,5.25,8.0,,,,1.36,5.41,8.26,1.36,5.0,8.5,,,,1.41,5.5,9.0,1.37,5.21,8.25,1.57,2.38,1.61,2.42,1.66,2.45,1.59,2.4,-1.5,2.05,1.85,2.07,1.85,2.07,1.87,2.03,1.83,1.3,5.25,9.5,1.33,5.75,8.5,,,,1.31,5.88,10.02,1.3,5.5,10.0,,,,1.35,5.88,10.5,1.32,5.64,9.34,1.44,2.75,1.48,2.74,1.51,2.88,1.47,2.72,-1.5,1.89,2.04,1.88,2.05,2.0,2.06,1.89,1.98,2425,1.33,5.0,8.5,1.41,5.2,8.15,1.38,5.7,9.4,1.62,2.52,2.08,1.87,1.29,5.5,9.0,1.33,5.56,10.5,1.34,6.2,10.0,1.51,2.94,1.94,2.05,,,,,,,,,,,,,,,,,,,,,,,,,,,,,,,,,,,,,,,,,,,,
E0,04/12/2024,19:30,Newcastle,Liverpool,3,3,D,1,0,H,A Madley,17,16,6,5,9,17,5,6,2,5,0,0,4.2,4.0,1.75,4.2,4.0,1.78,,,,4.29,4.04,1.8,4.33,4.0,1.75,,,,4.5,4.22,1.81,4.27,4.04,1.78,1.57,2.38,1.62,2.4,1.64,2.48,1.59,2.38,0.75,1.89,2.01,1.88,2.03,1.92,2.04,1.85,1.98,3.5,3.75,2.0,3.5,3.7,2.0,,,,3.68,3.74,2.04,3.6,3.7,2.0,,,,4.08,4.0,2.06,3.63,3.76,1.99,1.62,2.3,1.65,2.35,1.72,2.43,1.63,2.31,0.5,1.88,2.05,1.88,2.05,1.91,2.06,1.85,2.01,2425,4.4,3.9,1.75,4.28,4.22,1.8,4.6,4.1,1.83,1.64,2.54,1.91,2.05,3.6,3.6,1.95,3.8,3.83,1.98,3.8,3.85,2.08,1.68,2.44,1.92,2.06,,,,,,,,,,,,,,,,,,,,,,,,,,,,,,,,,,,,,,,,,,,,
E0,04/12/2024,19:30,Southampton,Chelsea,1,5,A,1,3,A,T Harrington,6,26,4,13,7,14,5,7,1,0,1,0,8.5,5.25,1.33,8.0,5.5,1.35,,,,8.92,5.79,1.33,8.0,5.5,1.35,,,,9.0,6.0,1.37,8.39,5.64,1.34,1.44,2.75,1.43,2.93,1.45,2.98,1.43,2.83,1.5,1.98,1.92,1.99,1.92,2.0,1.95,1.95,1.91,8.5,5.5,1.3,8.5,6.0,1.32,,,,9.07,5.95,1.33,8.5,5.5,1.33,,,,9.4,6.0,1.37,8.74,5.8,1.32,1.36,3.2,1.37,3.18,1.41,3.35,1.36,3.19,1.5,2.07,1.86,2.07,1.87,2.07,1.9,2.01,1.86,2425,9.0,5.5,1.33,8.45,5.7,1.37,9.6,6.0,1.36,1.46,3.05,2.0,1.95,8.5,5.5,1.29,9.12,5.9,1.33,9.6,6.2,1.35,1.39,3.45,2.07,1.92,,,,,,,,,,,,,,,,,,,,,,,,,,,,,,,,,,,,,,,,,,,,
E0,04/12/2024,20:15,Arsenal,Man United,2,0,H,0,0,D,S Barrott,14,5,6,2,12,8,13,0,1,3,0,0,1.44,4.5,7.0,1.47,4.6,6.5,,,,1.45,4.87,7.03,1.44,4.6,7.0,,,,1.49,5.0,7.2,1.46,4.73,6.92,1.62,2.3,1.65,2.33,1.67,2.37,1.63,2.31,-1.25,2.01,1.89,1.99,1.92,2.02,1.92,1.98,1.86,1.45,4.33,6.25,1.44,4.8,6.75,,,,1.48,4.89,6.64,1.44,4.6,7.0,,,,1.51,5.13,7.5,1.45,4.84,6.86,1.62,2.3,1.62,2.4,1.7,2.47,1.61,2.37,-1.25,2.07,1.86,2.07,1.86,2.07,1.93,1.99,1.87,2425,1.44,4.6,7.0,1.47,4.89,7.13,1.47,5.0,7.8,1.67,2.44,2.01,1.95,1.4,4.75,6.5,1.51,4.71,6.42,1.49,5.0,7.4,1.68,2.46,2.06,1.93,,,,,,,,,,,,,,,,,,,,,,,,,,,,,,,,,,,,,,,,,,,,
E0,04/12/2024,20:15,Aston Villa,Brentford,3,1,H,3,0,H,L Smith,20,9,10,1,11,15,10,5,2,2,0,0,1.8,3.75,4.33,1.78,4.0,4.2,,,,1.8,3.91,4.44,1.8,4.0,4.2,,,,1.84,4.21,4.53,1.8,4.01,4.24,1.57,2.38,1.59,2.45,1.6,2.5,1.57,2.42,-0.75,2.03,1.87,2.03,1.88,2.06,1.89,2.01,1.84,1.67,4.0,5.0,1.7,4.0,4.6,,,,1.68,4.23,5.06,1.7,4.0,4.75,,,,1.83,4.3,5.15,1.69,4.11,4.89,1.53,2.5,1.57,2.51,1.6,2.56,1.56,2.48,-0.75,1.85,2.08,1.85,2.08,1.88,2.08,1.84,2.02,2425,1.8,4.0,4.2,1.82,4.21,4.21,1.85,4.1,4.5,1.61,2.5,2.07,1.91,1.65,3.9,4.75,1.7,4.07,5.09,1.72,4.3,5.2,1.58,2.68,1.92,2.07,,,,,,,,,,,,,,,,,,,,,,,,,,,,,,,,,,,,,,,,,,,,
E0,05/12/2024,19:30,Fulham,Brighton,3,1,H,1,0,H,P Bankes,6,13,2,3,7,8,5,6,2,2,0,0,2.35,3.6,2.88,2.3,3.6,2.9,,,,2.37,3.69,2.94,2.3,3.7,2.9,,,,2.4,3.82,3.04,2.33,3.65,2.92,1.62,2.3,1.63,2.39,1.66,2.39,1.62,2.33,-0.25,2.06,1.84,2.07,1.85,2.07,1.87,2.02,1.82,2.55,3.6,2.6,2.6,3.5,2.65,,,,2.64,3.65,2.7,2.6,3.5,2.62,,,,2.72,3.68,2.8,2.6,3.58,2.66,1.67,2.2,1.69,2.25,1.72,2.33,1.68,2.23,0.0,1.94,1.99,1.94,1.98,1.96,2.0,1.92,1.96,2425,2.4,3.6,2.88,2.37,3.82,2.93,2.46,3.7,3.05,1.65,2.44,2.13,1.87,2.45,3.6,2.8,2.61,3.68,2.66,2.7,3.7,2.76,1.76,2.28,1.97,2.01,,,,,,,,,,,,,,,,,,,,,,,,,,,,,,,,,,,,,,,,,,,,
E0,05/12/2024,20:15,Bournemouth,Tottenham,1,0,H,1,0,H,S Hooper,21,12,8,4,15,8,5,9,2,2,0,0,2.63,3.75,2.45,2.7,3.9,2.37,,,,2.67,3.92,2.47,2.62,3.9,2.4,,,,2.75,4.12,2.5,2.65,3.92,2.42,1.44,2.75,1.43,2.94,1.44,3.02,1.41,2.9,0.0,2.04,1.86,2.03,1.88,2.07,1.88,2.01,1.84,2.1,4.0,3.0,2.2,3.75,3.0,,,,2.21,3.97,3.06,2.2,3.7,3.1,,,,2.36,4.11,3.2,2.18,3.91,3.05,1.44,2.75,1.45,2.85,1.47,2.96,1.45,2.83,-0.25,1.95,1.98,1.95,1.97,1.99,2.02,1.91,1.95,2425,2.63,3.9,2.45,2.69,4.12,2.43,2.78,4.0,2.54,1.45,3.1,2.08,1.91,2.1,3.9,3.0,2.26,4.11,2.91,2.24,4.1,3.2,1.47,3.1,1.96,2.02,,,,,,,,,,,,,,,,,,,,,,,,,,,,,,,,,,,,,,,,,,,,
E0,07/12/2024,15:00,Aston Villa,Southampton,1,0,H,1,0,H,D Bond,18,4,5,0,18,15,14,1,1,3,0,0,1.36,5.5,7.0,1.37,5.25,7.75,,,,1.37,5.48,7.77,1.36,5.0,8.0,,,,1.39,5.6,8.1,1.37,5.41,7.78,1.44,2.75,1.46,2.82,1.47,2.9,1.44,2.81,-1.5,2.01,1.89,2.01,1.9,2.03,1.93,1.99,1.87,1.3,5.5,9.0,1.31,5.75,9.0,,,,1.33,5.79,9.42,1.33,5.5,9.0,,,,1.38,5.9,10.0,1.32,5.67,9.15,1.44,2.75,1.48,2.75,1.51,2.88,1.47,2.73,-1.5,1.89,2.04,1.9,2.03,1.96,2.06,1.88,1.99,2425,1.33,5.5,8.0,,,,1.4,5.9,8.6,1.47,3.0,2.03,1.95,1.3,5.5,9.5,1.33,5.77,9.45,1.36,6.0,9.8,1.51,2.92,1.94,2.05,,,,,,,,,,,,,,,,,,,,,,,,,,,,,,,,,,,,,,,,,,,,
E0,07/12/2024,15:00,Brentford,Newcastle,4,2,H,2,2,D,T Robinson,11,16,8,3,10,7,3,4,3,0,0,0,2.88,3.75,2.3,2.8,3.7,2.37,,,,2.88,3.75,2.38,2.88,3.6,2.38,,,,2.94,3.85,2.41,2.86,3.74,2.36,1.57,2.38,1.59,2.47,1.59,2.52,1.57,2.45,0.25,1.84,2.06,1.83,2.09,1.87,2.09,1.82,2.04,2.88,3.75,2.3,2.9,3.6,2.35,,,,3.02,3.74,2.33,3.0,3.5,2.3,,,,3.1,3.84,2.52,2.95,3.68,2.33,1.57,2.38,1.6,2.46,1.64,2.53,1.59,2.42,0.25,1.88,2.05,1.89,2.04,1.94,2.06,1.86,2.01,2425,,,,,,,3.0,3.85,2.42,1.6,2.6,1.88,2.1,2.9,3.6,2.25,3.1,3.84,2.24,3.1,3.85,2.36,1.61,2.6,1.93,2.06,,,,,,,,,,,,,,,,,,,,,,,,,,,,,,,,,,,,,,,,,,,,
E0,07/12/2024,15:00,Crystal Palace,Man City,2,2,D,1,1,D,R Jones,12,12,3,4,4,10,6,8,1,0,0,1,5.5,4.2,1.57,5.5,4.33,1.58,,,,5.38,4.39,1.6,5.5,4.2,1.6,,,,5.5,4.5,1.63,5.39,4.33,1.6,1.62,2.3,1.64,2.36,1.67,2.41,1.64,2.31,1.0,1.89,2.01,1.89,2.01,1.94,2.04,1.87,1.99,4.5,4.0,1.73,4.4,4.0,1.75,,,,4.69,4.04,1.76,4.75,3.8,1.73,,,,5.01,4.2,1.78,4.67,4.0,1.74,1.62,2.3,1.63,2.37,1.73,2.42,1.64,2.31,0.75,1.95,1.95,1.95,1.97,2.0,1.98,1.93,1.93,2425,5.5,4.2,1.6,,,,5.8,4.4,1.65,1.67,2.44,1.89,2.07,4.6,3.9,1.75,4.88,4.08,1.72,4.9,4.1,1.78,1.67,2.46,1.98,2.0,,,,,,,,,,,,,,,,,,,,,,,,,,,,,,,,,,,,,,,,,,,,
E0,07/12/2024,17:30,Man United,Nott'm Forest,2,3,A,1,1,D,D England,17,11,7,3,10,13,5,3,0,2,0,0,1.65,3.9,5.25,1.66,4.0,5.0,,,,1.68,4.05,5.18,1.67,4.0,5.0,,,,1.7,4.2,5.4,1.67,4.05,5.12,1.8,2.0,1.82,2.05,1.84,2.15,1.79,2.05,-0.75,1.85,2.05,1.87,2.04,1.87,2.08,1.83,2.02,1.67,3.9,5.0,1.71,3.9,4.8,,,,1.69,3.98,5.33,1.7,3.8,5.0,,,,1.73,4.1,5.74,1.68,3.93,5.09,1.73,2.1,1.83,2.07,1.88,2.17,1.79,2.06,-0.75,1.9,2.03,1.89,2.04,1.95,2.05,1.88,1.98,2425,1.67,4.0,5.0,,,,1.71,4.2,5.5,1.85,2.14,1.92,2.07,1.67,3.75,5.0,1.69,4.0,5.31,1.73,4.0,5.6,1.84,2.16,1.93,2.06,,,,,,,,,,,,,,,,,,,,,,,,,,,,,,,,,,,,,,,,,,,,
E0,08/12/2024,14:00,Fulham,Arsenal,1,1,D,1,0,H,C Kavanagh,2,12,2,4,10,9,0,6,4,2,0,0,5.0,4.33,1.6,5.5,4.2,1.6,,,,5.33,4.22,1.63,5.5,4.2,1.6,,,,6.0,4.35,1.65,5.4,4.24,1.61,1.8,2.0,1.82,2.06,1.84,2.17,1.78,2.06,1.0,1.85,2.05,1.84,2.08,1.87,2.1,1.83,2.04,5.0,4.33,1.62,5.25,4.2,1.61,,,,5.5,4.2,1.64,5.5,4.2,1.6,,,,5.85,4.41,1.65,5.34,4.24,1.62,1.73,2.1,1.79,2.12,1.79,2.23,1.74,2.14,1.0,1.75,2.05,1.83,2.12,1.93,2.14,1.81,2.06,2425,5.5,4.2,1.6,,,,6.0,4.4,1.64,1.83,2.14,1.87,2.07,5.5,4.1,1.57,5.42,4.41,1.62,6.0,4.4,1.63,1.81,2.22,1.86,2.13,,,,,,,,,,,,,,,,,,,,,,,,,,,,,,,,,,,,,,,,,,,,
E0,08/12/2024,14:00,Ipswich,Bournemouth,1,2,A,1,0,H,M Salisbury,18,22,5,6,9,13,6,13,2,1,0,0,3.5,3.75,2.0,3.4,3.6,2.05,,,,3.68,3.76,2.01,3.5,3.7,2.05,,,,3.71,3.8,2.06,3.57,3.73,2.02,1.73,2.1,1.72,2.2,1.75,2.22,1.72,2.16,0.5,1.87,2.03,1.88,2.02,1.89,2.05,1.85,2.01,3.7,3.8,1.91,3.8,3.75,1.93,,,,3.92,3.82,1.95,3.8,3.75,1.91,,,,4.0,4.0,2.0,3.81,3.83,1.93,1.67,2.2,1.7,2.26,1.7,2.35,1.67,2.25,0.5,1.95,1.95,1.96,1.96,2.0,1.99,1.94,1.92,2425,3.6,3.7,2.0,,,,3.75,3.85,2.08,1.75,2.26,1.9,2.08,3.6,3.6,1.95,3.95,3.9,1.92,3.95,3.9,2.02,1.73,2.34,1.96,2.03,,,,,,,,,,,,,,,,,,,,,,,,,,,,,,,,,,,,,,,,,,,,
E0,08/12/2024,14:00,Leicester,Brighton,2,2,D,0,1,A,S Attwell,10,16,3,7,9,10,5,5,1,2,0,0,4.5,3.8,1.73,4.5,4.1,1.71,,,,4.69,4.07,1.73,4.33,4.0,1.75,,,,4.69,4.2,1.8,4.48,4.02,1.75,1.57,2.38,1.61,2.41,1.63,2.44,1.59,2.39,0.75,1.95,1.95,1.96,1.94,1.98,1.98,1.93,1.92,5.0,4.2,1.65,4.8,4.2,1.65,,,,4.98,4.27,1.68,5.0,4.0,1.67,,,,5.25,4.35,1.73,4.92,4.22,1.67,1.53,2.5,1.58,2.51,1.61,2.63,1.56,2.49,0.75,2.06,1.84,2.08,1.85,2.09,1.87,2.04,1.83,2425,4.6,4.0,1.75,,,,4.8,4.2,1.79,1.64,2.44,1.96,2.0,5.0,4.1,1.62,4.87,4.25,1.7,5.2,4.5,1.69,1.58,2.7,2.13,1.86,,,,,,,,,,,,,,,,,,,,,,,,,,,,,,,,,,,,,,,,,,,,
E0,08/12/2024,16:30,Tottenham,Chelsea,3,4,A,2,1,H,A Taylor,13,17,5,8,17,11,5,10,2,2,0,0,3.4,3.9,2.0,3.1,4.0,2.1,,,,3.23,4.13,2.07,3.1,4.0,2.1,,,,3.4,4.2,2.17,3.21,4.04,2.07,1.36,3.2,1.36,3.32,1.36,3.45,1.35,3.26,0.5,1.86,2.04,1.83,2.07,1.86,2.12,1.82,2.04,2.88,4.0,2.2,2.8,3.9,2.25,,,,2.93,4.1,2.25,3.0,3.8,2.2,,,,3.12,4.1,2.35,2.9,3.98,2.24,1.33,3.4,1.35,3.37,1.37,3.45,1.34,3.31,0.25,1.9,2.0,1.93,2.0,1.98,2.05,1.89,1.97,2425,3.25,3.9,2.1,,,,3.4,4.1,2.12,1.4,3.4,1.87,2.12,2.8,3.9,2.2,3.12,4.08,2.15,3.0,4.2,2.3,1.38,3.6,1.95,2.04,,,,,,,,,,,,,,,,,,,,,,,,,,,,,,,,,,,,,,,,,,,,
E0,09/12/2024,20:00,West Ham,Wolves,2,1,H,0,0,D,J Brooks,19,19,4,5,12,17,11,0,5,4,0,0,1.9,3.9,3.75,1.93,3.75,3.75,,,,1.95,3.88,3.76,1.91,3.8,3.8,,,,1.96,3.95,4.0,1.91,3.85,3.81,1.62,2.3,1.62,2.4,1.65,2.45,1.6,2.36,-0.5,1.93,1.97,1.96,1.94,1.96,2.02,1.91,1.94,1.8,3.9,4.2,1.85,3.75,4.1,,,,1.82,3.99,4.37,1.8,3.75,4.33,,,,1.91,4.05,4.46,1.82,3.88,4.24,1.67,2.2,1.7,2.25,1.74,2.37,1.68,2.22,-0.75,2.05,1.85,2.06,1.87,2.12,1.87,2.03,1.83,2425,1.85,3.75,3.8,,,,1.94,4.0,4.0,1.63,2.48,1.95,2.04,1.8,3.75,4.1,1.8,3.97,4.46,1.86,4.1,4.5,1.73,2.34,2.11,1.88,,,,,,,,,,,,,,,,,,,,,,,,,,,,,,,,,,,,,,,,,,,,
E0,14/12/2024,15:00,Arsenal,Everton,0,0,D,0,0,D,C Pawson,13,2,5,0,6,9,8,2,0,3,0,0,1.22,6.5,12.0,1.24,6.5,12.5,,,,1.23,6.63,12.95,1.25,5.8,13.0,,,,1.26,6.63,15.0,1.23,6.33,13.36,1.67,2.2,1.68,2.24,1.71,2.3,1.66,2.23,-1.75,1.95,1.95,1.94,1.94,1.98,1.98,1.92,1.91,1.22,6.5,13.0,1.26,6.25,11.5,,,,1.25,6.5,13.0,1.22,6.0,12.0,,,,1.26,6.8,15.0,1.23,6.39,12.72,1.62,2.3,1.64,2.35,1.69,2.42,1.62,2.32,-1.75,2.05,1.88,2.04,1.87,2.06,1.98,1.97,1.88,2425,1.2,6.5,14.0,1.26,6.36,12.9,1.24,7.2,16.5,1.71,2.34,1.94,2.01,1.2,6.5,12.0,1.24,6.61,13.7,1.25,7.4,14.5,1.65,2.52,2.04,1.94,,,,,,,,,,,,,,,,,,,,,,,,,,,,,,,,,,,,,,,,,,,,
E0,14/12/2024,15:00,Liverpool,Fulham,2,2,D,0,1,A,T Harrington,16,12,4,3,10,7,5,4,3,4,1,0,1.33,5.5,8.0,1.31,5.75,9.25,,,,1.32,6.04,8.88,1.33,5.5,8.5,,,,1.34,6.04,10.0,1.32,5.75,8.89,1.5,2.63,1.49,2.72,1.52,2.85,1.47,2.66,-1.5,1.91,1.99,1.9,2.0,2.01,2.04,1.89,1.96,1.29,6.0,9.0,1.29,6.25,9.0,,,,1.29,6.13,9.62,1.3,6.0,9.0,,,,1.31,6.4,11.5,1.29,6.13,9.58,1.36,3.2,1.41,3.01,1.41,3.25,1.38,3.06,-1.75,2.02,1.91,2.02,1.89,2.04,1.94,1.98,1.88,2425,1.3,5.5,9.5,1.34,5.86,9.35,1.34,6.2,10.0,1.53,2.8,1.92,2.02,1.25,6.0,10.0,1.31,6.17,9.64,1.3,7.0,11.0,1.42,3.3,2.03,1.96,,,,,,,,,,,,,,,,,,,,,,,,,,,,,,,,,,,,,,,,,,,,
E0,14/12/2024,15:00,Newcastle,Leicester,4,0,H,1,0,H,T Bramall,27,4,11,1,7,16,5,2,3,3,0,0,1.3,6.0,8.5,1.33,5.5,9.0,,,,1.3,6.02,8.95,1.3,5.8,9.0,,,,1.34,6.06,10.0,1.31,5.83,9.08,1.44,2.75,1.45,2.81,1.47,2.87,1.45,2.75,-1.5,1.85,2.05,1.83,2.05,1.87,2.06,1.84,2.02,1.29,6.25,9.0,1.28,6.25,9.5,,,,1.29,6.29,9.49,1.29,6.0,9.5,,,,1.32,6.4,11.0,1.29,6.18,9.42,1.36,3.2,1.38,3.14,1.4,3.2,1.37,3.1,-1.75,1.98,1.95,1.98,1.92,2.01,1.96,1.95,1.9,2425,1.3,5.5,9.5,1.34,6.06,8.55,1.33,6.2,10.5,1.5,2.92,1.91,2.05,1.25,6.0,9.5,1.32,6.36,8.8,1.31,6.4,11.5,1.41,3.4,2.01,1.96,,,,,,,,,,,,,,,,,,,,,,,,,,,,,,,,,,,,,,,,,,,,
E0,14/12/2024,15:00,Wolves,Ipswich,1,2,A,0,1,A,S Hooper,16,10,6,5,13,9,7,3,0,2,1,0,1.9,3.8,3.8,1.88,3.8,3.9,,,,1.91,3.91,3.93,1.85,3.8,3.8,,,,1.93,3.96,4.0,1.9,3.83,3.85,1.73,2.1,1.74,2.18,1.76,2.23,1.72,2.15,-0.5,1.92,1.98,1.92,1.99,1.95,1.99,1.9,1.94,1.91,3.7,3.75,1.98,3.6,3.7,,,,2.0,3.65,3.93,2.0,3.6,3.6,,,,2.08,3.77,3.93,1.98,3.64,3.77,1.8,2.0,1.87,2.04,1.87,2.12,1.81,2.04,-0.5,1.98,1.95,2.01,1.92,2.01,1.95,1.98,1.88,2425,1.91,3.75,3.9,1.93,3.96,3.94,1.98,3.9,4.1,1.77,2.24,1.98,2.01,1.95,3.5,3.75,1.98,3.77,3.82,2.04,3.75,4.0,1.86,2.14,2.02,1.94,,,,,,,,,,,,,,,,,,,,,,,,,,,,,,,,,,,,,,,,,,,,
E0,14/12/2024,17:30,Nott'm Forest,Aston Villa,2,1,H,0,0,D,S Barrott,17,8,6,2,12,6,4,3,0,1,0,0,2.63,3.3,2.7,2.6,3.4,2.65,,,,2.67,3.38,2.76,2.62,3.4,2.62,,,,2.68,3.59,2.78,2.64,3.39,2.68,1.9,2.0,1.88,2.0,1.92,2.01,1.87,1.96,0.0,1.91,1.99,1.92,1.98,1.94,2.0,1.91,1.95,2.7,3.2,2.75,2.65,3.1,2.8,,,,2.73,3.28,2.81,2.7,3.1,2.75,,,,2.89,3.3,2.85,2.71,3.19,2.76,2.0,1.8,2.12,1.79,2.15,1.85,2.1,1.76,0.0,1.94,1.99,1.93,1.99,2.0,2.0,1.93,1.95,2425,2.63,3.4,2.7,2.66,3.59,2.7,2.76,3.45,2.82,1.94,2.04,1.96,2.02,2.63,3.1,2.75,2.87,3.25,2.67,2.76,3.35,2.92,2.16,1.85,1.95,2.04,,,,,,,,,,,,,,,,,,,,,,,,,,,,,,,,,,,,,,,,,,,,
E0,15/12/2024,14:00,Brighton,Crystal Palace,1,3,A,0,2,A,M Oliver,17,13,5,5,11,15,8,5,1,4,0,0,1.85,3.8,3.9,1.87,3.8,3.9,,,,1.9,3.89,3.97,1.91,3.75,3.8,,,,1.93,3.94,4.05,1.89,3.82,3.9,1.73,2.1,1.73,2.19,1.76,2.19,1.72,2.13,-0.5,1.9,2.0,1.91,2.0,1.92,2.02,1.89,1.96,1.91,3.6,3.9,1.88,3.6,4.1,,,,1.92,3.73,4.14,1.85,3.7,4.0,,,,1.95,3.9,4.27,1.9,3.69,4.05,1.73,2.1,1.82,2.07,1.83,2.2,1.79,2.06,-0.5,1.97,1.96,1.93,2.0,1.97,2.01,1.9,1.96,2425,1.87,3.8,4.0,1.93,3.94,3.96,1.93,3.95,4.3,1.75,2.26,1.93,2.06,1.87,3.6,4.0,1.91,3.68,4.26,1.96,3.75,4.4,1.85,2.16,1.96,2.03,,,,,,,,,,,,,,,,,,,,,,,,,,,,,,,,,,,,,,,,,,,,
E0,15/12/2024,16:30,Man City,Man United,1,2,A,1,0,H,A Taylor,10,10,3,3,5,14,8,2,1,1,0,0,1.57,4.5,5.0,1.55,4.6,5.25,,,,1.6,4.65,5.07,1.6,4.4,5.0,,,,1.61,4.8,5.25,1.58,4.59,5.04,1.44,2.75,1.46,2.82,1.46,2.88,1.43,2.78,-1.0,1.95,1.95,1.97,1.93,1.97,1.98,1.93,1.91,1.5,4.75,5.75,1.51,4.8,5.5,,,,1.53,4.9,5.85,1.55,4.5,5.0,,,,1.66,5.0,6.13,1.54,4.79,5.5,1.44,2.75,1.5,2.7,1.5,2.93,1.45,2.79,-1.25,2.05,1.75,2.11,1.81,2.34,1.86,2.11,1.77,2425,1.57,4.6,5.0,1.61,4.74,5.15,1.62,4.9,5.5,1.47,3.05,1.97,1.99,1.47,4.75,5.5,1.55,4.84,5.53,1.54,5.1,6.2,1.49,3.0,2.11,1.88,,,,,,,,,,,,,,,,,,,,,,,,,,,,,,,,,,,,,,,,,,,,
E0,15/12/2024,19:00,Chelsea,Brentford,2,1,H,1,0,H,P Bankes,26,9,8,4,11,7,8,5,0,2,1,0,1.33,6.0,7.5,1.34,6.0,7.75,,,,1.33,6.05,8.44,1.36,5.5,7.5,,,,1.36,6.2,9.0,1.33,5.89,8.08,1.33,3.4,1.35,3.31,1.35,3.55,1.32,3.32,-1.5,1.87,2.03,1.87,2.04,1.91,2.04,1.85,1.99,1.33,6.0,7.5,1.37,5.75,7.0,,,,1.32,6.3,8.25,1.36,5.0,7.0,,,,1.38,6.3,8.6,1.35,5.84,7.68,1.33,3.4,1.32,3.54,1.4,3.56,1.33,3.36,-1.5,1.91,2.02,1.88,2.04,1.99,2.04,1.93,1.94,2425,1.3,6.0,8.5,1.36,6.01,8.1,1.35,6.4,9.4,1.35,3.65,1.86,2.03,1.3,5.5,7.5,1.38,5.86,7.39,1.38,6.2,8.2,1.39,3.5,2.01,1.98,,,,,,,,,,,,,,,,,,,,,,,,,,,,,,,,,,,,,,,,,,,,
E0,15/12/2024,19:00,Southampton,Tottenham,0,5,A,0,5,A,D England,9,18,3,9,8,15,2,5,1,3,0,0,4.33,4.5,1.67,4.2,4.33,1.72,,,,4.47,4.51,1.69,4.0,4.4,1.73,,,,4.47,4.68,1.73,4.29,4.47,1.69,1.3,3.5,1.35,3.3,1.32,3.62,1.3,3.46,0.75,2.05,1.85,2.05,1.86,2.08,1.9,1.99,1.84,3.9,4.5,1.75,3.9,4.4,1.77,,,,4.04,4.49,1.79,3.9,4.2,1.75,,,,4.5,4.6,1.82,3.98,4.42,1.77,1.25,4.0,1.35,3.3,1.33,4.14,1.27,3.8,0.75,1.95,1.98,1.94,1.98,2.04,2.02,1.92,1.94,2425,4.33,4.6,1.7,4.33,4.68,1.72,4.5,4.7,1.74,1.34,3.8,2.09,1.9,4.0,4.33,1.73,4.16,4.58,1.75,4.2,4.5,1.82,1.32,4.1,1.99,1.99,,,,,,,,,,,,,,,,,,,,,,,,,,,,,,,,,,,,,,,,,,,,
E0,16/12/2024,20:00,Bournemouth,West Ham,1,1,D,0,0,D,C Kavanagh,29,16,9,3,6,11,12,6,0,2,0,0,1.7,4.0,4.75,1.71,4.2,4.4,,,,1.72,4.27,4.49,1.73,4.0,4.2,,,,1.75,4.4,4.75,1.71,4.19,4.43,1.53,2.5,1.53,2.61,1.53,2.62,1.51,2.54,-0.75,1.92,1.98,1.92,1.98,1.93,1.98,1.88,1.94,1.73,4.1,4.2,1.71,4.2,4.5,,,,1.78,4.13,4.42,1.73,4.0,4.2,,,,1.78,4.33,4.6,1.74,4.18,4.41,1.53,2.5,1.56,2.56,1.59,2.75,1.52,2.58,-0.75,1.99,1.91,2.0,1.93,2.02,2.03,1.92,1.94,2425,1.67,4.0,4.5,1.75,4.38,4.41,1.74,4.3,5.0,1.56,2.5,1.94,2.05,1.67,4.1,4.5,1.78,4.31,4.25,1.75,4.4,4.8,1.57,2.74,1.93,2.04,,,,,,,,,,,,,,,,,,,,,,,,,,,,,,,,,,,,,,,,,,,,
E0,21/12/2024,12:30,Aston Villa,Man City,2,1,H,1,0,H,P Bankes,11,12,6,6,14,7,5,4,3,3,0,0,3.25,3.7,2.1,3.25,3.75,2.1,,,,3.3,3.79,2.14,3.3,3.6,2.1,,,,3.42,3.8,2.18,3.29,3.71,2.12,1.57,2.38,1.61,2.41,1.64,2.46,1.59,2.39,0.25,2.04,1.86,2.03,1.88,2.06,1.88,2.01,1.83,3.1,3.6,2.2,3.2,3.6,2.15,,,,3.21,3.7,2.24,3.1,3.5,2.2,,,,3.38,3.76,2.25,3.2,3.63,2.19,1.62,2.3,1.66,2.36,1.66,2.44,1.61,2.35,0.25,1.98,1.95,1.96,1.96,2.04,1.96,1.96,1.89,2425,3.3,3.8,2.05,3.42,3.67,2.17,3.4,3.9,2.2,1.62,2.56,2.06,1.91,3.2,3.5,2.1,3.38,3.68,2.16,3.35,3.75,2.26,1.67,2.46,2.03,1.96,,,,,,,,,,,,,,,,,,,,,,,,,,,,,,,,,,,,,,,,,,,,
E0,21/12/2024,15:00,Brentford,Nott'm Forest,0,2,A,0,1,A,M Oliver,7,10,3,6,9,14,9,5,3,4,0,0,2.3,3.6,2.9,2.25,3.5,3.0,,,,2.39,3.47,3.07,2.3,3.5,3.0,,,,2.4,3.67,3.1,2.35,3.52,2.99,1.73,2.1,1.76,2.15,1.77,2.22,1.72,2.13,-0.25,2.05,1.85,2.07,1.85,2.07,1.88,2.01,1.83,2.5,3.6,2.7,2.45,3.5,2.8,,,,2.53,3.66,2.78,2.45,3.5,2.75,,,,2.56,3.76,2.8,2.49,3.58,2.75,1.57,2.38,1.61,2.43,1.64,2.46,1.59,2.39,0.0,1.87,2.06,1.87,2.06,1.88,2.09,1.84,2.04,2425,2.38,3.5,3.0,2.35,3.67,3.06,2.44,3.65,3.1,1.75,2.26,2.11,1.89,2.45,3.5,2.75,2.54,3.66,2.74,2.56,3.75,2.9,1.64,2.54,1.89,2.11,,,,,,,,,,,,,,,,,,,,,,,,,,,,,,,,,,,,,,,,,,,,
E0,21/12/2024,15:00,Ipswich,Newcastle,0,4,A,0,3,A,S Attwell,10,15,2,7,9,7,2,1,2,0,0,0,4.75,3.75,1.73,4.5,4.0,1.73,,,,4.69,4.02,1.74,4.5,3.8,1.75,,,,4.75,4.06,1.77,4.61,3.95,1.74,1.62,2.3,1.65,2.32,1.67,2.37,1.63,2.3,0.75,1.95,1.95,1.95,1.95,1.97,1.95,1.92,1.91,4.75,3.9,1.73,4.6,4.0,1.71,,,,4.6,4.24,1.73,4.75,4.0,1.7,,,,5.24,4.24,1.75,4.69,4.04,1.72,1.57,2.38,1.62,2.42,1.66,2.45,1.6,2.37,0.75,1.99,1.94,1.99,1.93,2.03,1.96,1.97,1.88,2425,4.75,3.9,1.73,4.74,4.06,1.76,5.0,4.1,1.78,1.68,2.4,1.99,1.99,4.33,4.0,1.7,5.05,3.96,1.73,4.7,4.3,1.78,1.64,2.54,2.01,1.98,,,,,,,,,,,,,,,,,,,,,,,,,,,,,,,,,,,,,,,,,,,,
E0,21/12/2024,15:00,West Ham,Brighton,1,1,D,0,0,D,R Jones,11,12,4,6,14,20,8,4,2,2,0,0,2.88,3.7,2.35,2.85,3.7,2.35,,,,2.8,3.83,2.41,2.8,3.6,2.38,,,,2.88,3.87,2.43,2.8,3.75,2.38,1.5,2.63,1.51,2.64,1.55,2.64,1.51,2.56,0.25,1.83,2.07,1.8,2.11,1.85,2.11,1.8,2.05,2.75,3.6,2.45,2.75,3.6,2.4,,,,2.83,3.68,2.48,2.75,3.6,2.45,,,,2.85,3.77,2.58,2.77,3.63,2.46,1.5,2.63,1.52,2.62,1.52,2.77,1.5,2.63,0.0,2.08,1.85,2.1,1.84,2.12,1.87,2.05,1.84,2425,2.8,3.75,2.3,2.84,3.87,2.41,2.94,3.85,2.48,1.54,2.76,1.85,2.16,2.75,3.5,2.4,2.69,3.66,2.58,2.9,3.7,2.58,1.55,2.78,2.12,1.88,,,,,,,,,,,,,,,,,,,,,,,,,,,,,,,,,,,,,,,,,,,,
E0,21/12/2024,17:30,Crystal Palace,Arsenal,1,5,A,1,3,A,S Hooper,15,14,6,6,9,8,3,3,2,2,0,0,6.25,4.2,1.55,5.75,4.1,1.58,,,,6.75,4.17,1.54,6.0,4.0,1.57,,,,6.8,4.33,1.61,6.08,4.11,1.57,1.87,2.03,1.83,2.05,1.88,2.05,1.83,2.01,1.0,1.95,1.95,1.97,1.93,1.97,2.0,1.89,1.96,7.0,4.33,1.48,6.75,4.5,1.49,,,,7.6,4.6,1.47,6.5,4.33,1.44,,,,7.68,4.6,1.5,7.14,4.42,1.48,1.85,2.05,1.85,2.06,1.9,2.1,1.84,2.0,1.0,2.05,1.75,2.15,1.78,2.15,1.83,2.09,1.78,2425,6.0,4.1,1.55,6.01,4.33,1.59,6.6,4.3,1.59,1.89,2.08,1.98,2.01,7.5,4.33,1.44,7.46,4.41,1.49,8.0,4.7,1.49,1.93,2.06,2.21,1.81,,,,,,,,,,,,,,,,,,,,,,,,,,,,,,,,,,,,,,,,,,,,
E0,22/12/2024,14:00,Everton,Chelsea,0,0,D,0,0,D,C Kavanagh,5,12,4,5,20,12,2,5,4,1,0,0,5.0,4.2,1.62,5.25,4.1,1.63,,,,5.48,4.09,1.64,5.0,4.0,1.62,,,,5.52,4.33,1.67,5.18,4.13,1.63,1.67,2.2,1.67,2.3,1.73,2.35,1.66,2.25,0.75,2.03,1.78,2.11,1.82,2.11,1.82,2.05,1.78,4.5,4.1,1.67,4.8,4.1,1.68,,,,5.01,4.11,1.69,4.6,4.0,1.7,,,,5.18,4.3,1.7,4.84,4.12,1.68,1.62,2.3,1.65,2.35,1.65,2.42,1.61,2.34,0.75,2.04,1.89,2.04,1.89,2.09,1.89,2.02,1.84,2425,5.0,4.2,1.62,5.09,4.33,1.67,5.6,4.4,1.66,1.7,2.38,2.14,1.85,4.75,4.0,1.62,4.9,4.24,1.7,5.3,4.3,1.71,1.68,2.46,2.09,1.9,,,,,,,,,,,,,,,,,,,,,,,,,,,,,,,,,,,,,,,,,,,,
E0,22/12/2024,14:00,Fulham,Southampton,0,0,D,0,0,D,T Robinson,16,5,5,1,8,15,6,5,1,3,0,0,1.42,4.75,7.0,1.43,5.0,6.75,,,,1.42,5.06,7.35,1.4,4.8,7.0,,,,1.45,5.1,7.6,1.42,4.96,7.21,1.57,2.38,1.57,2.49,1.57,2.55,1.54,2.46,-1.25,1.92,1.98,1.92,1.98,1.93,1.99,1.89,1.94,1.57,4.2,5.75,1.61,4.2,5.25,,,,1.68,4.15,5.88,1.62,4.0,5.0,,,,1.68,4.58,6.15,1.62,4.18,5.45,1.73,2.1,1.75,2.16,1.82,2.39,1.7,2.19,-1.0,2.05,1.88,2.17,1.77,2.17,2.03,2.03,1.85,2425,1.4,5.0,7.5,1.44,5.04,7.6,1.43,5.3,8.2,1.6,2.6,1.92,2.01,1.62,3.9,5.0,1.61,4.26,5.81,1.64,4.4,5.8,1.74,2.32,2.08,1.91,,,,,,,,,,,,,,,,,,,,,,,,,,,,,,,,,,,,,,,,,,,,
E0,22/12/2024,14:00,Leicester,Wolves,0,3,A,0,3,A,A Taylor,9,8,5,4,15,16,6,1,2,0,0,0,2.55,3.4,2.7,2.45,3.6,2.7,,,,2.63,3.58,2.68,2.5,3.5,2.62,,,,2.63,3.71,2.75,2.55,3.56,2.69,1.67,2.2,1.69,2.26,1.72,2.31,1.66,2.24,0.0,1.9,2.0,1.93,1.97,1.94,2.02,1.89,1.97,2.9,3.4,2.38,2.95,3.4,2.4,,,,3.05,3.51,2.41,2.9,3.3,2.45,,,,3.05,3.51,2.53,2.92,3.43,2.44,1.67,2.2,1.68,2.23,1.8,2.33,1.68,2.21,0.25,1.85,2.08,1.85,2.09,1.85,2.12,1.8,2.07,2425,2.55,3.5,2.7,2.62,3.71,2.67,2.62,3.7,2.84,1.7,2.36,1.91,2.07,2.9,3.3,2.38,2.87,3.5,2.53,3.1,3.55,2.5,1.74,2.32,1.85,2.15,,,,,,,,,,,,,,,,,,,,,,,,,,,,,,,,,,,,,,,,,,,,
E0,22/12/2024,14:00,Man United,Bournemouth,0,3,A,0,1,A,C Pawson,23,10,7,5,11,11,13,1,1,3,0,0,1.8,3.8,4.2,1.83,3.9,4.0,,,,1.86,3.87,4.16,1.85,3.8,3.9,,,,1.89,4.06,4.25,1.85,3.88,4.07,1.57,2.38,1.63,2.36,1.65,2.41,1.6,2.36,-0.5,1.85,2.05,1.87,2.04,1.87,2.05,1.84,2.01,1.8,3.7,4.33,1.85,3.75,4.1,,,,1.88,3.8,4.25,1.85,3.7,4.2,,,,1.91,3.85,4.39,1.86,3.75,4.2,1.73,2.1,1.74,2.18,1.75,2.3,1.7,2.19,-0.5,1.86,2.07,1.87,2.07,1.87,2.11,1.85,2.02,2425,1.83,3.9,4.2,1.89,4.06,4.02,1.87,4.1,4.4,1.64,2.5,1.87,2.13,1.8,3.75,4.1,1.86,3.78,4.39,1.92,3.95,4.3,1.75,2.3,1.92,2.07,,,,,,,,,,,,,,,,,,,,,,,,,,,,,,,,,,,,,,,,,,,,
E0,22/12/2024,16:30,Tottenham,Liverpool,3,6,A,1,3,A,S Barrott,9,24,5,12,7,9,7,5,1,2,0,0,4.5,4.0,1.73,4.1,4.33,1.75,,,,4.47,4.37,1.71,4.2,4.33,1.73,,,,4.5,4.64,1.76,4.29,4.33,1.72,1.3,3.5,1.33,3.28,1.3,3.7,1.29,3.52,0.75,2.01,1.89,2.02,1.88,2.02,1.92,1.97,1.86,4.75,4.5,1.6,4.5,4.6,1.63,,,,4.9,4.55,1.65,4.6,4.5,1.65,,,,5.1,4.8,1.7,4.69,4.57,1.64,1.29,3.75,1.33,3.28,1.29,3.99,1.27,3.74,1.0,1.91,2.02,1.89,2.04,1.92,2.05,1.87,1.99,2425,4.5,4.33,1.7,4.42,4.64,1.71,4.6,4.5,1.77,1.34,3.85,2.03,1.92,4.75,4.5,1.6,4.87,4.62,1.64,5.1,4.8,1.66,1.32,4.0,1.94,2.05,,,,,,,,,,,,,,,,,,,,,,,,,,,,,,,,,,,,,,,,,,,,
E0,26/12/2024,12:30,Man City,Everton,1,1,D,1,1,D,S Hooper,24,8,5,3,5,10,8,5,1,4,0,0,1.33,5.5,7.5,1.35,5.5,8.25,,,,1.34,5.73,8.52,1.35,5.0,8.5,,,,1.37,5.73,9.4,1.34,5.46,8.59,1.53,2.5,1.57,2.5,1.58,2.5,1.55,2.44,-1.5,1.98,1.92,1.98,1.93,2.0,1.93,1.95,1.89,1.33,5.5,8.5,1.35,5.25,8.25,,,,1.36,5.5,9.0,1.35,5.0,8.0,,,,1.37,5.6,9.5,1.34,5.41,8.72,1.5,2.63,1.53,2.63,1.58,2.63,1.53,2.55,-1.5,2.01,1.92,2.01,1.91,2.01,1.97,1.96,1.9,2425,1.33,5.5,9.0,1.37,5.5,8.95,1.36,6.0,9.6,1.64,2.54,2.01,1.95,1.3,5.0,9.0,1.35,5.6,9.01,1.37,5.8,10.0,1.57,2.74,1.99,2.0,,,,,,,,,,,,,,,,,,,,,,,,,,,,,,,,,,,,,,,,,,,,
E0,26/12/2024,15:00,Bournemouth,Crystal Palace,0,0,D,0,0,D,T Bramall,18,10,4,4,13,12,5,2,2,2,0,0,1.9,3.8,3.8,1.9,3.7,3.9,,,,1.92,3.85,3.94,1.91,3.6,3.7,,,,1.95,3.92,4.2,1.9,3.77,3.87,1.73,2.1,1.74,2.19,1.76,2.19,1.72,2.13,-0.5,1.93,1.97,1.93,1.98,1.94,1.98,1.9,1.94,2.1,3.6,3.4,2.1,3.6,3.3,,,,2.13,3.66,3.5,2.1,3.5,3.4,,,,2.18,3.85,3.79,2.08,3.64,3.47,1.67,2.2,1.71,2.24,1.72,2.3,1.67,2.23,-0.25,1.85,2.08,1.85,2.08,1.85,2.18,1.8,2.06,2425,1.9,3.75,4.0,1.94,3.92,3.91,1.96,3.9,4.1,1.75,2.28,1.96,2.03,2.0,3.5,3.5,2.03,3.75,3.67,2.14,3.7,3.7,1.75,2.32,1.86,2.15,,,,,,,,,,,,,,,,,,,,,,,,,,,,,,,,,,,,,,,,,,,,
E0,26/12/2024,15:00,Chelsea,Fulham,1,2,A,1,0,H,S Barrott,12,14,8,7,13,13,3,1,1,3,0,0,1.48,4.75,6.0,1.49,4.8,6.0,,,,1.47,4.98,6.32,1.5,4.75,5.8,,,,1.52,5.1,6.75,1.47,4.88,6.15,1.44,2.75,1.47,2.76,1.48,2.8,1.45,2.72,-1.25,2.02,1.88,2.04,1.88,2.04,1.9,1.96,1.86,1.45,5.25,5.75,1.47,4.8,6.0,,,,1.46,4.94,6.86,1.44,4.8,6.0,,,,1.5,5.37,6.86,1.46,4.92,6.28,1.5,2.63,1.5,2.7,1.55,2.85,1.49,2.68,-1.25,2.02,1.91,2.02,1.91,2.04,1.94,1.99,1.87,2425,1.44,5.0,6.5,1.52,4.94,6.06,1.49,5.3,7.0,1.5,2.96,2.06,1.92,1.44,4.75,6.0,1.46,5.37,6.16,1.51,5.0,7.0,1.54,2.8,2.1,1.9,,,,,,,,,,,,,,,,,,,,,,,,,,,,,,,,,,,,,,,,,,,,
E0,26/12/2024,15:00,Newcastle,Aston Villa,3,0,H,1,0,H,A Taylor,22,4,8,1,15,10,9,6,2,1,0,1,1.91,3.8,3.75,1.9,3.9,3.75,,,,1.94,4.02,3.69,1.91,3.8,3.6,,,,1.97,4.02,3.8,1.93,3.91,3.66,1.62,2.3,1.63,2.37,1.65,2.38,1.61,2.34,-0.5,1.95,1.95,1.95,1.95,1.97,1.96,1.92,1.92,1.9,3.8,3.8,1.93,3.75,3.7,,,,1.94,3.87,3.89,1.95,3.75,3.6,,,,1.98,3.88,4.04,1.94,3.79,3.8,1.62,2.3,1.64,2.37,1.72,2.48,1.63,2.32,-0.5,1.95,1.98,1.95,1.97,1.98,1.98,1.94,1.92,2425,1.91,3.9,3.8,1.97,3.99,3.75,1.97,4.0,3.95,1.64,2.5,1.97,2.01,1.91,3.75,3.7,1.9,3.88,4.04,2.0,3.9,4.0,1.67,2.46,2.0,1.98,,,,,,,,,,,,,,,,,,,,,,,,,,,,,,,,,,,,,,,,,,,,
E0,26/12/2024,15:00,Nott'm Forest,Tottenham,1,0,H,1,0,H,C Pawson,10,13,3,4,12,13,2,7,3,2,0,1,2.3,3.75,2.88,2.35,3.8,2.75,,,,2.37,3.81,2.87,2.38,3.6,2.8,,,,2.42,3.85,2.9,2.35,3.74,2.82,1.5,2.63,1.49,2.72,1.5,2.72,1.48,2.64,-0.25,2.06,1.84,2.08,1.84,2.09,1.85,2.02,1.8,2.1,3.9,3.0,2.15,3.8,3.1,,,,2.16,3.92,3.22,2.15,3.9,3.0,,,,2.29,4.11,3.25,2.16,3.91,3.07,1.4,3.0,1.44,2.91,1.44,3.14,1.41,2.96,-0.25,1.91,2.02,1.9,2.02,1.96,2.02,1.9,1.96,2425,2.38,3.6,2.88,2.42,3.81,2.85,2.42,3.9,2.98,1.51,2.86,2.12,1.87,2.1,3.75,3.0,2.26,4.11,2.91,2.24,4.0,3.2,1.46,3.15,1.96,2.02,,,,,,,,,,,,,,,,,,,,,,,,,,,,,,,,,,,,,,,,,,,,
E0,26/12/2024,15:00,Southampton,West Ham,0,1,A,0,0,D,L Smith,18,16,5,2,15,8,2,2,1,2,0,0,3.25,3.5,2.2,3.25,3.7,2.15,,,,3.28,3.62,2.21,3.3,3.4,2.15,,,,3.37,3.7,2.22,3.24,3.56,2.18,1.67,2.2,1.68,2.27,1.7,2.28,1.66,2.23,0.25,1.98,1.92,1.98,1.93,2.0,1.93,1.95,1.87,3.1,3.5,2.25,3.1,3.5,2.3,,,,3.12,3.63,2.31,3.0,3.4,2.3,,,,3.28,3.7,2.36,3.08,3.52,2.29,1.73,2.1,1.75,2.19,1.77,2.3,1.71,2.16,0.25,1.91,2.02,1.91,2.02,1.95,2.02,1.88,1.98,2425,3.3,3.5,2.2,3.37,3.59,2.22,3.4,3.7,2.28,1.73,2.32,2.01,1.97,3.0,3.4,2.3,3.28,3.57,2.24,3.2,3.7,2.36,1.78,2.26,1.95,2.04,,,,,,,,,,,,,,,,,,,,,,,,,,,,,,,,,,,,,,,,,,,,
E0,26/12/2024,17:30,Wolves,Man United,2,0,H,0,0,D,T Harrington,7,11,4,4,12,12,4,4,2,2,0,1,3.9,3.7,1.91,3.7,3.7,1.95,,,,3.95,3.74,1.94,3.6,3.6,1.95,,,,3.99,3.8,2.0,3.8,3.7,1.94,1.67,2.2,1.71,2.23,1.73,2.29,1.67,2.22,0.5,1.95,1.95,1.95,1.95,1.96,2.0,1.91,1.94,4.33,3.8,1.8,4.33,3.75,1.82,,,,4.44,4.01,1.8,4.2,3.6,1.85,,,,4.69,4.01,1.85,4.35,3.81,1.82,1.73,2.1,1.74,2.19,1.77,2.23,1.72,2.14,0.75,1.87,2.06,1.88,2.04,1.91,2.12,1.84,2.03,2425,3.8,3.6,2.0,3.99,3.79,1.96,4.0,3.8,2.02,1.75,2.3,1.95,2.02,4.1,3.6,1.83,4.69,3.87,1.79,4.4,4.1,1.86,1.8,2.24,1.88,2.12,,,,,,,,,,,,,,,,,,,,,,,,,,,,,,,,,,,,,,,,,,,,
E0,26/12/2024,20:00,Liverpool,Leicester,3,1,H,1,1,D,D Bond,19,4,7,1,17,5,14,1,3,2,0,0,1.08,12.0,23.0,1.09,13.0,23.0,,,,1.08,13.84,24.96,1.08,12.0,26.0,,,,1.1,13.84,34.0,1.08,12.4,25.35,1.2,4.5,,,1.21,5.0,1.19,4.41,-2.75,1.86,2.04,1.84,2.04,1.89,2.04,1.83,1.99,1.07,12.0,23.0,1.08,13.5,29.0,,,,1.09,12.25,27.0,1.08,13.0,26.0,,,,1.1,14.7,38.0,1.08,12.79,27.21,1.17,5.0,,,1.24,5.4,1.18,4.82,-3.0,1.99,1.94,1.99,1.89,2.03,1.97,1.97,1.89,2425,1.08,13.0,23.0,1.09,13.6,30.0,1.1,14.5,30.0,1.24,4.8,1.89,2.06,1.06,13.0,26.0,1.08,14.7,28.0,1.1,15.0,29.0,1.21,5.5,2.0,1.98,,,,,,,,,,,,,,,,,,,,,,,,,,,,,,,,,,,,,,,,,,,,
E0,27/12/2024,19:30,Brighton,Brentford,0,0,D,0,0,D,A Madley,24,8,7,3,6,12,5,3,0,2,0,0,1.62,4.33,4.75,1.63,4.4,4.75,,,,1.64,4.54,4.96,1.65,4.2,4.8,,,,1.66,4.64,5.1,1.64,4.44,4.89,1.44,2.75,1.46,2.84,1.46,2.86,1.44,2.78,-1.0,2.04,1.86,2.05,1.88,2.08,1.88,2.02,1.84,1.6,4.5,4.75,1.62,4.4,4.8,,,,1.63,4.6,5.05,1.62,4.4,4.8,,,,1.67,4.65,5.19,1.62,4.5,4.89,1.44,2.75,1.43,2.94,1.51,2.94,1.44,2.81,-1.0,2.03,1.87,2.04,1.89,2.08,1.91,2.0,1.86,2425,1.62,4.4,5.0,1.65,4.64,4.94,1.68,4.6,5.2,1.48,3.0,2.11,1.87,1.57,4.5,4.75,1.67,4.62,4.66,1.65,4.8,5.2,1.49,3.0,2.1,1.9,,,,,,,,,,,,,,,,,,,,,,,,,,,,,,,,,,,,,,,,,,,,
E0,27/12/2024,20:15,Arsenal,Ipswich,1,0,H,1,0,H,D England,13,3,5,0,7,12,5,1,1,1,0,0,1.14,9.0,15.0,1.16,8.5,16.5,,,,1.15,8.67,20.05,1.17,7.5,15.0,,,,1.18,9.0,20.05,1.16,8.37,17.31,1.4,3.0,1.41,3.0,1.42,3.1,1.39,2.99,-2.25,2.04,1.89,2.03,1.88,2.04,1.91,1.98,1.86,1.14,8.5,17.0,1.16,8.5,16.0,,,,1.13,9.25,23.5,1.15,8.5,15.0,,,,1.16,9.3,23.5,1.14,8.78,18.59,1.36,3.2,1.39,3.04,1.4,3.25,1.38,3.08,-2.25,2.02,1.91,2.01,1.9,2.05,1.94,1.97,1.87,2425,1.14,9.0,17.0,1.18,8.35,16.5,1.17,10.0,21.0,1.43,3.25,2.04,1.93,1.11,8.5,19.0,1.16,8.99,17.2,1.16,9.6,26.0,1.43,3.25,2.05,1.94,,,,,,,,,,,,,,,,,,,,,,,,,,,,,,,,,,,,,,,,,,,,
E0,29/12/2024,14:30,Leicester,Man City,0,2,A,0,1,A,M Oliver,11,14,4,5,11,6,4,4,2,1,0,0,7.5,5.5,1.36,8.0,5.75,1.34,,,,8.42,5.9,1.33,7.5,5.0,1.36,,,,8.8,5.9,1.37,7.92,5.62,1.34,1.36,3.2,1.39,3.13,1.39,3.2,1.36,3.07,1.5,2.0,1.9,2.03,1.88,2.03,1.96,1.95,1.89,9.5,6.25,1.27,9.5,6.5,1.28,,,,10.25,6.42,1.27,9.5,6.0,1.25,,,,11.0,6.8,1.31,9.62,6.36,1.27,1.33,3.4,1.37,3.22,1.37,3.56,1.34,3.3,1.75,2.01,1.92,1.98,1.93,2.03,1.94,1.95,1.9,2425,8.0,5.5,1.33,8.45,5.9,1.36,9.0,6.0,1.37,1.41,3.25,2.04,1.93,9.5,6.0,1.25,9.7,6.38,1.3,11.5,7.0,1.29,1.39,3.5,2.02,1.97,,,,,,,,,,,,,,,,,,,,,,,,,,,,,,,,,,,,,,,,,,,,
E0,29/12/2024,15:00,Crystal Palace,Southampton,2,1,H,1,1,D,M Salisbury,19,7,10,3,18,19,8,7,2,3,0,0,1.57,3.9,5.5,1.6,4.2,5.5,,,,1.64,4.13,5.4,1.6,4.0,5.0,,,,1.66,4.25,5.8,1.61,4.11,5.42,1.73,2.1,1.78,2.1,1.8,2.18,1.75,2.09,-1.0,2.07,1.83,2.11,1.79,2.11,1.85,2.03,1.81,1.5,4.33,6.25,1.52,4.33,6.25,,,,1.53,4.45,6.43,1.5,4.2,6.0,,,,1.62,4.5,6.5,1.53,4.34,6.2,1.67,2.2,1.72,2.21,1.81,2.25,1.71,2.16,-1.0,1.89,2.04,1.88,2.04,2.02,2.05,1.88,1.98,2425,1.6,4.2,5.5,1.66,4.23,5.34,1.64,4.3,6.0,1.8,2.2,2.09,1.88,1.5,4.33,6.5,1.55,4.44,6.16,1.58,4.5,6.6,1.8,2.22,1.95,2.02,,,,,,,,,,,,,,,,,,,,,,,,,,,,,,,,,,,,,,,,,,,,
E0,29/12/2024,15:00,Everton,Nott'm Forest,0,2,A,0,1,A,T Harrington,13,11,2,7,13,10,5,4,4,1,0,0,2.6,3.2,2.8,2.6,3.2,2.8,,,,2.69,3.18,2.88,2.62,3.1,2.8,,,,2.71,3.24,2.9,2.64,3.16,2.83,2.2,1.67,2.31,1.67,2.31,1.7,2.23,1.66,0.0,1.88,2.02,1.88,2.02,1.91,2.05,1.86,1.99,2.63,3.1,2.88,2.6,3.1,2.9,,,,2.71,3.07,3.0,2.7,3.0,2.88,,,,2.88,3.16,3.0,2.69,3.08,2.89,2.3,1.62,2.45,1.61,2.45,1.66,2.35,1.61,0.0,1.85,2.08,1.86,2.07,1.89,2.11,1.85,2.02,2425,2.7,3.1,2.8,2.71,3.24,2.87,2.8,3.25,2.94,2.32,1.71,1.93,2.04,2.7,3.1,2.88,2.78,3.16,2.82,2.8,3.2,3.0,2.48,1.66,1.92,2.06,,,,,,,,,,,,,,,,,,,,,,,,,,,,,,,,,,,,,,,,,,,,
E0,29/12/2024,15:00,Fulham,Bournemouth,2,2,D,1,0,H,R Jones,11,16,6,9,7,16,1,7,1,3,0,0,2.3,3.6,2.88,2.35,3.6,2.9,,,,2.37,3.59,3.0,2.4,3.6,2.8,,,,2.4,3.77,3.0,2.35,3.58,2.91,1.67,2.2,1.72,2.21,1.74,2.29,1.67,2.21,-0.25,2.05,1.85,2.06,1.85,2.07,1.85,2.0,1.82,2.25,3.4,3.2,2.3,3.4,3.1,,,,2.27,3.5,3.31,2.3,3.4,3.1,,,,2.42,3.55,3.31,2.3,3.43,3.18,1.8,2.0,1.83,2.07,1.87,2.16,1.81,2.03,-0.25,1.97,1.96,1.97,1.95,2.0,2.0,1.96,1.89,2425,2.3,3.5,3.0,2.36,3.77,2.97,2.44,3.7,3.1,1.74,2.28,2.11,1.88,2.25,3.4,3.25,2.3,3.46,3.26,2.34,3.55,3.4,1.84,2.16,2.01,1.97,,,,,,,,,,,,,,,,,,,,,,,,,,,,,,,,,,,,,,,,,,,,
E0,29/12/2024,15:00,Tottenham,Wolves,2,2,D,2,1,H,C Kavanagh,13,11,3,3,9,10,5,5,1,2,0,0,1.6,5.0,4.2,1.6,4.8,4.6,,,,1.63,4.91,4.57,1.62,4.6,4.5,,,,1.66,5.0,4.75,1.61,4.77,4.56,1.33,3.4,1.33,3.4,1.33,3.7,1.31,3.33,-1.0,2.01,1.89,2.02,1.89,2.02,1.91,1.97,1.86,1.65,4.33,4.5,1.63,4.6,4.5,,,,1.68,4.64,4.6,1.67,4.4,4.4,,,,1.69,4.7,4.9,1.66,4.53,4.58,1.36,3.2,1.38,3.17,1.4,3.35,1.36,3.18,-0.75,1.84,2.09,1.83,2.09,1.84,2.11,1.8,2.07,2425,1.62,4.75,4.6,1.66,4.69,4.74,1.68,5.0,4.7,1.35,3.65,2.05,1.91,1.65,4.5,4.6,1.68,4.45,4.79,1.69,4.7,5.0,1.41,3.4,1.84,2.16,,,,,,,,,,,,,,,,,,,,,,,,,,,,,,,,,,,,,,,,,,,,
E0,29/12/2024,17:15,West Ham,Liverpool,0,5,A,0,3,A,A Taylor,7,22,0,13,7,10,3,6,0,0,0,0,7.0,5.0,1.4,7.0,5.25,1.41,,,,7.32,5.34,1.4,6.5,5.0,1.4,,,,7.5,5.5,1.43,7.04,5.21,1.4,1.4,3.0,1.41,3.0,1.41,3.1,1.39,2.92,1.5,1.78,2.03,1.82,2.07,1.86,2.11,1.81,2.03,7.0,5.25,1.38,7.25,5.25,1.39,,,,7.75,5.5,1.39,7.0,5.0,1.4,,,,8.15,5.8,1.41,7.44,5.35,1.38,1.4,3.0,1.44,2.92,1.44,3.18,1.41,2.94,1.5,1.85,2.08,1.87,2.06,1.92,2.08,1.86,2.0,2425,7.0,5.0,1.36,7.13,5.4,1.43,7.6,5.7,1.44,1.43,3.15,1.88,2.09,7.0,5.0,1.36,7.49,5.33,1.41,8.0,5.7,1.42,1.47,3.1,1.9,2.1,,,,,,,,,,,,,,,,,,,,,,,,,,,,,,,,,,,,,,,,,,,,
E0,30/12/2024,19:45,Aston Villa,Brighton,2,2,D,1,1,D,C Pawson,20,13,4,4,9,14,12,3,2,3,0,0,1.9,3.8,3.6,1.95,3.8,3.6,,,,1.99,3.91,3.62,1.95,3.8,3.6,,,,1.99,4.02,3.8,1.94,3.86,3.61,1.57,2.38,1.62,2.39,1.64,2.41,1.59,2.36,-0.5,1.95,1.95,2.0,1.91,2.0,1.97,1.94,1.91,1.85,3.7,4.1,1.9,3.6,4.0,,,,1.86,3.89,4.25,1.91,3.6,3.9,,,,2.08,3.89,4.37,1.89,3.73,4.06,1.62,2.3,1.67,2.3,1.7,2.41,1.63,2.29,-0.5,1.87,2.06,1.87,2.06,1.9,2.06,1.86,1.99,2425,1.91,3.8,3.6,1.98,4.02,3.69,2.0,3.8,3.75,1.56,2.28,2.0,1.96,1.87,3.6,3.9,1.86,3.78,4.37,1.91,3.9,4.4,1.7,2.4,1.91,2.08,,,,,,,,,,,,,,,,,,,,,,,,,,,,,,,,,,,,,,,,,,,,
E0,30/12/2024,19:45,Ipswich,Chelsea,2,0,H,1,0,H,J Brooks,9,20,6,5,9,5,4,7,4,4,0,0,6.5,4.75,1.42,6.75,5.0,1.43,,,,7.1,5.2,1.42,6.5,4.8,1.44,,,,7.83,5.4,1.46,6.87,5.02,1.41,1.44,2.75,1.47,2.76,1.47,2.95,1.43,2.75,1.25,2.02,1.88,2.02,1.88,2.02,1.91,1.95,1.86,7.0,5.0,1.4,6.75,5.25,1.41,,,,7.55,5.28,1.4,7.5,4.8,1.4,,,,8.5,5.5,1.43,7.45,5.18,1.39,1.44,2.75,1.51,2.67,1.52,2.78,1.48,2.68,1.5,1.78,2.03,1.81,2.09,1.92,2.11,1.82,2.03,2425,7.0,5.0,1.36,6.78,5.2,1.46,7.4,5.1,1.43,1.42,2.72,1.96,1.83,7.5,5.0,1.33,7.52,5.13,1.43,8.2,5.6,1.42,1.52,2.92,1.86,2.13,,,,,,,,,,,,,,,,,,,,,,,,,,,,,,,,,,,,,,,,,,,,
E0,30/12/2024,20:00,Man United,Newcastle,0,2,A,0,2,A,S Hooper,10,12,0,4,13,8,2,3,1,1,0,0,2.75,3.5,2.55,2.65,3.6,2.5,,,,2.72,3.68,2.54,2.75,3.6,2.4,,,,2.8,3.81,2.55,2.7,3.61,2.49,1.62,2.3,1.65,2.33,1.68,2.36,1.63,2.28,0.0,2.02,1.88,2.02,1.88,2.05,1.9,2.01,1.85,2.7,3.5,2.55,2.8,3.5,2.45,,,,2.71,3.6,2.58,2.75,3.4,2.5,,,,2.87,3.68,2.59,2.74,3.53,2.52,1.67,2.2,1.69,2.27,1.69,2.32,1.66,2.25,0.0,2.02,1.91,2.01,1.91,2.05,1.91,2.01,1.86,2425,2.7,3.5,2.45,2.74,3.81,2.51,2.82,3.7,2.6,1.65,2.38,2.06,1.91,2.75,3.5,2.5,2.74,3.56,2.59,2.76,3.75,2.66,1.71,2.4,2.04,1.95,,,,,,,,,,,,,,,,,,,,,,,,,,,,,,,,,,,,,,,,,,,,
E0,01/01/2025,17:30,Brentford,Arsenal,1,3,A,1,1,D,P Bankes,5,14,2,5,6,8,4,3,1,2,0,0,6.5,4.75,1.44,6.25,4.75,1.49,,,,6.98,4.93,1.44,6.0,4.6,1.44,,,,7.2,5.0,1.49,6.67,4.8,1.44,1.53,2.5,1.57,2.51,1.57,2.63,1.54,2.46,1.25,1.92,2.01,1.93,1.97,1.93,2.01,1.88,1.94,5.5,4.33,1.55,5.5,4.5,1.55,,,,6.0,4.5,1.56,5.5,4.33,1.55,,,,7.16,4.9,1.57,5.87,4.46,1.54,1.67,2.2,1.68,2.28,1.68,2.47,1.65,2.27,1.25,1.68,2.15,1.71,2.26,1.9,2.26,1.73,2.14,2425,7.0,5.0,1.4,6.82,4.94,1.48,7.4,5.1,1.49,1.58,2.62,1.96,2.02,5.5,4.33,1.5,6.0,4.45,1.57,6.4,4.7,1.57,1.73,2.36,1.75,2.3,,,,,,,,,,,,,,,,,,,,,,,,,,,,,,,,,,,,,,,,,,,,
E0,04/01/2025,12:30,Tottenham,Newcastle,1,2,A,1,2,A,A Madley,13,14,4,4,11,15,9,10,1,4,0,0,2.88,3.8,2.25,2.85,3.9,2.25,,,,2.97,4.06,2.22,2.8,3.9,2.25,,,,3.0,4.06,2.31,2.88,3.94,2.24,1.33,3.4,1.35,3.29,1.35,3.47,1.32,3.31,0.25,1.9,2.0,1.94,1.96,1.94,2.03,1.87,1.95,3.9,4.5,1.73,3.8,4.4,1.77,,,,3.9,4.69,1.79,3.8,4.4,1.75,,,,3.9,4.69,1.94,3.81,4.5,1.79,1.25,4.0,1.35,3.29,1.3,4.14,1.27,3.82,0.75,1.95,1.98,1.94,1.98,1.95,2.02,1.88,1.97,2425,2.9,3.9,2.2,3.0,4.06,2.24,3.05,4.1,2.3,1.37,3.6,1.96,2.02,3.9,4.6,1.75,3.77,4.62,1.82,4.0,4.8,1.82,1.3,4.2,1.97,2.02,,,,,,,,,,,,,,,,,,,,,,,,,,,,,,,,,,,,,,,,,,,,
E0,04/01/2025,15:00,Aston Villa,Leicester,2,1,H,0,0,D,J Gillett,13,4,5,2,10,11,7,2,0,1,0,0,1.33,5.5,8.5,1.33,5.5,9.0,,,,1.32,5.64,9.41,1.33,5.5,8.5,,,,1.35,5.86,10.5,1.32,5.51,9.16,1.5,2.63,1.5,2.65,1.53,2.75,1.5,2.58,-1.5,1.92,1.98,1.91,2.0,1.94,1.99,1.9,1.95,1.33,5.25,8.5,1.34,5.75,8.0,,,,1.34,5.69,8.32,1.33,5.5,8.5,,,,1.37,6.0,9.5,1.33,5.63,8.49,1.4,3.0,1.43,2.96,1.45,3.14,1.42,2.91,-1.5,1.94,1.99,1.95,1.97,1.95,2.01,1.89,1.96,2425,1.3,5.5,10.0,1.34,5.86,9.35,1.35,5.9,10.5,1.53,2.78,1.93,2.04,1.3,5.5,8.5,1.37,5.41,8.76,1.37,5.9,9.4,1.46,3.15,1.97,2.02,,,,,,,,,,,,,,,,,,,,,,,,,,,,,,,,,,,,,,,,,,,,
E0,04/01/2025,15:00,Bournemouth,Everton,1,0,H,0,0,D,J Brooks,19,9,8,0,15,14,9,3,2,2,0,0,1.73,3.75,4.75,1.77,3.7,4.75,,,,1.75,3.91,4.82,1.75,3.8,4.6,,,,1.8,3.99,5.0,1.75,3.82,4.71,1.91,1.99,1.92,1.97,1.92,2.01,1.86,1.96,-0.75,1.99,1.91,1.97,1.93,2.0,1.93,1.95,1.87,1.67,3.8,5.0,1.7,3.8,5.0,,,,1.7,3.97,5.23,1.7,3.75,5.0,,,,1.72,4.0,5.25,1.69,3.86,5.1,1.86,2.07,1.85,2.07,1.9,2.09,1.82,2.02,-0.75,1.9,2.03,1.91,2.02,1.91,2.04,1.88,1.97,2425,1.73,3.9,5.0,1.75,3.99,4.89,1.78,4.0,5.2,1.92,2.06,1.99,1.99,1.67,3.75,5.0,1.72,3.92,5.16,1.73,4.1,5.4,1.9,2.1,1.94,2.04,,,,,,,,,,,,,,,,,,,,,,,,,,,,,,,,,,,,,,,,,,,,
E0,04/01/2025,15:00,Crystal Palace,Chelsea,1,1,D,0,1,A,T Robinson,13,15,6,1,9,12,6,6,0,2,0,0,3.8,3.75,1.91,3.7,3.8,1.95,,,,3.69,3.97,1.95,3.5,3.8,1.95,,,,3.8,4.02,1.98,3.65,3.88,1.95,1.57,2.38,1.6,2.45,1.62,2.49,1.58,2.39,0.5,1.95,1.95,1.94,1.96,1.96,1.96,1.9,1.93,3.6,3.9,1.91,3.5,3.8,2.0,,,,3.64,3.94,2.0,3.5,3.8,2.0,,,,3.89,4.0,2.05,3.58,3.84,1.98,1.5,2.63,1.51,2.66,1.58,2.75,1.52,2.57,0.5,1.91,2.02,1.93,2.01,1.93,2.04,1.86,1.99,2425,3.75,3.9,1.95,3.69,4.02,1.98,3.9,4.0,2.0,1.62,2.54,1.98,2.0,3.5,3.75,1.91,3.89,4.0,1.91,3.8,3.95,2.04,1.56,2.74,1.94,2.04,,,,,,,,,,,,,,,,,,,,,,,,,,,,,,,,,,,,,,,,,,,,
E0,04/01/2025,15:00,Man City,West Ham,4,1,H,2,0,H,M Salisbury,10,17,7,4,8,13,7,1,2,1,0,0,1.3,6.25,7.5,1.32,6.0,8.25,,,,1.32,6.41,8.2,1.33,5.8,8.0,,,,1.34,6.5,9.0,1.31,6.09,8.3,1.33,3.4,1.35,3.29,1.36,3.45,1.34,3.23,-1.5,1.8,2.0,1.85,2.06,1.86,2.07,1.83,2.02,1.22,7.0,9.5,1.24,7.0,10.5,,,,1.26,7.24,10.79,1.25,6.5,10.0,,,,1.31,7.24,12.0,1.24,6.97,10.25,1.29,3.75,1.32,3.48,1.32,3.8,1.3,3.59,-2.0,2.01,1.92,2.01,1.9,2.14,1.94,2.01,1.86,2425,1.3,6.0,9.0,1.34,6.01,8.65,1.33,6.8,9.4,1.39,3.4,1.87,2.11,1.2,6.5,10.0,1.28,7.21,9.27,1.26,7.6,12.0,1.33,4.0,2.06,1.91,,,,,,,,,,,,,,,,,,,,,,,,,,,,,,,,,,,,,,,,,,,,
E0,04/01/2025,15:00,Southampton,Brentford,0,5,A,0,1,A,S Attwell,8,20,1,11,10,4,2,2,2,0,0,0,3.0,3.4,2.4,2.65,3.6,2.5,,,,2.95,3.59,2.41,2.7,3.6,2.45,,,,3.0,3.81,2.55,2.78,3.54,2.48,1.67,2.2,1.68,2.29,1.7,2.32,1.66,2.24,0.25,1.82,2.08,1.83,2.1,1.83,2.2,1.76,2.09,3.25,3.6,2.1,3.3,3.6,2.15,,,,3.44,3.65,2.16,3.3,3.5,2.15,,,,3.49,3.71,2.24,3.33,3.58,2.15,1.73,2.1,1.73,2.2,1.75,2.35,1.69,2.19,0.25,2.04,1.89,2.05,1.88,2.05,1.9,1.99,1.86,2425,2.8,3.5,2.5,2.77,3.81,2.49,2.92,3.65,2.58,1.71,2.38,1.8,2.22,3.25,3.5,2.1,3.49,3.71,2.11,3.4,3.75,2.24,1.77,2.28,2.05,1.94,,,,,,,,,,,,,,,,,,,,,,,,,,,,,,,,,,,,,,,,,,,,
E0,04/01/2025,17:30,Brighton,Arsenal,1,1,D,0,1,A,A Taylor,11,9,4,3,17,14,2,5,2,3,0,0,4.33,3.75,1.8,4.4,4.0,1.75,,,,4.62,3.7,1.82,4.2,3.8,1.8,,,,4.7,4.01,1.84,4.36,3.83,1.8,1.73,2.1,1.79,2.1,1.8,2.26,1.73,2.12,0.75,1.84,2.06,1.84,2.08,1.85,2.08,1.82,2.01,5.0,3.6,1.75,4.75,3.5,1.8,,,,4.93,3.68,1.8,4.5,3.5,1.83,,,,5.45,3.8,1.85,4.74,3.59,1.81,2.05,1.88,2.02,1.88,2.05,2.13,1.97,1.87,0.75,1.88,2.05,1.88,2.05,1.92,2.08,1.83,2.02,2425,4.5,3.9,1.75,4.28,4.01,1.84,4.7,4.0,1.83,1.76,2.28,1.91,2.06,4.5,3.5,1.8,5.45,3.59,1.76,5.1,3.75,1.84,2.08,1.91,1.89,2.1,,,,,,,,,,,,,,,,,,,,,,,,,,,,,,,,,,,,,,,,,,,,
E0,05/01/2025,14:00,Fulham,Ipswich,2,2,D,0,1,A,D Bond,15,7,4,3,10,14,9,2,1,5,0,0,1.55,4.2,5.75,1.55,4.4,5.75,,,,1.56,4.46,5.71,1.57,4.2,5.5,,,,1.6,4.46,6.25,1.56,4.34,5.68,1.73,2.1,1.72,2.2,1.76,2.22,1.7,2.15,-1.0,1.97,1.93,1.96,1.94,1.97,1.94,1.92,1.91,1.53,4.2,6.0,1.58,4.1,6.0,,,,1.59,4.2,6.15,1.57,4.0,5.8,,,,1.61,4.31,6.4,1.56,4.16,6.02,1.8,2.0,1.82,2.08,1.83,2.14,1.8,2.03,-1.0,1.96,1.97,1.96,1.96,1.99,1.99,1.94,1.92,2425,1.57,4.33,5.0,1.6,4.41,5.75,1.59,4.5,6.2,1.76,2.24,1.96,1.95,1.53,4.0,5.0,1.58,4.31,6.11,1.59,4.4,6.8,1.87,2.14,2.01,1.98,,,,,,,,,,,,,,,,,,,,,,,,,,,,,,,,,,,,,,,,,,,,
E0,05/01/2025,16:30,Liverpool,Man United,2,2,D,0,0,D,M Oliver,19,13,6,4,10,13,6,9,2,4,0,0,1.29,6.25,8.0,1.29,6.0,9.5,,,,1.29,6.14,9.37,1.3,5.8,9.5,,,,1.3,6.5,11.0,1.29,6.05,9.49,1.44,2.75,1.43,2.88,1.44,3.0,1.41,2.86,-1.75,2.03,1.78,2.08,1.81,2.08,1.85,2.0,1.81,1.36,5.5,7.5,1.37,5.25,7.75,,,,1.36,5.55,8.55,1.36,5.0,7.5,,,,1.4,5.7,8.6,1.36,5.42,7.9,1.5,2.63,1.53,2.62,1.54,2.8,1.51,2.6,-1.5,2.01,1.92,2.02,1.91,2.1,1.93,2.0,1.86,2425,1.25,6.5,10.0,1.29,6.26,10.7,1.31,6.6,11.0,1.45,3.1,2.04,1.93,1.33,5.0,8.0,1.4,5.59,7.19,1.41,5.6,8.8,1.58,2.72,2.07,1.92,,,,,,,,,,,,,,,,,,,,,,,,,,,,,,,,,,,,,,,,,,,,
E0,06/01/2025,20:00,Wolves,Nott'm Forest,0,3,A,0,2,A,P Bankes,13,11,6,3,10,8,5,3,1,2,0,0,3.3,3.2,2.3,3.1,3.3,2.35,,,,3.44,3.22,2.31,3.2,3.2,2.3,,,,3.44,3.35,2.42,3.22,3.22,2.33,2.1,1.73,2.09,1.8,2.1,1.85,2.04,1.78,0.25,1.91,1.99,1.93,1.97,1.93,2.02,1.85,1.96,3.9,3.5,1.95,3.9,3.4,2.0,,,,4.01,3.54,2.01,3.8,3.4,2.0,,,,4.18,3.58,2.22,3.86,3.46,2.01,1.87,2.03,1.87,2.04,2.1,2.1,1.86,1.98,0.5,1.88,2.02,1.91,2.02,1.91,2.06,1.85,2.0,2425,3.25,3.2,2.25,3.34,3.3,2.36,3.4,3.4,2.4,2.16,1.84,1.95,2.04,3.75,3.3,2.0,4.18,3.58,1.95,4.1,3.6,2.06,1.93,2.06,1.92,2.06,,,,,,,,,,,,,,,,,,,,,,,,,,,,,,,,,,,,,,,,,,,,
E0,14/01/2025,19:30,Brentford,Man City,2,2,D,0,0,D,A Taylor,18,21,6,8,4,4,4,5,0,0,0,0,4.75,4.2,1.62,4.5,4.5,1.65,,,,4.9,4.56,1.65,4.5,4.4,1.67,,,,5.09,4.74,1.67,4.76,4.47,1.64,1.4,3.0,1.39,3.13,1.4,3.15,1.38,3.04,1.0,1.87,2.03,1.88,2.04,1.88,2.05,1.85,2.0,5.25,4.2,1.6,5.0,4.5,1.6,,,,5.18,4.51,1.61,4.8,4.5,1.6,,,,5.62,4.65,1.62,5.16,4.47,1.6,1.44,2.75,1.44,2.9,1.44,3.01,1.42,2.89,1.0,1.91,1.99,1.93,2.0,1.95,2.02,1.91,1.95,2425,4.75,4.4,1.65,4.69,4.74,1.66,5.3,4.6,1.67,1.42,3.3,1.9,2.08,5.0,4.4,1.6,5.62,4.29,1.62,5.6,4.7,1.63,1.46,3.1,1.95,2.04,,,,,,,,,,,,,,,,,,,,,,,,,,,,,,,,,,,,,,,,,,,,
E0,14/01/2025,19:30,Chelsea,Bournemouth,2,2,D,1,0,H,R Jones,26,7,10,3,15,16,9,3,2,3,0,0,1.48,4.75,6.0,1.49,4.8,6.0,,,,1.5,4.96,6.17,1.44,4.5,5.5,,,,1.61,4.99,6.4,1.5,4.81,5.92,1.4,3.0,1.44,2.91,1.44,3.0,1.42,2.87,-1.25,2.02,1.88,2.03,1.9,2.14,1.9,2.0,1.83,1.5,4.75,5.25,1.53,4.6,5.5,,,,1.54,4.8,5.71,1.5,4.4,5.0,,,,1.57,4.95,6.0,1.52,4.75,5.54,1.4,3.0,1.44,2.89,1.44,3.14,1.41,2.95,-1.0,1.86,2.04,1.86,2.07,1.86,2.13,1.81,2.05,2425,1.5,4.75,5.5,1.52,4.99,6.01,1.55,5.0,6.2,1.47,3.1,2.09,1.9,1.5,4.75,5.5,1.54,4.92,5.63,1.56,5.0,6.2,1.46,3.1,1.89,2.12,,,,,,,,,,,,,,,,,,,,,,,,,,,,,,,,,,,,,,,,,,,,
E0,14/01/2025,19:30,West Ham,Fulham,3,2,H,2,0,H,C Pawson,4,21,3,5,9,18,0,3,3,3,0,0,3.0,3.4,2.38,2.95,3.4,2.4,,,,3.03,3.54,2.41,2.9,3.4,2.4,,,,3.05,3.54,2.49,2.97,3.43,2.41,1.86,2.04,1.86,2.05,1.87,2.05,1.83,2.01,0.25,1.83,2.07,1.85,2.09,1.85,2.09,1.8,2.04,3.0,3.3,2.35,3.1,3.3,2.37,,,,3.22,3.3,2.42,3.0,3.3,2.4,,,,3.22,3.43,2.57,3.07,3.3,2.42,1.95,1.95,1.96,1.94,1.99,2.0,1.91,1.92,0.25,1.85,2.05,1.86,2.07,1.89,2.08,1.81,2.05,2425,3.0,3.4,2.4,3.04,3.53,2.42,3.1,3.55,2.5,1.89,2.12,1.85,2.14,3.1,3.3,2.4,3.2,3.4,2.36,3.2,3.4,2.5,2.0,1.99,1.86,2.13,,,,,,,,,,,,,,,,,,,,,,,,,,,,,,,,,,,,,,,,,,,,
E0,14/01/2025,20:00,Nott'm Forest,Liverpool,1,1,D,1,0,H,C Kavanagh,6,23,3,7,7,10,0,9,2,1,0,0,5.25,4.1,1.62,5.0,4.1,1.66,,,,5.28,4.24,1.65,4.8,4.0,1.67,,,,5.4,4.38,1.67,5.14,4.16,1.64,1.62,2.3,1.66,2.33,1.68,2.36,1.63,2.3,1.0,1.75,2.05,1.83,2.11,1.83,2.11,1.79,2.06,5.25,4.1,1.62,5.25,4.2,1.61,,,,5.7,4.3,1.62,5.0,4.2,1.62,,,,5.7,4.35,1.67,5.37,4.2,1.61,1.62,2.3,1.64,2.44,1.64,2.49,1.59,2.41,1.0,1.86,2.04,1.88,2.04,1.89,2.06,1.85,2.01,2425,5.0,4.0,1.65,5.14,4.38,1.66,5.6,4.3,1.68,1.68,2.44,1.83,2.16,5.5,4.1,1.57,5.36,4.19,1.65,5.9,4.4,1.64,1.64,2.54,1.94,2.04,,,,,,,,,,,,,,,,,,,,,,,,,,,,,,,,,,,,,,,,,,,,
E0,15/01/2025,19:30,Everton,Aston Villa,0,1,A,0,0,D,S Barrott,10,11,3,3,17,10,8,5,2,1,0,0,3.25,3.2,2.3,3.1,3.25,2.37,,,,3.26,3.31,2.36,3.2,3.1,2.3,,,,3.3,3.35,2.39,3.2,3.24,2.35,2.08,1.82,2.09,1.8,2.14,1.82,2.06,1.78,0.25,1.87,2.03,1.88,2.02,1.88,2.05,1.84,1.98,3.4,3.1,2.25,3.5,3.1,2.2,,,,3.55,3.13,2.35,3.4,3.1,2.3,,,,3.63,3.21,2.35,3.48,3.11,2.29,2.3,1.62,2.35,1.65,2.35,1.69,2.26,1.66,0.25,1.97,1.96,1.93,1.99,1.97,2.0,1.92,1.93,2425,3.3,3.25,2.3,3.28,3.31,2.39,3.35,3.35,2.46,2.18,1.81,1.9,2.09,3.3,3.0,2.25,3.63,3.19,2.26,3.55,3.25,2.42,2.38,1.72,1.94,2.04,,,,,,,,,,,,,,,,,,,,,,,,,,,,,,,,,,,,,,,,,,,,
E0,15/01/2025,19:30,Leicester,Crystal Palace,0,2,A,0,0,D,A Madley,21,9,4,4,7,6,4,3,0,0,0,0,3.9,3.6,1.91,3.75,3.7,1.95,,,,4.01,3.76,1.93,3.75,3.7,1.95,,,,4.01,3.94,1.96,3.88,3.73,1.92,1.73,2.1,1.76,2.15,1.78,2.16,1.74,2.11,0.5,1.97,1.93,1.97,1.93,1.97,1.94,1.92,1.91,3.8,3.7,1.91,3.9,3.6,1.95,,,,4.07,3.63,1.97,3.8,3.5,1.95,,,,4.1,3.79,2.0,3.93,3.61,1.95,1.9,2.0,1.91,1.99,1.91,2.1,1.84,2.0,0.5,1.94,1.99,1.94,1.98,1.95,1.99,1.9,1.95,2425,3.9,3.7,1.95,3.96,3.94,1.93,4.0,3.85,2.0,1.79,2.22,1.98,2.01,3.9,3.6,1.91,3.9,3.79,1.96,4.0,3.85,2.0,1.91,2.08,1.98,2.0,,,,,,,,,,,,,,,,,,,,,,,,,,,,,,,,,,,,,,,,,,,,
E0,15/01/2025,19:30,Newcastle,Wolves,3,0,H,1,0,H,D England,17,13,5,7,10,13,4,2,0,2,0,0,1.36,5.5,8.0,1.36,5.5,7.75,,,,1.36,5.73,7.91,1.36,5.0,7.5,,,,1.38,5.9,9.0,1.35,5.54,8.08,1.44,2.75,1.42,2.93,1.44,2.94,1.42,2.82,-1.5,1.95,1.95,1.94,1.96,1.97,2.03,1.91,1.93,1.36,5.0,7.5,1.4,5.25,7.25,,,,1.37,5.4,8.5,1.4,5.0,7.5,,,,1.4,5.6,8.73,1.37,5.26,7.88,1.5,2.63,1.51,2.66,1.53,2.75,1.49,2.65,-1.5,2.08,1.85,2.09,1.85,2.09,1.9,2.03,1.84,2425,1.33,5.5,8.5,1.38,5.66,8.15,1.37,5.9,9.4,1.48,2.98,2.0,1.96,1.33,5.0,8.0,1.39,5.26,8.18,1.42,5.5,8.6,1.57,2.74,2.14,1.86,,,,,,,,,,,,,,,,,,,,,,,,,,,,,,,,,,,,,,,,,,,,
E0,15/01/2025,20:00,Arsenal,Tottenham,2,1,H,2,1,H,S Hooper,14,10,4,2,16,9,10,4,3,1,0,0,1.4,5.25,7.0,1.41,5.25,6.25,,,,1.4,5.54,6.88,1.4,5.0,7.0,,,,1.43,5.6,7.23,1.4,5.29,6.86,1.44,2.75,1.43,2.92,1.44,2.92,1.43,2.8,-1.25,1.85,2.05,1.85,2.06,1.86,2.06,1.83,1.99,1.36,5.5,7.5,1.4,5.25,6.25,,,,1.38,5.35,8.2,1.36,5.0,7.5,,,,1.41,5.75,8.2,1.38,5.31,7.55,1.5,2.63,1.54,2.6,1.58,2.7,1.52,2.57,-1.25,1.87,2.06,1.85,2.09,1.9,2.14,1.81,2.04,2425,1.4,5.0,7.0,1.43,5.35,7.23,1.45,5.5,7.6,1.47,3.0,1.91,2.03,1.36,5.0,7.5,1.4,5.59,7.3,1.42,5.5,8.2,1.56,2.76,1.89,2.09,,,,,,,,,,,,,,,,,,,,,,,,,,,,,,,,,,,,,,,,,,,,
E0,16/01/2025,19:30,Ipswich,Brighton,0,2,A,0,0,D,T Harrington,5,11,3,5,13,14,1,9,2,2,0,0,3.9,3.7,1.91,3.9,3.75,1.9,,,,3.84,3.78,1.96,3.75,3.75,1.91,,,,3.9,3.92,1.98,3.8,3.73,1.94,1.73,2.1,1.73,2.2,1.75,2.28,1.71,2.15,0.5,1.95,1.95,1.93,1.97,1.98,1.97,1.91,1.93,3.7,3.6,1.95,3.75,3.6,1.98,,,,3.94,3.75,1.97,3.75,3.6,1.95,,,,3.95,3.8,2.03,3.81,3.66,1.97,1.8,2.0,1.79,2.12,1.85,2.14,1.77,2.09,0.5,1.94,1.99,1.94,1.98,1.95,1.99,1.89,1.96,2425,3.8,3.7,1.95,3.85,3.92,1.96,4.0,3.8,2.02,1.76,2.26,1.96,2.02,3.75,3.6,1.91,3.81,3.7,2.01,4.0,3.85,2.02,1.85,2.16,1.97,2.02,,,,,,,,,,,,,,,,,,,,,,,,,,,,,,,,,,,,,,,,,,,,
E0,16/01/2025,20:00,Man United,Southampton,3,1,H,0,1,A,J Brooks,23,13,9,5,7,10,5,4,1,3,0,0,1.29,6.0,9.5,1.3,6.0,9.25,,,,1.31,5.97,9.23,1.3,5.5,9.5,,,,1.33,6.0,10.5,1.3,5.79,9.4,1.53,2.5,1.55,2.57,1.55,2.63,1.52,2.52,-1.5,1.9,2.0,1.92,1.99,1.92,2.0,1.87,1.97,1.27,6.0,10.0,1.27,6.0,10.5,,,,1.29,6.1,11.0,1.29,5.8,10.0,,,,1.31,6.2,12.0,1.28,5.94,10.77,1.57,2.38,1.58,2.47,1.58,2.53,1.56,2.46,-1.75,2.05,1.88,2.04,1.87,2.07,1.88,2.02,1.83,2425,1.3,5.5,9.5,1.33,5.86,9.95,1.32,6.4,11.0,1.55,2.7,1.9,2.03,1.25,5.5,11.0,1.3,6.16,9.91,1.32,6.2,11.5,1.62,2.6,2.09,1.9,,,,,,,,,,,,,,,,,,,,,,,,,,,,,,,,,,,,,,,,,,,,
E0,18/01/2025,12:30,Newcastle,Bournemouth,1,4,A,1,2,A,S Attwell,13,19,5,10,7,18,7,6,1,6,0,0,1.62,4.2,5.0,1.65,4.2,4.8,,,,1.65,4.33,4.99,1.65,4.2,4.8,,,,1.67,4.49,5.2,1.64,4.3,4.93,1.53,2.5,1.56,2.54,1.56,2.54,1.54,2.47,-0.75,1.78,2.03,1.81,2.08,1.83,2.09,1.77,2.05,1.65,4.2,5.0,1.62,4.33,5.0,,,,1.66,4.25,5.2,1.62,4.2,4.8,,,,1.67,4.4,5.5,1.64,4.23,5.05,1.53,2.5,1.54,2.61,1.54,2.77,1.51,2.61,-1.0,2.05,1.75,2.07,1.86,2.13,1.89,2.04,1.81,2425,1.62,4.2,5.0,1.67,4.49,4.89,1.69,4.4,5.4,1.61,2.6,1.86,2.14,1.62,4.1,5.0,1.65,4.25,5.3,1.69,4.4,5.4,1.56,2.76,2.14,1.86,,,,,,,,,,,,,,,,,,,,,,,,,,,,,,,,,,,,,,,,,,,,
E0,18/01/2025,15:00,Brentford,Liverpool,0,2,A,0,0,D,A Madley,11,37,6,8,6,14,2,15,2,3,0,0,6.5,5.0,1.42,6.0,5.25,1.46,,,,6.49,5.33,1.43,6.0,5.0,1.44,,,,7.0,5.35,1.49,6.43,5.15,1.43,1.36,3.2,1.36,3.25,1.37,3.35,1.35,3.16,1.25,2.01,1.89,2.03,1.88,2.03,1.89,1.97,1.85,5.75,5.0,1.48,5.75,5.0,1.47,,,,6.33,5.0,1.49,5.8,4.8,1.44,,,,6.5,5.3,1.53,6.04,4.97,1.48,1.33,3.4,1.35,3.36,1.35,3.56,1.33,3.36,1.25,1.91,1.99,1.94,1.98,1.94,2.02,1.91,1.94,2425,6.5,5.0,1.4,6.42,5.3,1.47,7.2,5.5,1.46,1.39,3.4,2.03,1.92,6.0,4.75,1.44,6.15,5.12,1.49,6.8,5.3,1.49,1.37,3.65,1.98,1.99,,,,,,,,,,,,,,,,,,,,,,,,,,,,,,,,,,,,,,,,,,,,
E0,18/01/2025,15:00,Leicester,Fulham,0,2,A,0,0,D,M Salisbury,8,17,4,2,8,8,5,2,3,1,0,0,4.33,3.7,1.8,4.0,3.7,1.9,,,,4.38,3.91,1.81,3.9,3.75,1.85,,,,4.4,4.05,1.9,4.17,3.81,1.84,1.73,2.1,1.73,2.2,1.76,2.22,1.71,2.14,0.5,2.07,1.83,2.09,1.81,2.08,1.87,2.01,1.82,4.5,3.7,1.8,4.5,3.8,1.78,,,,4.65,3.79,1.81,4.33,3.75,1.8,,,,4.7,3.85,1.86,4.5,3.74,1.8,1.84,2.06,1.85,2.06,1.85,2.11,1.8,2.05,0.75,1.85,2.05,1.87,2.06,1.88,2.06,1.83,2.03,2425,4.33,3.75,1.85,4.23,4.0,1.86,4.5,3.9,1.91,1.8,2.22,2.08,1.91,4.33,3.7,1.75,4.57,3.76,1.83,4.7,4.0,1.84,1.87,2.14,1.9,2.09,,,,,,,,,,,,,,,,,,,,,,,,,,,,,,,,,,,,,,,,,,,,
E0,18/01/2025,15:00,West Ham,Crystal Palace,0,2,A,0,0,D,T Bramall,7,12,0,7,13,10,2,4,1,0,1,0,2.6,3.5,2.63,2.55,3.4,2.7,,,,2.65,3.49,2.7,2.62,3.3,2.62,,,,2.71,3.53,2.75,2.62,3.41,2.69,1.8,2.0,1.79,2.1,1.83,2.1,1.79,2.04,0.0,1.92,1.98,1.93,1.97,1.95,1.99,1.91,1.94,2.75,3.3,2.55,2.75,3.25,2.65,,,,2.86,3.32,2.66,2.8,3.1,2.62,,,,2.86,3.39,2.72,2.78,3.26,2.64,2.06,1.84,2.06,1.85,2.11,1.95,2.0,1.84,0.0,2.02,1.88,2.04,1.89,2.04,1.93,1.99,1.88,2425,2.63,3.4,2.7,2.71,3.44,2.73,2.74,3.5,2.82,1.84,2.14,1.95,2.04,2.75,3.1,2.6,2.72,3.39,2.72,2.94,3.35,2.74,2.1,1.89,2.07,1.92,,,,,,,,,,,,,,,,,,,,,,,,,,,,,,,,,,,,,,,,,,,,
E0,18/01/2025,17:30,Arsenal,Aston Villa,2,2,D,1,0,H,C Kavanagh,18,8,6,4,10,18,10,1,2,3,0,0,1.5,4.1,7.0,1.49,4.5,6.5,,,,1.53,4.4,6.38,1.53,4.2,6.0,,,,1.55,4.5,7.0,1.51,4.35,6.45,1.87,2.03,1.88,2.01,1.89,2.06,1.82,2.01,-1.0,1.87,2.03,1.91,2.0,1.91,2.03,1.87,1.97,1.53,4.1,6.25,1.57,4.2,5.75,,,,1.57,4.35,6.1,1.57,4.0,5.8,,,,1.65,4.35,6.4,1.57,4.14,6.06,1.73,2.1,1.76,2.14,2.03,2.2,1.77,2.08,-1.0,1.98,1.92,1.98,1.94,2.01,1.97,1.95,1.9,2425,1.5,4.33,7.0,1.55,4.41,6.52,1.55,4.5,7.2,1.91,2.06,1.94,2.04,1.53,3.9,6.0,1.59,4.2,6.04,1.6,4.4,6.4,1.82,2.2,2.01,1.98,,,,,,,,,,,,,,,,,,,,,,,,,,,,,,,,,,,,,,,,,,,,
E0,19/01/2025,14:00,Everton,Tottenham,3,2,H,3,0,H,D England,12,11,6,6,14,14,3,8,2,1,0,0,2.8,3.5,2.45,2.87,3.5,2.4,,,,2.97,3.45,2.46,2.88,3.6,2.38,,,,3.0,3.77,2.5,2.91,3.51,2.41,1.67,2.2,1.74,2.18,1.74,2.25,1.69,2.19,0.25,1.82,2.08,1.84,2.08,1.82,2.08,1.79,2.03,2.5,3.3,2.8,2.5,3.3,2.85,,,,2.56,3.51,2.85,2.5,3.3,2.8,,,,2.72,3.55,2.85,2.57,3.39,2.79,1.87,2.03,1.88,2.02,1.88,2.1,1.84,2.0,0.0,1.85,2.08,1.86,2.07,1.91,2.08,1.85,2.02,2425,2.8,3.5,2.5,2.97,3.77,2.36,2.9,3.7,2.56,1.76,2.28,1.8,2.21,2.6,3.4,2.75,2.72,3.39,2.72,2.64,3.55,2.9,1.91,2.08,1.9,2.09,,,,,,,,,,,,,,,,,,,,,,,,,,,,,,,,,,,,,,,,,,,,
E0,19/01/2025,14:00,Man United,Brighton,1,3,A,1,1,D,P Bankes,10,6,1,3,13,12,4,2,3,3,0,0,2.1,3.6,3.3,2.05,3.7,3.4,,,,2.11,3.77,3.39,2.05,3.6,3.3,,,,2.13,3.85,3.5,2.09,3.71,3.36,1.67,2.2,1.67,2.3,1.7,2.31,1.66,2.23,-0.25,1.85,2.05,1.85,2.07,1.85,2.07,1.8,2.02,2.25,3.4,3.1,2.3,3.3,3.2,,,,2.34,3.45,3.25,2.3,3.3,3.1,,,,2.35,3.5,3.35,2.31,3.4,3.18,1.8,2.0,1.83,2.08,1.84,2.13,1.79,2.05,-0.25,2.02,1.91,2.02,1.91,2.02,1.94,1.97,1.88,2425,2.05,3.7,3.5,2.13,3.83,3.39,2.12,3.85,3.65,1.73,2.34,1.84,2.15,2.3,3.4,3.2,2.29,3.5,3.24,2.38,3.5,3.35,1.84,2.16,2.05,1.95,,,,,,,,,,,,,,,,,,,,,,,,,,,,,,,,,,,,,,,,,,,,
E0,19/01/2025,14:00,Nott'm Forest,Southampton,3,2,H,3,0,H,A Taylor,14,10,5,4,4,18,2,8,0,4,0,0,1.38,4.75,8.0,1.41,4.8,7.75,,,,1.4,4.92,8.27,1.4,4.6,7.5,,,,1.42,5.1,8.5,1.39,4.86,8.03,1.73,2.1,1.75,2.15,1.8,2.16,1.75,2.09,-1.25,1.9,2.0,1.9,2.01,1.95,2.01,1.87,1.95,1.38,4.75,8.0,1.4,5.0,7.75,,,,1.37,5.15,9.23,1.4,4.8,8.0,,,,1.5,5.2,9.23,1.4,4.88,8.13,1.67,2.2,1.69,2.25,1.75,2.3,1.69,2.2,-1.25,1.88,2.05,1.87,2.06,1.94,2.06,1.88,1.97,2425,1.4,4.6,8.0,1.42,5.0,8.35,1.44,5.1,8.6,1.8,2.18,1.95,2.0,1.4,4.6,7.5,1.44,4.87,7.7,1.42,5.1,9.2,1.75,2.3,1.92,2.08,,,,,,,,,,,,,,,,,,,,,,,,,,,,,,,,,,,,,,,,,,,,
E0,19/01/2025,16:30,Ipswich,Man City,0,6,A,0,3,A,S Barrott,8,17,4,9,4,7,4,7,0,1,0,0,7.5,5.25,1.36,8.0,5.5,1.35,,,,7.76,5.51,1.37,7.5,5.0,1.36,,,,9.0,5.6,1.41,7.72,5.36,1.36,1.44,2.75,1.47,2.75,1.47,2.8,1.44,2.74,1.5,1.9,2.0,1.88,2.03,1.93,2.03,1.86,1.98,7.0,5.0,1.4,7.5,5.25,1.38,,,,8.5,5.5,1.37,7.5,5.0,1.4,,,,8.5,5.7,1.51,7.72,5.21,1.39,1.5,2.63,1.51,2.66,1.57,2.74,1.51,2.62,1.5,1.78,2.03,1.86,2.07,1.91,2.31,1.82,2.03,2425,8.0,5.0,1.36,7.7,5.39,1.41,8.8,5.7,1.39,1.49,2.92,1.91,2.06,8.0,5.0,1.36,8.1,5.13,1.41,9.0,5.7,1.39,1.55,2.8,1.9,2.08,,,,,,,,,,,,,,,,,,,,,,,,,,,,,,,,,,,,,,,,,,,,
E0,20/01/2025,20:00,Chelsea,Wolves,3,1,H,1,1,D,S Hooper,19,9,7,4,8,14,3,6,4,2,0,0,1.36,5.75,6.5,1.34,5.75,8.0,,,,1.38,5.69,7.16,1.36,5.0,7.0,,,,1.41,5.8,8.5,1.37,5.51,7.3,1.36,3.2,1.39,3.07,1.4,3.2,1.37,3.06,-1.5,1.98,1.92,2.0,1.9,2.0,1.94,1.96,1.89,1.45,5.0,6.25,1.44,5.25,6.25,,,,1.44,5.25,6.8,1.44,5.0,6.5,,,,1.45,5.43,7.5,1.43,5.16,6.64,1.4,3.0,1.41,3.03,1.41,3.16,1.4,2.97,-1.25,1.95,1.95,1.94,1.98,1.95,2.05,1.87,1.97,2425,1.33,5.0,7.5,1.41,5.55,7.43,1.42,5.7,8.2,1.37,3.05,2.06,1.84,1.4,5.0,6.5,1.45,5.07,6.94,1.47,5.4,7.2,1.44,3.2,1.95,2.03,,,,,,,,,,,,,,,,,,,,,,,,,,,,,,,,,,,,,,,,,,,,
E0,25/01/2025,15:00,Bournemouth,Nott'm Forest,5,0,H,1,0,H,C Pawson,16,18,10,4,9,12,3,9,2,3,0,0,2.05,3.7,3.4,2.05,3.6,3.5,,,,2.11,3.7,3.45,2.05,3.5,3.4,,,,2.14,3.75,3.5,2.09,3.64,3.42,1.85,2.05,1.83,2.06,1.86,2.07,1.82,2.02,-0.25,1.82,2.08,1.85,2.07,1.85,2.09,1.8,2.03,1.91,3.7,3.8,2.05,3.5,3.6,,,,1.97,3.73,3.94,2.0,3.6,3.6,,,,2.12,3.77,3.95,1.99,3.64,3.77,1.73,2.1,1.78,2.14,1.87,2.25,1.8,2.05,-0.5,1.97,1.96,1.98,1.94,2.03,1.98,1.98,1.88,2425,2.05,3.6,3.5,2.13,3.71,3.49,2.14,3.75,3.65,1.88,2.1,1.86,2.14,1.95,3.5,3.9,2.05,3.68,3.7,2.04,3.75,4.0,1.89,2.1,2.04,1.94,,,,,,,,,,,,,,,,,,,,,,,,,,,,,,,,,,,,,,,,,,,,
E0,25/01/2025,15:00,Brighton,Everton,0,1,A,0,1,A,T Robinson,16,3,1,1,8,11,9,1,3,4,0,0,1.67,3.75,5.5,1.65,4.0,5.25,,,,1.68,3.83,5.5,1.65,3.9,5.0,,,,1.7,4.04,5.72,1.67,3.86,5.39,1.89,1.89,1.96,1.93,1.98,1.98,1.9,1.93,-0.75,1.88,2.02,1.89,2.02,1.9,2.04,1.85,1.98,1.73,3.6,5.25,1.71,3.7,5.25,,,,1.74,3.69,5.42,1.67,3.8,5.0,,,,1.75,3.96,5.8,1.7,3.74,5.37,2.05,1.85,2.05,1.86,2.08,1.95,1.98,1.86,-0.75,1.99,1.94,1.97,1.95,1.99,2.02,1.9,1.96,2425,1.67,3.8,5.5,1.7,4.04,5.29,1.73,3.95,5.8,1.97,2.0,1.93,2.04,1.67,3.8,5.5,1.73,3.76,5.34,1.73,3.9,6.0,2.08,1.9,1.93,2.04,,,,,,,,,,,,,,,,,,,,,,,,,,,,,,,,,,,,,,,,,,,,
E0,25/01/2025,15:00,Liverpool,Ipswich,4,1,H,3,0,H,M Salisbury,16,3,6,3,10,11,3,4,0,2,0,0,1.08,12.0,15.0,1.11,11.0,20.0,,,,1.1,11.75,21.77,1.12,10.0,19.0,,,,1.13,13.0,27.0,1.1,11.04,20.87,1.25,4.0,,,1.26,4.2,1.25,3.82,-2.5,1.88,2.02,1.88,2.01,1.9,2.06,1.86,1.98,1.11,11.0,15.0,1.12,11.0,21.0,,,,1.1,12.25,24.5,1.12,9.5,17.0,,,,1.13,12.5,25.0,1.11,11.32,21.57,1.29,3.75,,,1.29,4.25,1.27,3.78,-2.5,1.93,2.0,1.91,2.0,1.96,2.03,1.91,1.95,2425,1.08,13.0,21.0,1.13,10.7,20.0,1.12,14.5,26.0,1.28,4.3,1.89,2.04,1.1,12.0,23.0,1.12,12.4,17.6,1.12,13.0,27.0,1.29,4.2,1.97,2.02,,,,,,,,,,,,,,,,,,,,,,,,,,,,,,,,,,,,,,,,,,,,
E0,25/01/2025,15:00,Southampton,Newcastle,1,3,A,1,2,A,S Barrott,12,17,5,9,10,5,3,8,1,0,0,0,6.5,5.25,1.42,6.75,5.25,1.41,,,,7.05,5.17,1.42,6.5,4.8,1.44,,,,7.5,5.3,1.47,6.82,5.09,1.42,1.41,2.7,1.47,2.77,1.47,2.95,1.44,2.75,1.25,2.02,1.88,2.01,1.89,2.04,1.91,1.96,1.86,6.5,4.75,1.44,6.5,4.8,1.44,,,,6.62,5.04,1.47,6.0,4.6,1.44,,,,7.0,5.1,1.53,6.48,4.91,1.46,1.44,2.75,1.49,2.74,1.52,2.81,1.49,2.64,1.25,1.94,1.99,1.93,1.99,1.97,2.04,1.89,1.96,2425,7.0,5.0,1.4,6.73,5.09,1.47,7.6,5.4,1.45,1.48,2.94,2.06,1.91,6.5,4.75,1.47,6.94,4.87,1.47,7.0,5.1,1.5,1.56,2.76,1.97,2.01,,,,,,,,,,,,,,,,,,,,,,,,,,,,,,,,,,,,,,,,,,,,
E0,25/01/2025,15:00,Wolves,Arsenal,0,1,A,0,0,D,M Oliver,9,9,4,3,20,10,1,5,0,1,1,1,7.0,4.5,1.45,6.75,4.75,1.46,,,,6.86,4.74,1.47,6.5,4.5,1.44,,,,7.5,4.8,1.5,6.85,4.65,1.46,1.73,2.1,1.74,2.17,1.78,2.19,1.72,2.14,1.25,1.85,2.05,1.85,2.06,1.86,2.06,1.82,2.01,5.75,4.0,1.6,5.5,4.0,1.61,,,,5.93,4.15,1.61,5.5,4.0,1.6,,,,6.4,4.27,1.62,5.87,4.07,1.6,1.97,1.93,1.96,1.94,1.98,2.09,1.91,1.93,1.0,1.84,2.09,1.86,2.07,2.02,2.12,1.85,2.02,2425,7.0,4.6,1.44,6.88,4.69,1.5,7.6,5.0,1.49,1.78,2.22,1.92,2.06,6.0,4.0,1.6,6.16,4.07,1.61,6.4,4.2,1.64,2.0,1.99,1.85,2.13,,,,,,,,,,,,,,,,,,,,,,,,,,,,,,,,,,,,,,,,,,,,
E0,25/01/2025,17:30,Man City,Chelsea,3,1,H,1,1,D,J Brooks,15,10,6,4,6,8,2,4,3,2,0,0,2.05,4.0,3.3,1.98,4.0,3.4,,,,2.03,4.09,3.36,2.0,4.0,3.25,,,,2.08,4.22,3.4,2.03,4.03,3.29,1.4,3.0,1.42,2.94,1.43,3.0,1.41,2.88,-0.5,2.06,1.84,2.07,1.85,2.08,1.87,2.04,1.81,2.38,3.7,2.7,2.3,3.75,2.85,,,,2.39,3.89,2.85,2.3,3.9,2.75,,,,2.4,4.01,3.05,2.34,3.8,2.84,1.44,2.75,1.46,2.84,1.46,3.15,1.43,2.84,-0.25,2.08,1.73,2.1,1.84,2.12,1.93,2.04,1.82,2425,2.0,3.9,3.4,2.04,4.22,3.36,2.08,4.1,3.5,1.44,3.2,2.08,1.9,2.25,3.75,2.8,2.33,3.81,2.96,2.4,4.0,2.94,1.47,3.05,2.11,1.89,,,,,,,,,,,,,,,,,,,,,,,,,,,,,,,,,,,,,,,,,,,,
E0,26/01/2025,14:00,Crystal Palace,Brentford,1,2,A,0,0,D,T Harrington,16,13,5,6,8,11,4,7,2,2,0,0,2.05,3.75,3.3,2.05,3.7,3.4,,,,2.06,3.7,3.59,2.05,3.6,3.5,,,,2.09,3.82,3.62,2.06,3.68,3.47,1.73,2.1,1.75,2.16,1.78,2.16,1.74,2.12,-0.5,2.07,1.83,2.07,1.85,2.08,1.85,2.05,1.8,1.95,3.75,3.6,1.98,3.7,3.6,,,,1.97,3.8,3.84,1.95,3.7,3.7,,,,2.03,3.95,4.09,1.97,3.76,3.7,1.57,2.38,1.61,2.43,1.68,2.51,1.6,2.38,-0.5,2.02,1.91,1.98,1.94,2.04,1.94,1.97,1.88,2425,2.05,3.6,3.5,2.05,3.82,3.62,2.12,3.75,3.65,1.82,2.18,2.12,1.87,1.91,3.6,3.7,2.03,3.77,3.67,2.02,3.95,3.95,1.64,2.52,2.04,1.95,,,,,,,,,,,,,,,,,,,,,,,,,,,,,,,,,,,,,,,,,,,,
E0,26/01/2025,14:00,Tottenham,Leicester,1,2,A,1,0,H,R Jones,15,12,6,3,6,16,6,4,1,5,0,0,1.45,5.5,5.5,1.44,5.25,6.25,,,,1.46,5.37,5.94,1.44,5.0,5.8,,,,1.49,5.5,6.25,1.46,5.21,5.89,1.33,3.4,1.34,3.35,1.35,3.45,1.33,3.27,-1.25,1.98,1.92,1.96,1.94,1.99,1.94,1.93,1.9,1.5,4.75,5.5,1.53,5.0,5.25,,,,1.51,5.05,5.85,1.5,4.8,5.0,,,,1.55,5.09,5.95,1.51,4.92,5.58,1.33,3.4,1.34,3.4,1.35,3.58,1.32,3.39,-1.25,2.07,1.86,2.07,1.86,2.09,1.89,2.03,1.83,2425,1.44,5.0,6.0,1.49,5.25,6.11,1.49,5.6,6.4,1.37,3.5,1.94,1.97,1.47,4.75,5.5,1.53,4.88,5.88,1.55,5.1,6.0,1.36,3.7,2.11,1.89,,,,,,,,,,,,,,,,,,,,,,,,,,,,,,,,,,,,,,,,,,,,
E0,26/01/2025,16:30,Aston Villa,West Ham,1,1,D,1,0,H,P Bankes,14,14,4,4,13,16,4,3,2,3,0,0,1.53,4.33,5.75,1.55,4.33,5.75,,,,1.55,4.46,5.99,1.57,4.2,5.5,,,,1.58,4.6,6.0,1.55,4.39,5.81,1.67,2.2,1.68,2.26,1.71,2.26,1.67,2.21,-1.0,1.92,1.98,1.92,1.99,1.98,1.99,1.9,1.94,1.45,4.75,6.25,1.47,4.75,6.5,,,,1.47,4.9,6.9,1.44,4.6,6.0,,,,1.54,4.9,7.38,1.47,4.75,6.52,1.57,2.38,1.61,2.43,1.62,2.5,1.59,2.39,-1.25,2.08,1.85,2.04,1.89,2.09,1.9,2.02,1.84,2425,1.55,4.33,6.0,1.57,4.53,5.96,1.61,4.5,6.2,1.72,2.3,1.97,1.97,1.47,4.6,6.5,1.5,4.88,6.18,1.49,5.0,7.4,1.66,2.5,2.06,1.93,,,,,,,,,,,,,,,,,,,,,,,,,,,,,,,,,,,,,,,,,,,,
E0,26/01/2025,19:00,Fulham,Man United,0,1,A,0,0,D,A Taylor,9,4,3,1,7,9,3,0,0,1,0,0,2.3,3.4,3.1,2.3,3.4,3.0,,,,2.32,3.48,3.18,2.3,3.4,3.0,,,,2.38,3.65,3.18,2.31,3.44,3.1,1.88,2.02,1.89,1.99,1.9,2.02,1.85,1.98,-0.25,2.0,1.9,2.01,1.9,2.02,1.92,1.96,1.87,2.35,3.4,3.1,2.37,3.4,2.95,,,,2.4,3.55,3.03,2.38,3.4,2.9,,,,2.49,3.56,3.1,2.39,3.44,2.99,1.88,2.02,1.89,2.01,1.9,2.04,1.85,1.99,-0.25,2.07,1.86,2.08,1.85,2.1,1.87,2.04,1.82,2425,2.3,3.4,3.1,2.31,3.65,3.14,2.42,3.5,3.25,1.94,2.02,2.07,1.91,2.25,3.3,3.0,2.49,3.44,2.96,2.46,3.55,3.15,1.89,2.1,2.11,1.89,,,,,,,,,,,,,,,,,,,,,,,,,,,,,,,,,,,,,,,,,,,,
E0,01/02/2025,12:30,Nott'm Forest,Brighton,7,0,H,3,0,H,S Hooper,14,10,9,5,8,13,4,6,1,3,0,0,2.38,3.5,2.8,2.45,3.5,2.85,,,,2.46,3.43,2.99,2.45,3.4,2.88,,,,2.48,3.57,2.99,2.44,3.46,2.89,1.95,1.95,1.98,1.91,1.98,1.98,1.92,1.91,-0.25,2.1,1.8,2.12,1.81,2.16,1.81,2.08,1.77,2.63,3.3,2.7,2.65,3.4,2.65,,,,2.68,3.45,2.74,2.6,3.3,2.7,,,,2.68,3.47,2.94,2.63,3.39,2.72,1.84,2.06,1.83,2.07,1.97,2.09,1.85,2.0,0.0,1.95,1.98,1.94,1.98,1.99,2.01,1.91,1.97,2425,2.45,3.4,2.9,2.47,3.57,2.94,2.56,3.55,3.05,2.02,1.95,2.19,1.83,2.63,3.4,2.7,2.54,3.38,2.94,2.74,3.55,2.8,1.89,2.1,1.96,2.02,,,,,,,,,,,,,,,,,,,,,,,,,,,,,,,,,,,,,,,,,,,,
E0,01/02/2025,15:00,Bournemouth,Liverpool,0,2,A,0,1,A,D England,14,19,3,7,15,9,3,3,2,3,0,0,4.5,4.33,1.67,4.6,4.2,1.68,,,,4.68,4.35,1.68,4.5,4.2,1.67,,,,4.75,4.48,1.71,4.56,4.32,1.68,1.44,2.75,1.48,2.71,1.48,2.8,1.46,2.69,0.75,2.06,1.84,2.04,1.87,2.12,1.88,2.0,1.83,4.33,4.2,1.7,4.33,4.2,1.72,,,,4.66,4.26,1.72,4.4,4.2,1.7,,,,4.75,4.35,1.73,4.51,4.22,1.71,1.44,2.75,1.47,2.78,1.47,2.92,1.44,2.82,0.75,2.01,1.92,2.02,1.91,2.06,1.93,1.99,1.87,2425,4.6,4.2,1.67,4.58,4.48,1.71,4.8,4.6,1.72,1.51,2.9,2.08,1.9,4.5,4.0,1.67,4.68,4.31,1.71,4.9,4.3,1.76,1.5,2.98,2.04,1.94,,,,,,,,,,,,,,,,,,,,,,,,,,,,,,,,,,,,,,,,,,,,
E0,01/02/2025,15:00,Everton,Leicester,4,0,H,3,0,H,D Bond,13,9,7,1,7,13,5,6,0,0,0,0,1.75,3.75,4.5,1.8,3.6,4.6,,,,1.81,3.7,4.73,1.8,3.6,4.5,,,,1.81,3.85,5.0,1.79,3.67,4.67,2.04,1.86,2.06,1.84,2.06,1.89,2.01,1.83,-0.75,2.06,1.84,2.06,1.85,2.07,1.86,2.0,1.82,1.95,3.4,4.1,1.95,3.3,4.2,,,,1.96,3.34,4.53,1.95,3.4,4.0,,,,2.0,3.49,4.7,1.95,3.35,4.33,2.3,1.62,2.34,1.66,2.36,1.68,2.27,1.65,-0.5,1.99,1.94,1.97,1.95,2.02,1.95,1.95,1.91,2425,1.8,3.6,4.75,1.8,3.85,4.74,1.85,3.8,5.0,2.1,1.88,2.09,1.88,1.91,3.25,4.2,1.92,3.49,4.48,2.0,3.45,4.7,2.38,1.71,2.0,1.99,,,,,,,,,,,,,,,,,,,,,,,,,,,,,,,,,,,,,,,,,,,,
E0,01/02/2025,15:00,Ipswich,Southampton,1,2,A,1,1,D,M Oliver,15,9,6,4,11,14,1,2,0,3,0,0,1.95,3.6,3.8,1.95,3.6,3.8,,,,2.0,3.71,3.78,1.95,3.75,3.6,,,,2.02,3.9,3.95,1.98,3.67,3.74,1.73,2.1,1.76,2.16,1.82,2.16,1.76,2.09,-0.5,2.0,1.9,2.01,1.9,2.02,1.91,1.97,1.87,1.9,3.6,3.9,1.9,3.6,4.0,,,,1.91,3.75,4.18,1.91,3.5,3.9,,,,2.1,3.8,4.2,1.92,3.64,4.01,1.73,2.1,1.76,2.16,1.89,2.17,1.78,2.08,-0.5,1.93,2.0,1.92,2.0,1.94,2.02,1.91,1.95,2425,2.0,3.5,3.9,2.0,3.9,3.73,2.06,3.7,4.0,1.8,2.2,2.06,1.92,1.91,3.5,3.9,1.92,3.7,4.18,1.96,3.8,4.3,1.82,2.2,1.96,2.03,,,,,,,,,,,,,,,,,,,,,,,,,,,,,,,,,,,,,,,,,,,,
E0,01/02/2025,15:00,Newcastle,Fulham,1,2,A,1,0,H,C Kavanagh,11,15,4,4,10,15,4,7,4,4,0,0,1.7,4.0,4.75,1.71,4.0,4.6,,,,1.71,4.14,4.74,1.73,4.0,4.4,,,,1.73,4.25,5.1,1.71,4.07,4.66,1.62,2.3,1.66,2.31,1.68,2.32,1.64,2.28,-0.75,1.91,1.99,1.91,2.0,1.93,2.0,1.87,1.95,1.7,3.9,4.75,1.73,3.9,4.6,,,,1.77,3.82,4.91,1.73,3.9,4.6,,,,1.78,4.0,5.12,1.73,3.88,4.83,1.67,2.2,1.71,2.24,1.71,2.36,1.67,2.24,-0.75,1.98,1.95,1.99,1.93,1.99,1.99,1.92,1.93,2425,1.73,3.9,4.75,1.73,4.23,4.73,1.78,4.0,5.0,1.7,2.4,1.98,1.98,1.7,3.75,4.75,1.72,3.99,5.06,1.78,4.0,5.2,1.73,2.34,1.98,2.01,,,,,,,,,,,,,,,,,,,,,,,,,,,,,,,,,,,,,,,,,,,,
E0,01/02/2025,17:30,Wolves,Aston Villa,2,0,H,1,0,H,A Madley,8,10,5,3,20,13,5,8,2,3,0,0,3.3,3.6,2.1,3.4,3.6,2.1,,,,3.43,3.56,2.17,3.3,3.6,2.1,,,,3.5,3.81,2.18,3.36,3.58,2.14,1.73,2.1,1.74,2.19,1.76,2.25,1.7,2.17,0.25,2.04,1.86,2.03,1.88,2.05,1.88,2.01,1.83,3.2,3.4,2.2,3.0,3.4,2.37,,,,3.32,3.48,2.28,3.0,3.3,2.38,,,,3.35,3.5,2.4,3.17,3.43,2.3,1.88,2.02,1.88,2.04,1.9,2.11,1.82,2.03,0.25,1.95,1.98,1.95,1.97,1.96,2.09,1.88,1.96,2425,3.3,3.6,2.15,3.43,3.81,2.12,3.55,3.75,2.18,1.75,2.28,2.06,1.92,3.3,3.4,2.25,3.34,3.49,2.27,3.2,3.55,2.42,1.86,2.16,1.9,2.09,,,,,,,,,,,,,,,,,,,,,,,,,,,,,,,,,,,,,,,,,,,,
E0,02/02/2025,14:00,Brentford,Tottenham,0,2,A,0,1,A,J Gillett,20,13,4,2,4,11,10,3,0,1,0,0,2.1,3.9,3.2,2.1,3.9,3.1,,,,2.12,3.88,3.11,2.1,4.0,3.0,,,,2.16,4.33,3.25,2.11,3.97,3.1,1.33,3.4,1.34,3.22,1.36,3.4,1.33,3.25,-0.25,1.87,2.03,1.87,1.98,1.87,2.05,1.83,1.99,1.91,4.0,3.5,1.98,4.1,3.3,,,,1.97,4.21,3.51,2.0,4.0,3.2,,,,2.09,4.38,3.52,2.0,4.12,3.34,1.29,3.75,1.38,3.18,1.37,3.8,1.3,3.55,-0.5,2.01,1.92,1.98,1.94,2.02,1.94,1.99,1.87,2425,2.1,3.9,3.1,2.12,4.33,3.1,2.18,4.2,3.25,1.38,3.5,1.92,2.07,1.95,3.9,3.3,2.07,4.38,3.34,2.06,4.2,3.5,1.33,3.95,2.06,1.93,,,,,,,,,,,,,,,,,,,,,,,,,,,,,,,,,,,,,,,,,,,,
E0,02/02/2025,14:00,Man United,Crystal Palace,0,2,A,0,0,D,J Brooks,17,11,2,3,12,13,11,0,3,1,0,0,2.0,3.5,3.8,2.05,3.5,3.6,,,,1.98,3.49,3.83,2.05,3.4,3.6,,,,2.08,3.59,3.85,2.04,3.48,3.71,1.87,2.03,1.84,2.0,1.88,2.04,1.83,1.99,-0.5,2.02,1.88,1.99,1.86,2.06,1.92,2.02,1.83,1.75,3.6,4.75,1.8,3.6,4.6,,,,1.78,3.73,4.97,1.8,3.5,4.6,,,,1.91,3.8,5.09,1.79,3.63,4.74,1.95,1.95,1.97,1.93,1.97,2.01,1.91,1.93,-0.75,2.04,1.89,2.03,1.9,2.08,1.91,2.01,1.85,2425,2.05,3.4,3.8,2.06,3.59,3.82,2.08,3.6,4.1,1.89,2.08,2.06,1.92,1.75,3.5,4.75,1.78,3.7,5.09,1.84,3.75,5.1,1.98,2.0,2.1,1.89,,,,,,,,,,,,,,,,,,,,,,,,,,,,,,,,,,,,,,,,,,,,
E0,02/02/2025,16:30,Arsenal,Man City,5,1,H,1,0,H,P Bankes,12,7,7,4,6,7,5,2,2,0,0,0,1.95,3.5,4.0,2.0,3.6,3.6,,,,1.93,3.63,3.85,2.0,3.5,3.75,,,,2.01,3.75,4.08,1.97,3.58,3.83,1.73,2.1,1.74,2.12,1.83,2.17,1.75,2.1,-0.5,1.99,1.91,1.94,1.91,2.02,1.91,1.96,1.88,1.9,3.8,3.8,1.87,3.9,3.8,,,,1.91,4.17,3.77,1.91,3.75,3.8,,,,2.07,4.17,4.05,1.91,3.93,3.81,1.57,2.38,1.6,2.44,1.76,2.44,1.62,2.34,-0.5,1.92,2.01,1.92,2.01,1.95,2.02,1.89,1.97,2425,2.0,3.5,3.9,2.01,3.65,3.94,2.02,3.65,4.1,1.77,2.24,2.02,1.94,1.85,3.9,3.75,1.95,3.85,3.87,1.95,4.2,3.95,1.68,2.46,1.94,2.05,,,,,,,,,,,,,,,,,,,,,,,,,,,,,,,,,,,,,,,,,,,,
E0,03/02/2025,20:00,Chelsea,West Ham,2,1,H,0,1,A,S Attwell,22,14,3,5,11,10,4,3,3,1,0,0,1.36,4.75,8.0,1.37,5.75,7.25,,,,1.36,5.92,7.51,1.36,5.0,7.0,,,,1.39,5.92,8.0,1.36,5.54,7.58,1.4,3.0,1.38,3.15,1.4,3.15,1.38,2.99,-1.5,1.97,1.93,1.96,1.94,2.0,1.95,1.95,1.9,1.27,6.0,9.5,1.29,6.25,9.25,,,,1.29,6.55,9.45,1.29,5.8,9.5,,,,1.33,6.6,10.0,1.29,6.25,9.4,1.33,3.4,1.34,3.34,1.35,3.58,1.33,3.31,-1.75,1.95,1.95,1.96,1.94,1.99,1.97,1.94,1.91,2425,1.33,5.5,7.5,1.39,5.65,7.8,1.39,6.0,8.6,1.43,2.94,1.88,2.0,1.25,6.5,9.5,1.3,6.28,9.94,1.32,6.8,10.0,1.38,3.55,2.04,1.95,,,,,,,,,,,,,,,,,,,,,,,,,,,,,,,,,,,,,,,,,,,,
E0,12/02/2025,19:30,Everton,Liverpool,2,2,D,1,1,D,M Oliver,10,6,3,4,9,20,2,3,2,2,1,1,7.5,4.5,1.44,,,,,,,7.36,4.73,1.45,7.0,4.6,1.44,,,,8.0,4.9,1.46,7.36,4.71,1.44,1.73,2.1,1.73,2.18,1.75,2.28,1.71,2.18,1.25,1.89,2.01,1.89,2.01,1.93,2.01,1.88,1.95,7.0,4.33,1.45,,,,,,,7.9,4.65,1.45,7.0,4.5,1.44,,,,7.9,4.7,1.48,7.49,4.55,1.46,1.8,2.0,1.83,2.05,1.87,2.17,1.8,2.05,1.25,1.84,2.06,1.87,2.07,1.89,2.09,1.84,2.02,2425,7.5,4.75,1.4,7.5,4.84,1.46,8.0,5.0,1.48,1.75,2.28,1.95,2.01,7.0,4.33,1.44,7.54,4.48,1.48,8.0,4.7,1.5,1.88,2.12,1.9,2.08,,,,,,,,,,,,,,,,,,,,,,,,,,,,,,,,,,,,,,,,,,,,
E0,14/02/2025,20:00,Brighton,Chelsea,3,0,H,2,0,H,K Kavanagh,13,8,5,0,12,15,2,9,1,2,0,0,2.7,3.6,2.45,,,,,,,2.92,3.65,2.43,2.8,3.6,2.38,,,,3.0,3.83,2.51,2.85,3.6,2.43,1.57,2.38,1.61,2.43,1.62,2.47,1.58,2.42,0.25,1.73,2.08,1.83,2.12,1.82,2.16,1.78,2.08,2.9,3.7,2.3,,,,,,,2.95,3.78,2.36,2.9,3.4,2.4,,,,3.11,3.8,2.43,2.93,3.66,2.36,1.57,2.38,1.6,2.46,1.64,2.55,1.59,2.43,0.25,1.86,2.04,1.87,2.07,1.91,2.12,1.83,2.03,2425,2.88,3.5,2.4,2.86,3.83,2.41,3.0,3.7,2.5,1.65,2.48,1.84,2.16,2.88,3.5,2.4,3.11,3.77,2.26,3.0,3.75,2.46,1.61,2.6,1.86,2.13,,,,,,,,,,,,,,,,,,,,,,,,,,,,,,,,,,,,,,,,,,,,
E0,15/02/2025,12:30,Leicester,Arsenal,0,2,A,0,0,D,S Barrott,6,11,2,5,9,10,3,7,2,1,0,0,8.5,5.0,1.33,,,,,,,9.47,5.42,1.34,9.5,5.0,1.33,,,,10.5,5.6,1.36,9.45,5.29,1.34,1.73,2.1,1.73,2.18,1.75,2.24,1.71,2.17,1.5,1.87,2.03,1.88,2.02,1.92,2.06,1.87,1.99,9.5,5.25,1.33,,,,,,,10.15,5.52,1.33,10.0,5.0,1.3,,,,11.0,5.7,1.35,10.1,5.41,1.32,1.73,2.1,1.74,2.2,1.76,2.25,1.72,2.17,1.5,1.91,2.02,1.91,2.02,1.95,2.02,1.9,1.97,2425,10.5,5.0,1.3,9.65,5.4,1.36,11.0,5.8,1.34,1.76,2.26,1.9,2.06,10.0,5.5,1.3,9.64,5.33,1.35,11.0,5.7,1.35,1.79,2.26,1.96,2.02,,,,,,,,,,,,,,,,,,,,,,,,,,,,,,,,,,,,,,,,,,,,
E0,15/02/2025,15:00,Aston Villa,Ipswich,1,1,D,0,0,D,R Jones,25,4,6,3,7,11,16,1,0,3,0,1,1.4,4.75,7.0,,,,,,,1.41,5.02,7.6,1.4,4.75,7.0,,,,1.43,5.2,8.2,1.41,4.96,7.45,1.57,2.38,1.58,2.49,1.62,2.49,1.58,2.41,-1.25,1.92,1.98,1.91,2.0,1.95,2.0,1.88,1.96,1.42,4.75,7.0,,,,,,,1.44,4.99,7.41,1.4,4.8,6.5,,,,1.46,5.1,8.0,1.43,4.94,7.18,1.57,2.38,1.56,2.53,1.57,2.66,1.53,2.55,-1.25,1.95,1.98,1.94,1.98,1.96,2.02,1.91,1.96,2425,1.4,5.0,7.5,1.43,5.14,7.6,1.45,5.2,8.2,1.63,2.5,1.93,2.02,1.36,4.75,7.0,1.46,4.92,7.02,1.45,5.2,8.2,1.59,2.66,1.96,2.02,,,,,,,,,,,,,,,,,,,,,,,,,,,,,,,,,,,,,,,,,,,,
E0,15/02/2025,15:00,Fulham,Nott'm Forest,2,1,H,1,1,D,T Bramall,24,8,10,2,13,8,8,4,0,0,0,0,2.2,3.4,3.3,,,,,,,2.23,3.38,3.47,2.2,3.3,3.3,,,,2.28,3.48,3.52,2.22,3.35,3.39,2.1,1.73,2.13,1.77,2.16,1.8,2.1,1.76,-0.25,1.92,1.98,1.92,1.99,1.95,2.02,1.89,1.95,2.1,3.4,3.5,,,,,,,2.12,3.55,3.63,2.1,3.4,3.5,,,,2.27,3.55,3.67,2.16,3.44,3.5,1.98,1.92,1.98,1.93,2.04,1.94,1.97,1.89,-0.25,1.85,2.08,1.84,2.1,1.95,2.1,1.86,2.01,2425,2.25,3.3,3.4,2.23,3.48,3.44,2.3,3.4,3.55,2.14,1.83,1.96,2.01,2.1,3.3,3.5,2.27,3.48,3.31,2.22,3.6,3.6,2.02,1.96,1.92,2.07,,,,,,,,,,,,,,,,,,,,,,,,,,,,,,,,,,,,,,,,,,,,
E0,15/02/2025,15:00,Man City,Newcastle,4,0,H,3,0,H,A Madley,11,3,7,1,5,13,7,4,0,1,0,0,1.95,4.2,3.3,,,,,,,1.99,4.09,3.49,1.95,4.0,3.4,,,,2.01,4.2,3.55,1.97,4.07,3.44,1.44,2.75,1.47,2.76,1.48,2.9,1.45,2.77,-0.5,1.99,1.91,1.99,1.91,2.01,1.95,1.96,1.88,2.05,3.9,3.2,,,,,,,2.09,4.07,3.29,2.05,4.0,3.1,,,,2.12,4.2,3.57,2.07,4.02,3.26,1.36,3.2,1.38,3.11,1.42,3.37,1.38,3.13,-0.25,1.85,2.08,1.85,2.09,1.86,2.14,1.82,2.05,2425,1.95,4.1,3.5,1.99,4.18,3.53,2.0,4.3,3.65,1.5,2.98,2.0,1.98,2.0,3.8,3.25,2.0,4.01,3.57,2.1,4.1,3.45,1.42,3.3,1.86,2.13,,,,,,,,,,,,,,,,,,,,,,,,,,,,,,,,,,,,,,,,,,,,
E0,15/02/2025,15:00,Southampton,Bournemouth,1,3,A,0,2,A,J Gillett,11,14,4,7,13,15,4,6,1,3,0,0,6.0,4.5,1.5,,,,,,,6.01,4.65,1.52,5.5,4.6,1.53,,,,6.2,4.9,1.55,5.83,4.64,1.52,1.5,2.63,1.51,2.65,1.52,2.72,1.49,2.62,1.0,2.06,1.84,2.09,1.83,2.09,1.88,2.03,1.82,6.25,4.5,1.48,,,,,,,6.32,4.79,1.51,5.8,4.75,1.44,,,,6.5,5.0,1.54,6.02,4.73,1.51,1.5,2.63,1.52,2.62,1.53,2.9,1.48,2.72,1.25,1.86,2.07,1.86,2.07,1.87,2.14,1.82,2.06,2425,5.5,4.6,1.53,5.96,4.9,1.53,6.2,4.8,1.56,1.54,2.76,2.12,1.88,5.5,4.6,1.47,6.14,4.61,1.54,6.2,5.0,1.55,1.53,2.84,1.86,2.12,,,,,,,,,,,,,,,,,,,,,,,,,,,,,,,,,,,,,,,,,,,,
E0,15/02/2025,15:00,West Ham,Brentford,0,1,A,0,1,A,D England,13,14,3,5,10,13,9,2,1,1,0,0,2.35,3.6,2.88,,,,,,,2.43,3.71,2.83,2.4,3.5,2.8,,,,2.49,3.77,2.9,2.41,3.64,2.82,1.62,2.3,1.61,2.4,1.65,2.45,1.6,2.37,0.0,1.73,2.08,1.81,2.11,1.83,2.14,1.78,2.08,2.35,3.6,2.88,,,,,,,2.4,3.71,2.93,2.3,3.5,2.9,,,,2.45,3.77,2.94,2.38,3.65,2.88,1.57,2.38,1.6,2.46,1.6,2.51,1.57,2.42,-0.25,2.09,1.84,2.1,1.84,2.11,1.85,2.06,1.81,2425,2.4,3.6,2.88,2.49,3.61,2.89,2.48,3.75,2.98,1.65,2.48,1.83,2.18,2.3,3.6,2.88,2.4,3.67,2.93,2.42,3.75,3.05,1.62,2.58,2.1,1.89,,,,,,,,,,,,,,,,,,,,,,,,,,,,,,,,,,,,,,,,,,,,
E0,15/02/2025,17:30,Crystal Palace,Everton,1,2,A,0,1,A,A Taylor,17,11,6,6,9,12,6,2,0,1,0,0,1.8,3.4,5.0,,,,,,,1.79,3.5,5.17,1.85,3.3,4.6,,,,1.87,3.57,5.3,1.81,3.45,4.94,2.2,1.67,2.27,1.68,2.29,1.71,2.23,1.67,-0.5,1.82,2.08,1.79,2.12,1.87,2.12,1.8,2.06,1.95,3.1,4.5,,,,,,,2.0,3.25,4.53,2.05,3.1,4.0,,,,2.09,3.33,4.7,2.02,3.18,4.36,2.63,1.5,2.62,1.53,2.63,1.63,2.5,1.56,-0.5,2.01,1.89,2.01,1.92,2.06,1.92,2.01,1.86,2425,1.83,3.4,4.75,1.84,3.54,4.99,1.87,3.6,5.2,2.36,1.71,1.87,2.13,2.0,3.0,4.2,2.09,3.17,4.22,2.1,3.25,4.5,2.6,1.61,2.09,1.91,,,,,,,,,,,,,,,,,,,,,,,,,,,,,,,,,,,,,,,,,,,,
E0,16/02/2025,14:00,Liverpool,Wolves,2,1,H,2,0,H,S Hooper,10,16,3,4,15,13,4,3,2,2,0,0,1.15,8.0,12.0,,,,,,,1.19,8.22,12.7,1.2,7.0,13.0,,,,1.21,8.5,15.0,1.19,7.85,12.84,1.36,3.2,1.37,3.13,1.41,3.3,1.37,3.12,-2.0,1.92,1.98,1.93,1.96,1.94,2.0,1.9,1.94,1.22,7.0,11.0,,,,,,,1.23,7.1,12.75,1.22,6.5,11.0,,,,1.25,7.4,13.0,1.23,6.99,11.94,1.44,2.75,1.43,2.87,1.47,3.0,1.43,2.88,-1.75,1.87,2.06,1.85,2.05,1.88,2.08,1.83,2.04,2425,1.18,8.0,13.0,1.21,7.85,14.2,1.21,8.8,15.5,1.4,3.3,1.92,2.01,1.2,6.5,11.0,1.24,7.2,11.8,1.26,7.2,14.0,1.47,3.1,1.9,2.1,,,,,,,,,,,,,,,,,,,,,,,,,,,,,,,,,,,,,,,,,,,,
E0,16/02/2025,16:30,Tottenham,Man United,1,0,H,1,0,H,P Bankes,22,16,7,6,13,9,10,5,1,2,0,0,2.45,3.75,2.62,,,,,,,2.46,3.84,2.73,2.45,3.7,2.62,,,,2.51,3.85,2.8,2.45,3.73,2.69,1.5,2.63,1.49,2.68,1.5,2.79,1.48,2.67,0.0,1.86,2.04,1.85,2.06,1.88,2.06,1.84,2.01,2.15,3.8,3.1,,,,,,,2.21,3.9,3.13,2.25,3.7,3.0,,,,2.25,4.0,3.16,2.2,3.85,3.08,1.5,2.63,1.52,2.64,1.57,2.85,1.49,2.67,-0.25,1.94,1.99,1.94,1.98,1.95,2.0,1.92,1.94,2425,2.45,3.7,2.7,2.5,3.83,2.74,2.48,3.9,2.86,1.54,2.8,1.84,2.13,2.15,3.7,3.0,2.19,3.87,3.16,2.24,4.0,3.25,1.53,2.86,1.96,2.03,,,,,,,,,,,,,,,,,,,,,,,,,,,,,,,,,,,,,,,,,,,,
E0,19/02/2025,19:30,Aston Villa,Liverpool,2,2,D,2,1,H,C Pawson,9,17,4,3,8,6,6,8,1,0,0,0,3.9,4.0,1.83,,,,,,,4.02,4.09,1.85,3.8,3.9,1.85,,,,4.1,4.17,1.9,3.93,4.0,1.85,1.57,2.38,1.58,2.48,1.59,2.52,1.56,2.45,0.5,2.05,1.85,2.06,1.85,2.06,1.88,2.01,1.84,3.75,4.0,1.85,,,,,,,3.97,4.04,1.88,3.75,3.9,1.85,,,,3.97,4.1,1.95,3.83,3.98,1.9,1.57,2.38,1.6,2.48,1.6,2.55,1.57,2.46,0.5,2.01,1.89,2.03,1.89,2.04,1.94,1.97,1.89,2425,3.9,3.9,1.87,4.01,4.17,1.86,4.1,4.1,1.92,1.6,2.58,2.09,1.9,3.8,3.9,1.91,3.95,4.06,1.88,4.0,4.1,1.94,1.64,2.54,2.04,1.95,,,,,,,,,,,,,,,,,,,,,,,,,,,,,,,,,,,,,,,,,,,,
E0,21/02/2025,20:00,Leicester,Brentford,0,4,A,0,3,A,T Harrington,8,14,3,6,10,10,5,6,4,0,0,0,3.6,3.8,1.91,,,,,,,3.79,3.87,1.97,3.6,3.8,1.95,,,,3.81,4.01,2.0,3.7,3.86,1.96,1.57,2.38,1.62,2.41,1.62,2.52,1.58,2.42,0.5,1.95,1.98,1.94,1.98,1.96,2.01,1.9,1.96,3.5,3.8,1.95,,,,,,,3.74,3.86,1.99,3.6,3.75,1.95,,,,3.9,3.91,2.02,3.66,3.84,1.98,1.57,2.38,1.63,2.4,1.63,2.51,1.59,2.42,0.5,1.94,1.99,1.93,2.0,1.97,2.0,1.9,1.97,2425,3.75,3.9,1.95,3.77,4.01,1.96,3.9,4.0,2.0,1.64,2.56,1.98,2.0,3.6,3.75,2.0,3.6,3.91,2.01,3.8,3.95,2.04,1.64,2.54,1.95,2.04,,,,,,,,,,,,,,,,,,,,,,,,,,,,,,,,,,,,,,,,,,,,
E0,22/02/2025,12:30,Everton,Man United,2,2,D,2,0,H,A Madley,9,9,8,3,12,9,7,9,4,1,0,0,2.5,3.2,2.9,,,,,,,2.58,3.23,2.98,2.6,3.1,2.88,,,,2.61,3.3,3.05,2.55,3.2,2.96,2.2,1.67,2.23,1.71,2.24,1.74,2.19,1.7,0.0,1.8,2.1,1.82,2.11,1.84,2.17,1.79,2.07,2.63,3.0,2.88,,,,,,,2.67,3.15,2.97,2.62,3.1,2.8,,,,2.86,3.23,3.0,2.65,3.13,2.92,2.2,1.67,2.29,1.68,2.34,1.74,2.25,1.68,0.0,1.85,2.08,1.86,2.07,1.91,2.08,1.85,2.03,2425,2.55,3.1,3.0,2.61,3.28,2.96,2.68,3.25,3.05,2.28,1.76,1.87,2.13,2.63,3.1,2.88,2.86,3.09,2.79,2.7,3.25,3.05,2.34,1.73,1.87,2.13,,,,,,,,,,,,,,,,,,,,,,,,,,,,,,,,,,,,,,,,,,,,
E0,22/02/2025,15:00,Arsenal,West Ham,0,1,A,0,1,A,C Pawson,20,5,2,2,16,15,2,0,1,3,1,0,1.27,6.0,10.0,,,,,,,1.25,6.42,11.04,1.25,5.5,12.0,,,,1.27,6.7,13.0,1.25,6.2,11.63,1.67,2.2,1.69,2.23,1.8,2.29,1.68,2.22,-1.75,2.05,1.85,2.05,1.85,2.12,1.9,2.01,1.83,1.27,5.75,11.0,,,,,,,1.29,5.82,12.73,1.3,5.0,11.0,,,,1.32,6.0,13.0,1.29,5.63,11.79,1.84,2.06,1.85,2.07,1.87,2.11,1.81,2.05,-1.5,1.89,2.04,1.94,1.98,1.97,2.06,1.88,1.98,2425,1.25,6.0,12.0,1.27,6.11,12.9,1.28,6.6,13.0,1.74,2.28,2.13,1.84,1.25,5.5,13.0,1.29,5.87,11.7,1.32,5.9,13.0,1.88,2.12,1.91,2.06,,,,,,,,,,,,,,,,,,,,,,,,,,,,,,,,,,,,,,,,,,,,
E0,22/02/2025,15:00,Bournemouth,Wolves,0,1,A,0,1,A,M Salisbury,8,13,3,5,17,9,6,7,3,3,1,0,1.53,4.5,5.5,,,,,,,1.57,4.52,5.58,1.57,4.4,5.0,,,,1.6,4.6,5.8,1.56,4.45,5.5,1.57,2.38,1.61,2.41,1.62,2.45,1.59,2.39,-1.0,1.92,1.98,1.94,1.96,2.0,1.99,1.92,1.93,1.62,4.1,5.0,,,,,,,1.66,4.21,5.27,1.65,4.0,5.0,,,,1.68,4.33,5.6,1.64,4.18,5.22,1.67,2.2,1.71,2.24,1.72,2.36,1.67,2.26,-0.75,1.84,2.09,1.84,2.1,1.87,2.13,1.8,2.07,2425,1.57,4.33,5.5,1.59,4.59,5.6,1.61,4.5,6.0,1.63,2.54,1.97,1.99,1.62,4.2,5.0,1.65,4.23,5.37,1.68,4.3,5.6,1.74,2.34,1.84,2.16,,,,,,,,,,,,,,,,,,,,,,,,,,,,,,,,,,,,,,,,,,,,
E0,22/02/2025,15:00,Fulham,Crystal Palace,0,2,A,0,1,A,R Jones,10,10,0,5,10,7,7,7,1,3,0,0,2.05,3.4,3.7,,,,,,,2.04,3.52,3.84,2.05,3.4,3.7,,,,2.08,3.61,3.89,2.05,3.48,3.74,2.02,1.88,2.0,1.89,2.02,1.9,1.98,1.87,-0.5,2.06,1.84,2.05,1.86,2.08,1.87,2.03,1.82,2.1,3.4,3.6,,,,,,,2.1,3.49,3.77,2.05,3.4,3.7,,,,2.12,3.57,3.9,2.08,3.46,3.72,1.98,1.92,2.0,1.9,2.0,1.96,1.97,1.89,-0.25,1.86,2.07,1.81,2.12,1.86,2.13,1.79,2.1,2425,2.05,3.4,3.75,2.07,3.61,3.77,2.12,3.55,3.9,2.04,1.92,2.12,1.87,2.1,3.4,3.7,2.09,3.46,3.81,2.16,3.55,3.85,2.02,1.97,1.85,2.15,,,,,,,,,,,,,,,,,,,,,,,,,,,,,,,,,,,,,,,,,,,,
E0,22/02/2025,15:00,Ipswich,Tottenham,1,4,A,1,2,A,T Robinson,17,10,5,6,15,14,4,4,2,1,0,0,4.1,3.6,1.9,,,,,,,3.92,3.96,1.89,3.75,3.8,1.91,,,,4.1,4.05,1.93,3.87,3.89,1.89,1.53,2.5,1.53,2.58,1.54,2.66,1.52,2.56,0.5,2.0,1.9,2.0,1.9,2.02,1.92,1.96,1.89,3.3,3.75,2.05,,,,,,,3.42,3.85,2.1,3.3,3.6,2.05,,,,3.7,3.93,2.16,3.38,3.8,2.07,1.5,2.63,1.51,2.66,1.54,2.77,1.5,2.64,0.5,1.75,2.05,1.82,2.09,1.91,2.13,1.8,2.07,2425,3.9,3.9,1.87,4.0,4.0,1.9,4.2,4.0,1.93,1.55,2.68,2.06,1.93,3.4,3.75,2.05,3.63,3.9,2.01,3.6,3.85,2.14,1.55,2.78,1.88,2.12,,,,,,,,,,,,,,,,,,,,,,,,,,,,,,,,,,,,,,,,,,,,
E0,22/02/2025,15:00,Southampton,Brighton,0,4,A,0,1,A,D Bond,6,18,1,12,11,12,5,6,2,0,0,0,6.0,4.1,1.55,,,,,,,5.56,4.53,1.57,5.0,4.2,1.57,,,,6.0,4.6,1.61,5.52,4.38,1.57,1.57,2.38,1.59,2.46,1.62,2.5,1.58,2.42,1.0,1.97,1.93,1.97,1.93,1.99,1.98,1.91,1.93,5.25,4.33,1.53,,,,,,,5.83,4.51,1.57,5.5,4.4,1.57,,,,6.0,4.66,1.58,5.7,4.5,1.56,1.53,2.5,1.52,2.62,1.56,2.69,1.52,2.59,1.0,2.02,1.91,2.01,1.92,2.06,1.93,1.98,1.89,2425,5.5,4.33,1.55,5.44,4.53,1.61,6.2,4.6,1.6,1.61,2.54,1.99,1.96,5.5,4.33,1.57,5.92,4.48,1.57,6.0,4.6,1.6,1.56,2.76,2.03,1.94,,,,,,,,,,,,,,,,,,,,,,,,,,,,,,,,,,,,,,,,,,,,
E0,22/02/2025,17:30,Aston Villa,Chelsea,2,1,H,0,1,A,M Oliver,12,15,6,7,15,16,2,3,1,3,0,0,2.63,3.4,2.6,,,,,,,2.62,3.78,2.58,2.62,3.6,2.5,,,,2.67,3.84,2.63,2.62,3.7,2.56,1.57,2.38,1.58,2.49,1.58,2.55,1.56,2.45,0.0,1.98,1.92,1.97,1.93,2.0,1.95,1.95,1.89,2.6,3.3,2.63,,,,,,,2.68,3.61,2.65,2.62,3.5,2.5,,,,2.7,3.67,2.72,2.62,3.53,2.65,1.62,2.3,1.63,2.38,1.65,2.44,1.62,2.36,0.0,1.95,1.98,1.97,1.95,1.97,1.99,1.93,1.95,2425,2.63,3.6,2.63,2.67,3.77,2.59,2.7,3.8,2.7,1.61,2.54,1.98,2.0,2.55,3.5,2.6,2.7,3.42,2.72,2.7,3.7,2.74,1.65,2.5,1.98,2.0,,,,,,,,,,,,,,,,,,,,,,,,,,,,,,,,,,,,,,,,,,,,
E0,23/02/2025,14:00,Newcastle,Nott'm Forest,4,3,H,4,1,H,J Gillett,13,17,5,5,11,13,7,6,1,4,0,0,1.8,3.8,4.2,,,,,,,1.84,4.03,4.1,1.8,3.9,4.0,,,,1.85,4.12,4.5,1.81,3.96,4.11,1.67,2.2,1.68,2.27,1.7,2.33,1.66,2.25,-0.75,2.06,1.84,2.08,1.82,2.08,1.87,2.03,1.81,1.9,3.8,3.75,,,,,,,1.92,3.88,4.01,1.91,3.8,3.6,,,,1.95,3.95,4.09,1.91,3.84,3.89,1.57,2.38,1.61,2.43,1.62,2.53,1.59,2.42,-0.5,1.92,1.98,1.93,2.0,1.94,2.0,1.9,1.96,2425,1.8,3.9,4.33,1.83,4.12,4.22,1.86,4.0,4.4,1.71,2.32,2.11,1.87,1.85,3.75,3.9,1.94,3.89,3.84,1.95,4.0,4.1,1.66,2.5,1.95,2.04,,,,,,,,,,,,,,,,,,,,,,,,,,,,,,,,,,,,,,,,,,,,
E0,23/02/2025,16:30,Man City,Liverpool,0,2,A,0,2,A,A Taylor,16,8,5,4,3,10,7,5,0,0,0,0,2.88,3.8,2.25,,,,,,,2.95,3.97,2.26,2.88,3.75,2.3,,,,3.0,3.97,2.3,2.9,3.86,2.26,1.4,3.0,1.44,2.87,1.44,3.02,1.41,2.89,0.25,1.9,2.0,1.91,1.99,1.91,2.02,1.87,1.97,3.0,3.8,2.2,,,,,,,3.24,3.87,2.21,3.2,3.7,2.15,,,,3.31,3.92,2.25,3.14,3.82,2.19,1.5,2.63,1.53,2.61,1.58,2.79,1.52,2.6,0.25,1.97,1.93,1.98,1.94,2.02,1.98,1.95,1.91,2425,2.9,3.9,2.2,3.0,3.97,2.27,3.0,4.1,2.32,1.44,3.1,1.95,2.04,3.0,3.75,2.15,3.22,3.87,2.17,3.2,4.0,2.26,1.58,2.7,2.02,1.98,,,,,,,,,,,,,,,,,,,,,,,,,,,,,,,,,,,,,,,,,,,,
E0,25/02/2025,19:30,Brighton,Bournemouth,2,1,H,1,0,H,M Oliver,11,19,4,5,12,14,1,9,2,1,0,0,2.0,3.8,3.3,,,,,,,2.06,3.84,3.53,2.05,3.75,3.3,,,,2.11,3.96,3.58,2.06,3.81,3.43,1.62,2.3,1.65,2.35,1.66,2.42,1.62,2.35,-0.25,1.78,2.03,1.8,2.13,1.85,2.13,1.8,2.06,1.95,3.8,3.6,,,,,,,2.01,3.92,3.63,1.95,3.7,3.6,,,,2.01,3.99,3.8,1.98,3.87,3.64,1.57,2.38,1.6,2.48,1.61,2.51,1.58,2.45,-0.5,2.02,1.91,2.02,1.91,2.02,1.94,1.97,1.89,2425,2.05,3.75,3.4,2.05,3.96,3.51,2.14,3.95,3.5,1.67,2.46,1.87,2.13,1.95,3.9,3.7,1.99,3.88,3.68,2.02,4.0,3.85,1.63,2.58,2.03,1.96,,,,,,,,,,,,,,,,,,,,,,,,,,,,,,,,,,,,,,,,,,,,
E0,25/02/2025,19:30,Crystal Palace,Aston Villa,4,1,H,1,0,H,S Barrott,19,6,6,2,19,10,3,8,3,1,0,0,2.45,3.4,2.8,,,,,,,2.57,3.42,2.89,2.5,3.25,2.8,,,,2.61,3.45,2.91,2.55,3.38,2.83,1.9,2.0,1.93,1.97,1.94,2.02,1.9,1.95,0.0,1.84,2.09,1.85,2.08,1.87,2.09,1.84,2.03,2.2,3.5,3.1,,,,,,,2.27,3.55,3.26,2.25,3.4,3.1,,,,2.35,3.61,3.33,2.26,3.52,3.19,1.73,2.1,1.77,2.13,1.84,2.21,1.76,2.11,-0.25,1.99,1.94,1.97,1.95,2.0,1.97,1.95,1.92,2425,2.55,3.4,2.8,2.61,3.4,2.87,2.64,3.5,2.94,1.94,2.04,1.89,2.1,2.3,3.4,3.2,2.35,3.61,3.05,2.28,3.6,3.45,1.83,2.18,1.97,2.01,,,,,,,,,,,,,,,,,,,,,,,,,,,,,,,,,,,,,,,,,,,,
E0,25/02/2025,19:30,Wolves,Fulham,1,2,A,1,1,D,P Bankes,18,11,5,5,8,15,7,5,1,3,0,0,2.63,3.3,2.63,,,,,,,2.74,3.36,2.74,2.7,3.3,2.62,,,,2.75,3.45,2.75,2.71,3.34,2.69,2.05,1.85,2.07,1.85,2.07,1.88,2.01,1.84,0.0,1.95,1.98,1.96,1.96,1.98,1.98,1.94,1.93,2.35,3.3,2.9,,,,,,,2.42,3.31,3.2,2.4,3.2,3.0,,,,2.53,3.44,3.21,2.42,3.28,3.1,2.1,1.73,2.19,1.75,2.2,1.83,2.13,1.75,-0.25,2.07,1.86,2.08,1.86,2.1,1.88,2.05,1.82,2425,2.7,3.4,2.63,2.75,3.4,2.72,2.8,3.45,2.78,2.1,1.89,2.0,1.99,2.45,3.3,3.0,2.53,3.44,2.9,2.5,3.4,3.25,2.2,1.81,2.13,1.87,,,,,,,,,,,,,,,,,,,,,,,,,,,,,,,,,,,,,,,,,,,,
E0,25/02/2025,20:15,Chelsea,Southampton,4,0,H,3,0,H,T Bramall,19,7,10,2,6,9,4,2,1,2,0,0,1.17,8.0,13.0,,,,,,,1.17,8.97,14.66,1.17,8.0,15.0,,,,1.19,9.4,16.5,1.17,8.55,14.69,1.29,3.75,1.31,3.38,1.3,3.9,1.28,3.72,-2.25,2.0,1.93,1.95,1.95,2.01,1.96,1.95,1.9,1.17,8.0,15.0,,,,,,,1.18,8.25,16.0,1.18,7.5,15.0,,,,1.19,9.4,18.0,1.17,8.31,16.08,1.29,3.75,1.31,3.38,1.31,4.0,1.29,3.7,-2.25,1.96,1.97,1.94,1.96,1.99,2.04,1.93,1.93,2425,1.15,9.0,15.0,1.17,8.9,16.5,1.19,9.6,17.5,1.32,4.0,1.99,1.96,1.15,8.5,18.0,1.19,8.24,14.9,1.19,9.2,18.0,1.33,3.95,1.99,2.0,,,,,,,,,,,,,,,,,,,,,,,,,,,,,,,,,,,,,,,,,,,,
E0,26/02/2025,19:30,Brentford,Everton,1,1,D,1,0,H,S Hooper,12,14,3,4,3,6,2,5,2,1,0,0,2.0,3.7,3.5,,,,,,,2.03,3.75,3.64,2.0,3.5,3.6,,,,2.06,3.82,3.67,2.02,3.68,3.59,1.87,2.03,1.85,2.04,1.89,2.04,1.85,1.99,-0.5,2.04,1.86,2.04,1.87,2.05,1.87,2.01,1.83,1.95,3.6,3.5,,,,,,,2.03,3.68,3.8,2.1,3.5,3.3,,,,2.15,3.7,3.8,2.08,3.6,3.54,1.8,2.0,1.81,2.1,1.86,2.12,1.79,2.07,-0.5,2.05,1.88,2.04,1.89,2.13,1.89,2.07,1.81,2425,2.05,3.6,3.6,2.06,3.75,3.67,2.1,3.8,3.75,1.88,2.08,2.1,1.88,2.1,3.5,3.5,2.14,3.65,3.45,2.14,3.7,3.75,1.86,2.14,2.1,1.9,,,,,,,,,,,,,,,,,,,,,,,,,,,,,,,,,,,,,,,,,,,,
E0,26/02/2025,19:30,Man United,Ipswich,3,2,H,2,2,D,D England,10,12,6,3,9,16,5,6,4,4,1,0,1.53,4.33,6.0,,,,,,,1.53,4.69,5.8,1.53,4.4,5.5,,,,1.56,4.75,6.5,1.52,4.55,5.83,1.67,2.2,1.65,2.33,1.69,2.34,1.64,2.29,-1.0,1.88,2.02,1.88,2.03,1.89,2.05,1.85,2.0,1.48,4.5,6.25,,,,,,,1.52,4.52,6.65,1.53,4.33,5.8,,,,1.56,4.75,6.86,1.51,4.5,6.35,1.67,2.2,1.67,2.31,1.69,2.38,1.64,2.28,-1.0,1.83,2.1,1.87,2.1,1.9,2.12,1.83,2.05,2425,1.5,4.5,6.0,1.56,4.74,5.76,1.56,4.8,6.6,1.69,2.4,1.9,2.07,1.5,4.5,6.5,1.54,4.47,6.45,1.55,4.7,7.0,1.72,2.38,1.88,2.12,,,,,,,,,,,,,,,,,,,,,,,,,,,,,,,,,,,,,,,,,,,,
E0,26/02/2025,19:30,Nott'm Forest,Arsenal,0,0,D,0,0,D,A Madley,6,13,2,1,10,17,3,11,1,1,0,0,3.9,3.6,1.95,,,,,,,4.02,3.51,1.99,3.9,3.4,1.95,,,,4.1,3.6,2.02,3.94,3.48,1.98,2.2,1.67,2.23,1.7,2.24,1.75,2.17,1.71,0.5,1.9,2.0,1.9,2.0,1.91,2.01,1.87,1.98,4.2,3.4,1.91,,,,,,,4.37,3.45,1.96,4.0,3.4,1.95,,,,4.38,3.55,1.98,4.23,3.45,1.94,2.2,1.67,2.3,1.68,2.32,1.78,2.2,1.7,0.5,1.95,1.98,1.95,1.97,1.98,1.98,1.92,1.94,2425,3.9,3.4,2.0,4.04,3.57,2.01,4.1,3.65,2.06,2.24,1.78,1.93,2.06,4.2,3.5,1.91,4.35,3.46,1.95,4.5,3.55,1.99,2.34,1.73,2.0,1.99,,,,,,,,,,,,,,,,,,,,,,,,,,,,,,,,,,,,,,,,,,,,
E0,26/02/2025,19:30,Tottenham,Man City,0,1,A,0,1,A,J Gillett,11,12,6,5,12,15,8,3,3,0,0,0,3.25,4.0,2.0,,,,,,,3.23,4.15,2.07,3.2,4.0,2.0,,,,3.35,4.25,2.1,3.22,4.09,2.04,1.36,3.2,1.36,3.24,1.37,3.4,1.34,3.29,0.5,1.84,2.06,1.84,2.08,1.87,2.08,1.82,2.04,3.8,4.2,1.8,,,,,,,3.96,4.19,1.85,3.8,4.0,1.85,,,,4.1,4.5,1.85,3.88,4.29,1.82,1.33,3.4,1.35,3.33,1.37,3.43,1.34,3.32,0.5,2.03,1.78,2.07,1.86,2.11,1.86,2.04,1.82,2425,3.3,4.0,2.05,3.3,4.18,2.07,3.45,4.2,2.1,1.39,3.45,1.89,2.1,3.9,4.33,1.8,4.1,4.3,1.8,4.1,4.4,1.89,1.39,3.5,2.12,1.89,,,,,,,,,,,,,,,,,,,,,,,,,,,,,,,,,,,,,,,,,,,,
E0,26/02/2025,20:15,Liverpool,Newcastle,2,0,H,1,0,H,C Kavanagh,12,3,3,0,12,11,4,2,0,1,0,0,1.5,4.5,5.75,,,,,,,1.53,4.86,5.67,1.53,4.6,5.5,,,,1.54,5.0,6.1,1.52,4.77,5.64,1.44,2.75,1.47,2.77,1.48,2.95,1.44,2.79,-1.0,1.75,2.05,1.84,2.08,1.84,2.13,1.81,2.05,1.36,5.25,7.5,,,,,,,1.37,5.65,8.0,1.36,5.0,7.5,,,,1.41,5.7,8.5,1.37,5.47,7.71,1.4,3.0,1.43,2.97,1.47,3.16,1.42,2.94,-1.5,2.02,1.91,2.02,1.9,2.04,1.95,1.98,1.88,2425,1.5,4.75,5.5,1.54,4.89,5.85,1.54,5.2,6.2,1.49,2.98,1.83,2.14,1.36,5.0,8.0,1.4,5.38,7.69,1.4,5.7,8.8,1.47,3.05,2.06,1.92,,,,,,,,,,,,,,,,,,,,,,,,,,,,,,,,,,,,,,,,,,,,
E0,27/02/2025,20:00,West Ham,Leicester,2,0,H,2,0,H,S Attwell,8,10,2,2,12,6,3,3,0,0,0,0,1.62,4.2,5.0,,,,,,,1.63,4.21,5.34,1.62,4.0,5.0,,,,1.65,4.33,5.4,1.63,4.15,5.17,1.73,2.1,1.74,2.18,1.76,2.21,1.71,2.17,-1.0,2.08,1.82,2.1,1.83,2.11,1.83,2.07,1.79,1.75,3.7,4.5,,,,,,,1.79,3.79,4.83,1.75,3.8,4.5,,,,1.84,3.95,5.15,1.77,3.77,4.77,1.95,1.95,1.96,1.94,1.97,2.03,1.91,1.95,-0.75,2.05,1.88,2.03,1.89,2.07,2.0,1.98,1.89,2425,1.62,4.2,5.0,1.64,4.33,5.4,1.67,4.4,5.5,1.75,2.28,2.11,1.84,1.75,3.75,4.6,1.78,3.82,4.84,1.83,3.9,4.9,1.99,2.0,2.07,1.91,,,,,,,,,,,,,,,,,,,,,,,,,,,,,,,,,,,,,,,,,,,,
E0,08/03/2025,12:30,Nott'm Forest,Man City,1,0,H,0,0,D,C Kavanagh,9,14,4,3,9,7,3,2,3,2,0,0,4.0,3.75,1.85,,,,,,,3.93,3.95,1.89,3.8,3.75,1.91,,,,4.02,4.02,1.92,3.88,3.89,1.89,1.57,2.38,1.6,2.44,1.6,2.5,1.57,2.42,0.5,2.0,1.9,2.0,1.91,2.03,1.91,1.96,1.89,3.8,3.8,1.91,,,,,,,3.91,3.87,1.94,3.6,3.7,1.95,,,,4.12,3.9,2.02,3.8,3.79,1.95,1.57,2.38,1.61,2.43,1.67,2.51,1.6,2.4,0.5,1.96,1.97,1.97,1.95,1.97,1.99,1.91,1.94,2425,3.9,3.8,1.91,4.02,4.02,1.9,4.1,4.0,1.94,1.6,2.6,2.05,1.94,3.75,3.7,1.91,4.12,3.87,1.89,4.0,3.95,2.0,1.64,2.54,1.99,2.0,,,,,,,,,,,,,,,,,,,,,,,,,,,,,,,,,,,,,,,,,,,,
E0,08/03/2025,15:00,Brighton,Fulham,2,1,H,1,1,D,S Barrott,9,6,4,1,6,12,3,7,0,2,0,0,1.95,3.6,3.75,,,,,,,2.0,3.64,3.86,2.0,3.5,3.75,,,,2.04,3.75,3.98,1.99,3.62,3.77,1.73,2.1,1.76,2.15,1.78,2.17,1.75,2.11,-0.5,1.99,1.91,2.0,1.9,2.02,1.91,1.98,1.86,1.95,3.6,3.75,,,,,,,2.01,3.55,4.0,2.0,3.4,3.7,,,,2.06,3.65,4.01,2.01,3.55,3.85,1.87,2.03,1.9,2.01,1.9,2.1,1.84,2.01,-0.5,2.02,1.91,2.02,1.91,2.05,1.92,2.0,1.86,2425,2.0,3.5,3.9,2.03,3.69,3.82,2.06,3.7,3.95,1.8,2.2,2.06,1.92,2.0,3.5,3.9,2.04,3.57,3.83,2.04,3.7,4.1,1.89,2.1,2.05,1.94,,,,,,,,,,,,,,,,,,,,,,,,,,,,,,,,,,,,,,,,,,,,
E0,08/03/2025,15:00,Crystal Palace,Ipswich,1,0,H,0,0,D,S Hooper,19,15,4,8,8,7,5,4,4,3,0,0,1.45,4.75,6.25,,,,,,,1.5,4.56,6.67,1.44,4.4,6.5,,,,1.5,4.75,7.2,1.48,4.55,6.74,1.73,2.1,1.79,2.1,1.79,2.16,1.75,2.07,-1.25,2.08,1.82,2.09,1.83,2.09,1.83,2.06,1.8,1.53,4.1,6.25,,,,,,,1.57,4.21,6.39,1.55,4.0,6.0,,,,1.6,4.4,6.63,1.55,4.2,6.26,1.88,2.02,1.88,2.04,1.89,2.1,1.84,2.02,-1.0,1.98,1.95,1.94,1.98,1.98,2.0,1.92,1.94,2425,1.47,4.5,7.0,1.5,4.64,7.03,1.52,4.7,7.4,1.83,2.18,2.1,1.86,1.55,4.1,6.0,1.56,4.31,6.41,1.59,4.3,6.8,1.92,2.08,1.97,2.01,,,,,,,,,,,,,,,,,,,,,,,,,,,,,,,,,,,,,,,,,,,,
E0,08/03/2025,15:00,Liverpool,Southampton,3,1,H,0,1,A,L Smith,28,6,7,4,10,9,6,4,2,1,0,0,1.1,9.0,19.0,,,,,,,1.12,10.6,18.75,1.12,9.5,17.0,,,,1.14,11.3,25.0,1.12,9.97,19.5,1.29,3.75,,,1.32,4.1,1.27,3.77,-2.5,1.95,1.95,1.96,1.93,2.05,1.99,1.95,1.89,1.1,10.0,21.0,,,,,,,1.11,11.5,26.0,1.11,11.0,21.0,,,,1.12,12.0,32.0,1.11,10.91,23.99,1.25,4.0,,,1.3,4.1,1.26,3.88,-2.75,2.0,1.8,2.04,1.83,2.1,1.87,2.04,1.81,2425,1.13,10.5,18.0,1.12,11.3,21.0,1.15,11.0,22.0,1.29,4.2,1.98,1.96,1.1,12.0,23.0,1.12,10.9,22.0,1.12,13.0,29.0,1.31,4.2,2.12,1.87,,,,,,,,,,,,,,,,,,,,,,,,,,,,,,,,,,,,,,,,,,,,
E0,08/03/2025,17:30,Brentford,Aston Villa,0,1,A,0,0,D,J Gillett,13,12,3,4,10,5,6,5,2,2,0,0,2.2,3.8,2.9,,,,,,,2.27,3.82,3.01,2.25,3.8,2.9,,,,2.29,3.99,3.08,2.26,3.8,2.95,1.53,2.5,1.54,2.59,1.54,2.66,1.52,2.54,-0.25,1.99,1.91,2.0,1.91,2.0,1.93,1.96,1.88,2.15,3.8,3.1,,,,,,,2.15,3.96,3.21,2.15,3.75,3.1,,,,2.27,4.0,3.31,2.16,3.88,3.15,1.44,2.75,1.47,2.81,1.52,2.92,1.46,2.76,-0.5,2.08,1.73,2.15,1.79,2.21,1.8,2.13,1.75,2425,2.25,3.8,3.0,2.27,3.99,2.99,2.34,3.95,3.05,1.55,2.74,2.04,1.94,2.1,3.9,3.2,2.27,3.87,3.01,2.2,4.0,3.25,1.49,3.0,2.21,1.81,,,,,,,,,,,,,,,,,,,,,,,,,,,,,,,,,,,,,,,,,,,,
E0,08/03/2025,20:00,Wolves,Everton,1,1,D,1,1,D,S Attwell,11,12,3,4,11,16,5,5,2,2,0,0,2.6,3.1,2.88,,,,,,,2.68,3.15,2.92,2.6,3.1,2.8,,,,2.71,3.31,2.95,2.63,3.14,2.87,2.3,1.62,2.34,1.65,2.34,1.69,2.27,1.64,0.0,1.86,2.04,1.87,2.04,1.87,2.06,1.83,2.0,2.8,3.0,2.8,,,,,,,2.88,3.0,2.88,2.88,2.9,2.75,,,,2.91,3.05,2.9,2.84,2.98,2.84,2.5,1.53,2.59,1.54,2.63,1.59,2.52,1.54,0.0,1.98,1.95,1.96,1.96,2.0,1.96,1.94,1.93,2425,2.7,3.1,2.88,2.66,3.31,2.87,2.8,3.2,2.98,2.34,1.73,1.93,2.05,2.8,2.9,2.88,2.85,3.05,2.85,2.94,3.1,2.94,2.66,1.59,1.99,2.0,,,,,,,,,,,,,,,,,,,,,,,,,,,,,,,,,,,,,,,,,,,,
E0,09/03/2025,14:00,Chelsea,Leicester,1,0,H,0,0,D,T Robinson,20,3,7,3,12,13,12,2,1,0,0,0,1.18,8.0,12.0,,,,,,,1.2,8.05,11.42,1.2,7.0,13.0,,,,1.22,8.4,15.5,1.2,7.67,12.34,1.33,3.2,1.34,3.3,1.38,3.35,1.35,3.22,-2.0,1.95,1.95,1.94,1.94,1.96,1.97,1.92,1.91,1.22,7.0,10.0,,,,,,,1.24,6.85,13.0,1.2,6.5,13.0,,,,1.25,7.43,14.4,1.23,6.96,12.22,1.44,2.75,1.44,2.88,1.46,3.0,1.43,2.86,-1.75,1.85,2.08,1.85,2.06,1.85,2.13,1.81,2.05,2425,1.2,7.5,13.0,1.2,7.65,15.5,1.22,8.8,14.0,1.38,3.45,1.99,1.97,1.2,6.5,11.0,1.22,7.43,14.4,1.26,7.0,14.5,1.48,3.05,1.88,2.12,,,,,,,,,,,,,,,,,,,,,,,,,,,,,,,,,,,,,,,,,,,,
E0,09/03/2025,14:00,Tottenham,Bournemouth,2,2,D,0,1,A,J Brooks,12,17,4,8,15,16,3,6,3,3,0,0,2.7,3.9,2.35,,,,,,,2.73,3.95,2.42,2.62,3.8,2.4,,,,2.79,3.98,2.45,2.71,3.88,2.4,1.37,3.0,1.4,3.05,1.4,3.22,1.39,3.02,0.0,2.08,1.82,2.08,1.84,2.08,1.84,2.04,1.81,2.8,3.75,2.35,,,,,,,2.86,3.83,2.4,2.8,3.6,2.4,,,,2.89,3.88,2.5,2.8,3.75,2.4,1.5,2.63,1.51,2.67,1.51,2.88,1.48,2.7,0.25,1.84,2.09,1.83,2.11,1.84,2.12,1.79,2.05,2425,2.75,3.9,2.38,2.79,3.89,2.44,2.84,4.0,2.46,1.44,3.1,2.14,1.85,2.75,3.6,2.3,2.89,3.79,2.4,2.92,3.9,2.46,1.52,2.84,1.86,2.14,,,,,,,,,,,,,,,,,,,,,,,,,,,,,,,,,,,,,,,,,,,,
E0,09/03/2025,16:30,Man United,Arsenal,1,1,D,1,0,H,A Taylor,10,17,6,6,8,11,2,9,0,1,0,0,5.75,3.5,1.7,,,,,,,5.61,3.65,1.71,5.0,3.5,1.73,,,,6.0,3.81,1.75,5.41,3.58,1.72,2.15,1.62,2.21,1.72,2.24,1.74,2.18,1.7,0.75,1.95,1.95,1.96,1.94,1.98,1.95,1.91,1.92,5.0,3.6,1.75,,,,,,,5.05,3.72,1.78,4.8,3.4,1.8,,,,5.6,3.72,1.82,5.1,3.55,1.78,2.0,1.8,2.09,1.81,2.19,1.9,2.09,1.77,0.75,1.9,2.03,1.9,2.02,1.9,2.1,1.85,2.02,2425,5.5,3.6,1.7,5.39,3.81,1.73,6.0,3.7,1.76,2.3,1.76,2.0,1.98,5.0,3.5,1.75,5.09,3.66,1.78,5.3,3.75,1.81,2.12,1.87,1.94,2.05,,,,,,,,,,,,,,,,,,,,,,,,,,,,,,,,,,,,,,,,,,,,
E0,10/03/2025,20:00,West Ham,Newcastle,0,1,A,0,0,D,M Salisbury,9,9,2,3,7,15,3,4,0,1,0,0,3.25,3.4,2.2,,,,,,,3.3,3.62,2.2,3.1,3.6,2.2,,,,3.34,3.83,2.23,3.21,3.57,2.19,1.73,2.1,1.71,2.22,1.73,2.26,1.69,2.18,0.25,1.95,1.95,1.99,1.92,1.99,1.95,1.93,1.87,3.3,3.4,2.2,,,,,,,3.39,3.55,2.22,3.3,3.4,2.2,,,,3.54,3.76,2.25,3.35,3.49,2.2,1.91,1.99,1.9,2.0,1.99,2.01,1.89,1.96,0.25,1.98,1.92,2.0,1.93,2.03,1.94,1.97,1.87,2425,3.2,3.4,2.15,3.22,3.83,2.2,3.35,3.65,2.28,1.75,2.28,2.01,1.98,3.3,3.4,2.15,3.54,3.47,2.17,3.5,3.6,2.26,1.93,2.06,2.03,1.95,,,,,,,,,,,,,,,,,,,,,,,,,,,,,,,,,,,,,,,,,,,,
E0,15/03/2025,15:00,Everton,West Ham,1,1,D,0,0,D,D Bond,13,10,5,5,12,8,6,5,1,2,0,0,2.05,3.2,3.9,,,,,,,2.11,3.3,3.9,2.1,3.2,3.75,,,,2.17,3.35,3.97,2.11,3.27,3.81,2.3,1.62,2.34,1.65,2.36,1.68,2.3,1.64,-0.25,1.75,2.05,1.8,2.11,1.82,2.11,1.78,2.06,2.05,3.2,3.9,,,,,,,2.12,3.31,3.92,2.15,3.1,3.7,,,,2.26,3.35,3.98,2.14,3.22,3.82,2.3,1.62,2.37,1.63,2.49,1.63,2.37,1.61,-0.25,1.85,2.08,1.82,2.13,1.88,2.13,1.81,2.06,2425,2.1,3.25,3.9,2.15,3.34,3.82,2.18,3.35,4.0,2.42,1.69,1.84,2.16,2.1,3.2,3.9,2.26,3.18,3.65,2.2,3.4,3.95,2.5,1.66,1.87,2.13,,,,,,,,,,,,,,,,,,,,,,,,,,,,,,,,,,,,,,,,,,,,
E0,15/03/2025,15:00,Ipswich,Nott'm Forest,2,4,A,0,3,A,M Salisbury,11,11,4,6,4,13,6,3,1,1,0,0,3.75,3.5,2.0,,,,,,,3.88,3.64,1.99,3.75,3.5,2.0,,,,3.93,3.71,2.05,3.8,3.59,1.99,1.87,2.03,1.85,2.04,1.92,2.04,1.85,1.99,0.5,1.88,2.02,1.9,2.0,1.91,2.04,1.87,1.98,3.9,3.5,1.95,,,,,,,3.99,3.58,2.0,3.8,3.5,1.95,,,,4.2,3.63,2.01,3.99,3.56,1.96,1.95,1.95,1.94,1.96,1.99,2.01,1.92,1.93,0.5,1.9,2.03,1.91,2.01,1.95,2.03,1.89,1.97,2425,3.8,3.6,1.95,3.89,3.63,2.03,4.0,3.7,2.04,1.92,2.06,1.96,2.03,4.0,3.6,1.95,4.2,3.58,1.94,4.2,3.75,2.0,1.98,2.0,1.98,2.0,,,,,,,,,,,,,,,,,,,,,,,,,,,,,,,,,,,,,,,,,,,,
E0,15/03/2025,15:00,Man City,Brighton,2,2,D,2,1,H,S Hooper,11,15,3,3,10,10,4,5,2,5,0,0,1.67,4.33,4.5,,,,,,,1.67,4.55,4.62,1.65,4.33,4.6,,,,1.7,4.7,4.89,1.66,4.45,4.63,1.44,2.75,1.48,2.72,1.52,2.82,1.47,2.68,-0.75,1.84,2.06,1.84,2.08,1.87,2.09,1.81,2.04,1.8,4.1,3.9,,,,,,,1.83,3.99,4.3,1.75,4.0,4.0,,,,1.86,4.22,4.5,1.81,4.03,4.15,1.5,2.63,1.49,2.74,1.53,2.78,1.5,2.65,-0.75,2.08,1.85,2.06,1.87,2.08,1.91,2.02,1.85,2425,1.67,4.4,4.6,1.66,4.58,4.89,1.7,4.6,5.0,1.55,2.78,1.87,2.11,1.8,3.9,4.2,1.79,4.2,4.25,1.88,4.1,4.4,1.53,2.86,2.1,1.89,,,,,,,,,,,,,,,,,,,,,,,,,,,,,,,,,,,,,,,,,,,,
E0,15/03/2025,15:00,Southampton,Wolves,1,2,A,0,1,A,R Jones,10,5,3,3,12,13,5,1,0,0,0,0,3.7,3.4,2.0,,,,,,,3.67,3.56,2.08,3.7,3.4,2.05,,,,3.85,3.65,2.11,3.63,3.51,2.06,1.84,2.06,1.82,2.07,1.86,2.1,1.81,2.03,0.5,1.83,2.07,1.83,2.09,1.85,2.09,1.8,2.05,3.9,3.25,2.0,,,,,,,3.97,3.43,2.07,3.75,3.3,2.05,,,,4.19,3.53,2.1,3.9,3.38,2.04,2.1,1.73,2.12,1.79,2.24,1.92,2.06,1.79,0.5,1.86,2.07,1.85,2.08,1.89,2.08,1.83,2.04,2425,3.8,3.5,2.0,3.71,3.55,2.11,3.95,3.65,2.1,1.86,2.12,1.89,2.1,4.0,3.4,2.0,4.19,3.36,2.03,4.1,3.45,2.1,2.14,1.86,1.89,2.1,,,,,,,,,,,,,,,,,,,,,,,,,,,,,,,,,,,,,,,,,,,,
E0,15/03/2025,17:30,Bournemouth,Brentford,1,2,A,1,1,D,C Pawson,17,10,5,4,13,7,4,3,3,0,0,0,1.73,4.2,4.2,,,,,,,1.77,4.21,4.29,1.75,4.0,4.2,,,,1.8,4.3,4.4,1.76,4.16,4.25,1.44,2.75,1.5,2.67,1.51,2.8,1.48,2.66,-0.75,1.95,1.95,1.98,1.93,1.98,1.96,1.94,1.9,1.73,4.2,4.1,,,,,,,1.76,4.35,4.32,1.75,4.0,4.2,,,,1.85,4.35,4.5,1.76,4.2,4.29,1.5,2.63,1.5,2.69,1.52,2.88,1.49,2.69,-0.75,1.96,1.97,1.96,1.96,1.99,1.97,1.94,1.92,2425,1.75,4.1,4.4,1.78,4.23,4.38,1.8,4.3,4.5,1.53,2.82,1.99,1.97,1.73,4.2,4.4,1.81,4.32,4.06,1.8,4.4,4.5,1.53,2.86,2.0,1.98,,,,,,,,,,,,,,,,,,,,,,,,,,,,,,,,,,,,,,,,,,,,
E0,16/03/2025,13:30,Arsenal,Chelsea,1,0,H,1,0,H,C Kavanagh,12,8,4,2,10,13,5,4,3,3,0,0,1.8,3.6,4.5,,,,,,,1.81,3.78,4.55,1.8,3.7,4.33,,,,1.85,3.91,4.6,1.81,3.74,4.44,1.86,1.92,1.92,1.97,1.93,1.98,1.88,1.94,-0.75,2.06,1.84,2.07,1.85,2.08,1.85,2.03,1.81,1.7,3.6,5.25,,,,,,,1.73,3.74,5.39,1.75,3.6,5.0,,,,1.8,3.82,5.5,1.73,3.68,5.24,2.0,1.8,2.12,1.79,2.13,1.9,2.06,1.8,-0.75,1.95,1.95,1.96,1.96,1.97,1.97,1.94,1.92,2425,1.8,3.75,4.5,1.82,3.91,4.53,1.86,3.9,4.8,1.95,2.0,2.1,1.87,1.67,3.6,5.0,1.74,3.69,5.38,1.74,3.85,5.7,2.2,1.82,1.96,2.02,,,,,,,,,,,,,,,,,,,,,,,,,,,,,,,,,,,,,,,,,,,,
E0,16/03/2025,13:30,Fulham,Tottenham,2,0,H,0,0,D,A Madley,13,12,4,4,13,10,6,5,0,0,0,0,2.0,3.75,3.6,,,,,,,2.03,3.88,3.53,1.95,3.9,3.4,,,,2.1,4.04,3.65,2.01,3.84,3.48,1.57,2.38,1.6,2.42,1.61,2.5,1.57,2.42,-0.5,2.03,1.87,2.03,1.88,2.04,1.9,2.0,1.85,1.8,3.9,4.1,,,,,,,1.85,4.1,4.08,1.85,3.7,4.0,,,,1.95,4.1,4.24,1.85,3.94,4.04,1.67,2.2,1.67,2.31,1.72,2.35,1.66,2.26,-0.5,1.84,2.06,1.85,2.08,1.86,2.09,1.84,2.02,2425,2.0,3.8,3.6,2.03,4.04,3.51,2.08,3.95,3.7,1.63,2.52,2.06,1.91,1.8,3.9,3.9,1.89,3.99,4.0,1.9,4.2,4.2,1.73,2.36,1.9,2.1,,,,,,,,,,,,,,,,,,,,,,,,,,,,,,,,,,,,,,,,,,,,
E0,16/03/2025,19:00,Leicester,Man United,0,3,A,0,1,A,T Bramall,11,18,3,5,6,6,6,4,2,0,0,0,4.5,3.5,1.83,,,,,,,4.21,3.86,1.85,4.0,3.75,1.85,,,,4.5,3.91,1.87,4.21,3.76,1.84,1.8,2.0,1.81,2.07,1.85,2.1,1.79,2.04,0.5,2.05,1.85,2.05,1.86,2.08,1.86,2.02,1.83,4.5,3.7,1.8,,,,,,,4.56,3.82,1.83,4.2,3.6,1.85,,,,4.82,3.85,1.85,4.5,3.74,1.81,1.95,1.95,1.95,1.95,1.95,2.01,1.9,1.94,0.75,1.78,2.03,1.85,2.08,1.88,2.11,1.82,2.05,2425,4.33,3.7,1.85,4.28,3.91,1.87,4.6,3.85,1.88,1.84,2.12,2.12,1.88,4.4,3.75,1.8,4.82,3.76,1.79,4.6,3.9,1.87,1.96,2.02,1.87,2.13,,,,,,,,,,,,,,,,,,,,,,,,,,,,,,,,,,,,,,,,,,,,
E0,01/04/2025,19:45,Arsenal,Fulham,2,1,H,1,0,H,J Brooks,17,9,4,3,2,10,5,4,1,2,0,0,1.48,4.33,7.0,,,,,,,1.5,4.21,7.79,,,,,,,1.52,4.5,9.0,1.48,4.2,7.73,2.1,1.73,2.17,1.76,2.17,1.78,2.12,1.74,-1.0,1.88,2.05,1.87,2.06,1.89,2.07,1.82,2.02,1.5,4.1,7.0,,,,,,,1.51,4.3,7.6,,,,,,,1.53,4.3,8.0,1.49,4.16,7.46,2.07,1.83,2.08,1.81,2.08,1.99,2.02,1.82,-1.0,1.89,2.04,1.88,2.04,1.9,2.08,1.84,2.02,2425,1.4,4.5,9.0,1.49,4.33,8.15,1.51,4.3,9.0,2.24,1.79,1.87,2.1,1.47,4.2,7.5,1.52,4.19,7.45,1.52,4.4,8.4,2.1,1.89,1.89,2.11,,,,,,,,,,,,,,,,,,,,,,,,,,,,,,,,,,,,,,,,,,,,
E0,01/04/2025,19:45,Wolves,West Ham,1,0,H,1,0,H,T Harrington,9,10,2,1,16,12,1,2,4,2,0,0,2.5,3.2,2.9,,,,,,,2.62,3.25,2.96,,,,,,,2.63,3.3,3.1,2.57,3.2,2.92,2.2,1.67,2.25,1.71,2.29,1.77,2.18,1.7,0.0,1.83,2.1,1.85,2.09,1.86,2.13,1.82,2.06,2.3,3.2,3.25,,,,,,,2.39,3.29,3.27,,,,,,,2.43,3.35,3.3,2.37,3.25,3.21,2.3,1.62,2.36,1.65,2.38,1.67,2.29,1.64,-0.25,2.05,1.88,2.05,1.88,2.08,1.89,2.02,1.85,2425,2.45,3.2,3.1,2.63,3.28,2.94,2.66,3.3,3.05,2.28,1.76,1.86,2.14,2.3,3.25,3.3,2.43,3.28,3.2,2.46,3.35,3.35,2.38,1.71,2.1,1.9,,,,,,,,,,,,,,,,,,,,,,,,,,,,,,,,,,,,,,,,,,,,
E0,01/04/2025,20:00,Nott'm Forest,Man United,1,0,H,1,0,H,J Gillett,8,23,2,6,5,12,3,10,1,3,0,0,2.3,3.4,3.1,,,,,,,2.36,3.44,3.19,,,,,,,2.45,3.59,3.28,2.32,3.42,3.13,1.95,1.95,1.95,1.95,1.98,1.96,1.94,1.89,-0.25,2.03,1.9,2.04,1.89,2.04,1.9,1.97,1.87,2.3,3.3,3.2,,,,,,,2.35,3.46,3.19,,,,,,,2.5,3.52,3.2,2.36,3.39,3.11,2.03,1.87,2.03,1.88,2.06,1.91,2.0,1.85,-0.25,2.03,1.9,2.03,1.89,2.06,1.9,2.01,1.85,2425,2.3,3.4,3.25,2.31,3.59,3.18,2.38,3.5,3.3,2.02,1.97,2.05,1.93,2.3,3.4,3.1,2.43,3.36,3.1,2.46,3.5,3.2,2.06,1.93,2.09,1.91,,,,,,,,,,,,,,,,,,,,,,,,,,,,,,,,,,,,,,,,,,,,
E0,02/04/2025,19:45,Bournemouth,Ipswich,1,2,A,0,1,A,R Jones,24,10,7,2,14,15,8,3,1,2,0,0,1.36,5.25,7.5,,,,,,,1.39,5.33,7.75,,,,,,,1.41,5.5,8.0,1.38,5.23,7.72,1.53,2.5,1.54,2.6,1.55,2.61,1.51,2.52,-1.5,2.05,1.85,2.08,1.84,2.08,1.85,2.04,1.81,1.4,5.0,7.5,,,,,,,1.4,5.4,7.52,,,,,,,1.43,5.4,8.5,1.39,5.13,7.75,1.62,2.3,1.66,2.32,1.67,2.35,1.63,2.29,-1.25,1.9,2.03,1.89,2.04,1.9,2.06,1.85,2.02,2425,1.36,5.0,8.0,1.41,5.34,7.8,1.41,5.6,8.6,1.56,2.68,2.13,1.87,1.36,5.0,7.5,1.42,5.13,7.7,1.42,5.5,8.6,1.69,2.42,1.92,2.08,,,,,,,,,,,,,,,,,,,,,,,,,,,,,,,,,,,,,,,,,,,,
E0,02/04/2025,19:45,Brighton,Aston Villa,0,3,A,0,0,D,S Attwell,11,8,4,5,16,11,4,0,1,3,0,0,2.05,3.8,3.25,,,,,,,2.11,3.85,3.33,,,,,,,2.15,3.97,3.35,2.09,3.81,3.27,1.62,2.3,1.61,2.4,1.62,2.48,1.58,2.37,-0.25,1.85,2.05,1.85,2.06,1.85,2.07,1.82,2.02,2.3,3.4,3.0,,,,,,,2.38,3.5,3.11,,,,,,,2.45,3.7,3.15,2.35,3.49,3.03,1.88,2.02,1.87,2.04,1.89,2.1,1.82,2.03,-0.25,2.07,1.86,2.07,1.86,2.11,1.87,2.03,1.84,2425,2.1,3.9,3.3,2.12,3.97,3.31,2.2,3.95,3.4,1.66,2.48,1.92,2.07,2.3,3.4,3.1,2.45,3.5,2.97,2.42,3.6,3.15,1.91,2.08,2.08,1.91,,,,,,,,,,,,,,,,,,,,,,,,,,,,,,,,,,,,,,,,,,,,
E0,02/04/2025,19:45,Man City,Leicester,2,0,H,2,0,H,D England,18,2,5,0,11,8,5,0,1,4,0,0,1.2,8.0,10.0,,,,,,,1.2,8.18,11.84,,,,,,,1.22,8.2,15.0,1.2,7.61,12.4,1.4,3.0,1.39,3.04,1.4,3.3,1.38,2.99,-2.0,1.95,1.95,1.97,1.92,1.98,1.95,1.93,1.91,1.2,7.5,12.0,,,,,,,1.2,8.0,13.5,,,,,,,1.23,8.0,15.0,1.2,7.6,13.22,1.36,3.2,1.39,3.08,1.4,3.3,1.37,3.11,-2.0,1.96,1.97,2.0,1.91,2.0,1.99,1.93,1.93,2425,1.18,8.0,14.0,1.22,7.5,13.6,1.22,8.6,15.0,1.42,3.25,1.96,1.98,1.18,8.0,14.0,1.22,7.69,12.8,1.21,8.8,16.0,1.4,3.4,1.96,2.01,,,,,,,,,,,,,,,,,,,,,,,,,,,,,,,,,,,,,,,,,,,,
E0,02/04/2025,19:45,Newcastle,Brentford,2,1,H,1,0,H,P Bankes,21,12,4,3,12,12,4,5,1,1,0,0,1.73,4.5,4.0,,,,,,,1.74,4.34,4.31,,,,,,,1.75,4.5,4.4,1.73,4.31,4.21,1.44,2.75,1.47,2.74,1.5,2.8,1.46,2.68,-0.75,1.92,1.98,1.94,1.96,1.94,2.0,1.9,1.93,1.65,4.2,4.75,,,,,,,1.7,4.29,4.69,,,,,,,1.7,4.5,5.0,1.67,4.32,4.68,1.53,2.5,1.57,2.52,1.6,2.66,1.53,2.52,-0.75,1.87,2.06,1.9,2.03,1.9,2.08,1.83,2.04,2425,1.73,4.33,4.33,1.75,4.41,4.38,1.78,4.6,4.5,1.51,2.84,1.96,2.01,1.7,4.2,4.5,1.69,4.3,4.86,1.71,4.4,5.1,1.6,2.64,1.88,2.12,,,,,,,,,,,,,,,,,,,,,,,,,,,,,,,,,,,,,,,,,,,,
E0,02/04/2025,19:45,Southampton,Crystal Palace,1,1,D,1,0,H,A Madley,8,9,2,3,14,9,2,2,2,1,0,0,5.75,3.8,1.62,,,,,,,5.72,4.05,1.63,,,,,,,5.8,4.28,1.65,5.5,4.01,1.62,1.8,2.0,1.79,2.09,1.83,2.09,1.78,2.03,1.0,1.84,2.06,1.85,2.06,1.85,2.12,1.81,2.04,5.5,4.0,1.6,,,,,,,5.72,4.13,1.63,,,,,,,6.0,4.2,1.65,5.68,4.04,1.61,1.8,2.0,1.78,2.14,1.87,2.14,1.8,2.03,1.0,1.85,2.08,1.85,2.08,1.89,2.09,1.83,2.04,2425,5.5,3.9,1.65,5.6,4.28,1.63,6.2,4.2,1.65,1.82,2.16,1.87,2.09,6.0,4.1,1.57,5.84,4.18,1.61,5.9,4.3,1.65,1.86,2.14,1.87,2.12,,,,,,,,,,,,,,,,,,,,,,,,,,,,,,,,,,,,,,,,,,,,
E0,02/04/2025,20:00,Liverpool,Everton,1,0,H,0,0,D,S Barrott,17,5,3,0,7,11,11,5,2,2,0,0,1.36,5.0,8.0,,,,,,,1.36,5.19,9.2,,,,,,,1.4,5.3,9.5,1.36,5.02,8.78,1.73,2.1,1.78,2.11,1.81,2.12,1.76,2.06,-1.25,1.83,2.07,1.84,2.08,1.84,2.08,1.81,2.03,1.48,4.33,6.5,,,,,,,1.5,4.41,7.31,,,,,,,1.52,4.55,7.5,1.48,4.38,7.07,1.86,2.04,1.85,2.06,1.86,2.1,1.81,2.03,-1.0,1.87,2.06,1.86,2.07,1.88,2.1,1.82,2.05,2425,1.33,5.0,9.5,1.4,5.09,8.85,1.38,5.4,10.5,1.8,2.2,1.84,2.14,1.44,4.5,7.5,1.51,4.46,6.96,1.5,4.7,8.0,1.89,2.1,1.85,2.14,,,,,,,,,,,,,,,,,,,,,,,,,,,,,,,,,,,,,,,,,,,,
E0,03/04/2025,20:00,Chelsea,Tottenham,1,0,H,0,0,D,C Pawson,11,8,5,2,7,16,4,6,5,5,0,0,1.65,4.5,4.5,,,,,,,1.66,4.58,4.59,,,,,,,1.67,4.69,4.75,1.64,4.5,4.57,1.4,3.0,1.41,2.98,1.42,3.05,1.39,2.92,-1.0,2.07,1.83,2.08,1.81,2.08,1.84,2.04,1.8,1.67,4.33,4.33,,,,,,,1.67,4.46,4.83,,,,,,,1.72,4.46,4.9,1.68,4.36,4.58,1.44,2.75,1.47,2.81,1.5,2.95,1.45,2.77,-0.75,1.87,2.03,1.84,2.1,1.89,2.1,1.84,2.03,2425,1.67,4.5,4.6,1.67,4.69,4.69,1.7,4.8,4.8,1.45,3.1,2.09,1.86,1.65,4.33,4.75,1.69,4.46,4.65,1.7,4.7,4.9,1.51,2.94,1.87,2.12,,,,,,,,,,,,,,,,,,,,,,,,,,,,,,,,,,,,,,,,,,,,
E0,05/04/2025,12:30,Everton,Arsenal,1,1,D,0,1,A,D England,5,14,2,5,17,13,3,8,3,1,0,0,5.25,3.25,1.75,,,,,,,5.3,3.39,1.81,,,,,,,5.6,3.6,1.81,5.15,3.44,1.78,2.38,1.57,2.44,1.6,2.44,1.66,2.36,1.59,0.75,1.83,2.07,1.83,2.09,1.84,2.09,1.8,2.04,3.9,3.2,2.1,,,,,,,4.19,3.19,2.1,,,,,,,4.4,3.32,2.15,4.1,3.17,2.07,2.38,1.57,2.49,1.58,2.6,1.63,2.44,1.56,0.5,1.75,2.05,1.83,2.11,1.86,2.11,1.79,2.07,2425,5.5,3.4,1.75,5.14,3.57,1.81,5.8,3.5,1.84,2.44,1.68,1.89,2.11,4.2,3.1,2.05,4.21,3.25,2.06,4.2,3.25,2.16,2.62,1.61,1.84,2.17,,,,,,,,,,,,,,,,,,,,,,,,,,,,,,,,,,,,,,,,,,,,
E0,05/04/2025,15:00,Crystal Palace,Brighton,2,1,H,1,1,D,A Taylor,8,11,3,5,12,13,2,4,0,1,2,1,2.35,3.6,2.8,,,,,,,2.5,3.46,2.9,,,,,,,2.5,3.6,2.97,2.43,3.46,2.87,1.8,2.0,1.82,2.06,1.84,2.1,1.78,2.04,-0.25,2.09,1.81,2.16,1.77,2.16,1.81,2.08,1.77,2.5,3.5,2.7,,,,,,,2.58,3.4,2.89,,,,,,,2.58,3.58,2.9,2.53,3.39,2.81,1.9,2.0,1.89,2.02,1.92,2.04,1.85,1.98,0.0,1.84,2.09,1.85,2.08,1.85,2.09,1.83,2.05,2425,2.4,3.4,2.9,2.46,3.55,2.97,2.5,3.6,3.05,1.83,2.18,2.15,1.85,2.45,3.25,2.8,2.56,3.58,2.77,2.64,3.5,2.96,1.93,2.06,1.9,2.1,,,,,,,,,,,,,,,,,,,,,,,,,,,,,,,,,,,,,,,,,,,,
E0,05/04/2025,15:00,Ipswich,Wolves,1,2,A,1,0,H,P Bankes,6,22,2,7,12,16,4,8,2,2,0,0,2.7,3.25,2.63,,,,,,,2.78,3.3,2.71,,,,,,,2.8,3.45,2.72,2.74,3.28,2.65,2.1,1.73,2.12,1.78,2.13,1.8,2.07,1.75,0.0,2.0,1.9,2.02,1.88,2.02,1.92,1.98,1.88,2.75,3.2,2.63,,,,,,,2.85,3.27,2.7,,,,,,,2.94,3.28,2.7,2.84,3.2,2.63,2.2,1.67,2.31,1.68,2.33,1.68,2.25,1.65,0.0,2.03,1.9,2.02,1.91,2.06,1.91,2.01,1.87,2425,2.75,3.3,2.63,2.78,3.45,2.66,2.84,3.4,2.76,2.2,1.81,2.02,1.96,2.8,3.1,2.6,2.94,3.28,2.59,2.94,3.35,2.74,2.36,1.72,2.07,1.92,,,,,,,,,,,,,,,,,,,,,,,,,,,,,,,,,,,,,,,,,,,,
E0,05/04/2025,15:00,West Ham,Bournemouth,2,2,D,0,1,A,T Robinson,9,11,3,4,13,13,4,7,2,2,0,0,3.0,3.5,2.3,,,,,,,3.03,3.53,2.38,,,,,,,3.2,3.53,2.41,3.04,3.47,2.34,1.8,2.0,1.83,2.06,1.84,2.07,1.8,2.02,0.25,1.85,2.05,1.85,2.07,1.86,2.07,1.83,1.97,2.9,3.5,2.38,,,,,,,3.04,3.55,2.4,,,,,,,3.1,3.57,2.43,2.98,3.49,2.38,1.85,2.05,1.87,2.04,1.87,2.1,1.82,2.02,0.25,1.85,2.08,1.85,2.08,1.86,2.08,1.82,2.01,2425,3.1,3.4,2.3,3.1,3.49,2.41,3.1,3.6,2.48,1.86,2.12,1.86,2.13,3.0,3.4,2.3,2.96,3.57,2.43,3.1,3.6,2.46,1.88,2.12,1.87,2.12,,,,,,,,,,,,,,,,,,,,,,,,,,,,,,,,,,,,,,,,,,,,
E0,05/04/2025,17:30,Aston Villa,Nott'm Forest,2,1,H,2,0,H,S Hooper,17,19,8,3,7,15,4,4,2,2,0,0,1.95,3.6,3.7,,,,,,,2.0,3.69,3.8,,,,,,,2.05,3.75,3.9,1.99,3.63,3.72,1.8,2.0,1.8,2.09,1.82,2.13,1.78,2.05,-0.5,2.02,1.88,2.01,1.9,2.03,1.9,1.98,1.86,2.1,3.3,3.4,,,,,,,2.15,3.45,3.66,,,,,,,2.23,3.5,3.73,2.14,3.39,3.57,1.95,1.95,1.99,1.92,1.99,2.01,1.93,1.9,-0.25,1.86,2.07,1.85,2.08,1.87,2.12,1.83,2.05,2425,2.0,3.6,3.7,2.03,3.73,3.77,2.04,3.75,3.95,1.89,2.1,2.05,1.94,2.15,3.4,3.5,2.12,3.44,3.73,2.18,3.5,3.8,2.0,1.98,1.88,2.12,,,,,,,,,,,,,,,,,,,,,,,,,,,,,,,,,,,,,,,,,,,,
E0,06/04/2025,14:00,Brentford,Chelsea,0,0,D,0,0,D,M Oliver,9,21,2,5,12,12,3,6,1,3,0,0,3.2,3.6,2.15,,,,,,,3.26,3.8,2.16,,,,,,,3.4,3.85,2.2,3.2,3.73,2.15,1.53,2.5,1.57,2.51,1.57,2.55,1.53,2.46,0.25,2.0,1.9,2.02,1.89,2.02,1.9,1.97,1.83,2.9,3.5,2.35,,,,,,,2.94,3.65,2.42,,,,,,,3.0,3.7,2.46,2.89,3.57,2.41,1.62,2.3,1.67,2.3,1.7,2.54,1.63,2.3,0.25,1.73,2.08,1.83,2.11,1.83,2.14,1.79,2.03,2425,3.25,3.7,2.15,3.3,3.81,2.17,3.4,3.85,2.2,1.59,2.5,2.06,1.92,2.9,3.5,2.4,2.98,3.57,2.42,3.0,3.7,2.5,1.7,2.4,1.83,2.18,,,,,,,,,,,,,,,,,,,,,,,,,,,,,,,,,,,,,,,,,,,,
E0,06/04/2025,14:00,Fulham,Liverpool,3,2,H,3,1,H,C Kavanagh,12,14,6,6,10,9,4,4,3,0,0,0,4.5,3.5,1.83,,,,,,,4.27,3.75,1.87,,,,,,,4.5,3.8,1.9,4.24,3.7,1.86,1.8,2.0,1.84,2.06,1.85,2.06,1.8,2.02,0.5,2.04,1.86,2.03,1.88,2.04,1.88,1.99,1.85,4.2,3.4,1.91,,,,,,,4.29,3.55,1.94,,,,,,,4.65,3.69,2.0,4.19,3.52,1.92,1.8,2.0,1.83,2.06,1.87,2.1,1.81,2.02,0.5,1.95,1.98,1.97,1.95,1.97,1.98,1.92,1.93,2425,4.33,3.7,1.85,4.39,3.79,1.87,4.6,3.9,1.9,1.84,2.14,2.11,1.9,4.4,3.5,1.87,4.65,3.47,1.9,4.5,3.6,1.98,1.88,2.12,2.01,1.98,,,,,,,,,,,,,,,,,,,,,,,,,,,,,,,,,,,,,,,,,,,,
E0,06/04/2025,14:00,Tottenham,Southampton,3,1,H,2,0,H,M Salisbury,13,12,8,4,16,20,4,1,1,1,0,0,1.38,5.5,6.5,,,,,,,1.39,5.42,7.33,,,,,,,1.43,5.6,7.75,1.39,5.32,7.12,1.4,3.0,1.39,3.07,1.4,3.1,1.38,2.97,-1.5,2.04,1.86,2.05,1.86,2.05,1.87,2.01,1.84,1.36,5.5,7.0,,,,,,,1.37,5.64,7.87,,,,,,,1.41,5.7,8.5,1.37,5.41,7.68,1.36,3.2,1.4,3.09,1.45,3.2,1.41,2.93,-1.5,1.98,1.95,1.97,1.93,2.02,1.97,1.95,1.91,2425,1.36,5.5,7.5,1.43,5.4,7.13,1.42,5.9,7.6,1.43,3.1,2.05,1.86,1.4,5.0,7.5,1.39,5.64,7.48,1.39,6.0,8.4,1.46,3.1,2.04,1.93,,,,,,,,,,,,,,,,,,,,,,,,,,,,,,,,,,,,,,,,,,,,
E0,06/04/2025,16:30,Man United,Man City,0,0,D,0,0,D,J Brooks,13,9,2,5,13,9,5,3,3,2,0,0,3.4,3.6,2.1,,,,,,,3.39,3.66,2.15,,,,,,,3.45,3.75,2.2,3.33,3.61,2.13,1.67,2.2,1.69,2.26,1.72,2.31,1.66,2.23,0.25,2.05,1.85,2.04,1.87,2.05,1.87,2.0,1.8,3.4,3.6,2.05,,,,,,,3.48,3.75,2.11,,,,,,,3.64,3.81,2.19,3.39,3.67,2.11,1.67,2.2,1.67,2.32,1.68,2.43,1.65,2.27,0.25,2.08,1.85,2.1,1.84,2.1,1.87,2.03,1.79,2425,3.4,3.6,2.1,3.44,3.71,2.15,3.5,3.75,2.2,1.74,2.28,2.06,1.9,3.4,3.6,2.1,3.46,3.71,2.14,3.55,3.8,2.16,1.71,2.4,2.11,1.89,,,,,,,,,,,,,,,,,,,,,,,,,,,,,,,,,,,,,,,,,,,,
E0,07/04/2025,20:00,Leicester,Newcastle,0,3,A,0,3,A,R Jones,7,16,2,5,8,9,12,2,2,0,0,0,6.5,4.2,1.48,,,,,,,6.61,4.47,1.51,,,,,,,6.75,4.7,1.53,6.4,4.44,1.5,1.62,2.3,1.64,2.35,1.65,2.45,1.6,2.33,1.25,1.83,2.07,1.84,2.08,1.84,2.08,1.8,2.04,6.5,4.5,1.45,,,,,,,7.45,4.85,1.45,,,,,,,7.75,4.85,1.49,7.18,4.63,1.45,1.67,2.2,1.73,2.2,1.73,2.32,1.68,2.19,1.25,1.86,2.04,1.88,2.04,1.92,2.06,1.87,1.99,2425,6.0,4.2,1.5,6.52,4.59,1.53,7.2,4.8,1.51,1.57,2.26,1.83,2.06,7.5,4.6,1.4,7.0,4.65,1.49,8.2,4.8,1.48,1.77,2.28,1.91,2.06,,,,,,,,,,,,,,,,,,,,,,,,,,,,,,,,,,,,,,,,,,,,
E0,12/04/2025,12:30,Man City,Crystal Palace,5,2,H,2,2,D,J Gillett,21,8,9,3,10,16,1,4,2,3,0,0,1.5,4.75,5.75,,,,,,,1.5,4.81,6.12,,,,,,,1.52,4.9,6.21,1.5,4.7,5.95,1.53,2.5,1.55,2.56,1.55,2.59,1.53,2.48,-1.0,1.84,2.09,1.81,2.1,1.85,2.1,1.8,2.05,1.62,4.2,5.0,,,,,,,1.64,4.35,5.3,,,,,,,1.66,4.4,5.5,1.63,4.25,5.16,1.62,2.3,1.67,2.3,1.67,2.4,1.62,2.32,-1.0,2.05,1.75,2.11,1.83,2.11,1.9,2.06,1.81,2425,1.5,4.6,6.0,1.52,4.84,6.21,1.55,4.9,6.4,1.59,2.62,1.88,2.08,1.6,4.2,5.5,1.63,4.31,5.4,1.66,4.5,5.6,1.69,2.42,2.14,1.87,,,,,,,,,,,,,,,,,,,,,,,,,,,,,,,,,,,,,,,,,,,,
E0,12/04/2025,15:00,Brighton,Leicester,2,2,D,1,1,D,D Bond,21,15,7,6,9,11,3,6,2,5,0,0,1.29,6.0,10.0,,,,,,,1.27,5.96,10.93,,,,,,,1.29,6.2,12.0,1.27,5.89,10.98,1.62,2.3,1.63,2.34,1.66,2.39,1.61,2.33,-1.5,1.78,2.03,1.81,2.07,1.84,2.08,1.8,2.03,1.29,6.0,9.0,,,,,,,1.29,5.95,10.93,,,,,,,1.33,6.2,11.02,1.29,5.98,10.04,1.5,2.63,1.54,2.58,1.57,2.77,1.52,2.57,-1.75,2.06,1.87,2.05,1.86,2.1,1.87,2.04,1.83,2425,1.25,6.0,12.0,1.28,6.11,11.9,1.3,6.4,12.5,1.66,2.44,1.84,2.12,1.25,6.0,11.0,1.33,6.17,8.89,1.32,6.4,11.5,1.57,2.72,2.12,1.86,,,,,,,,,,,,,,,,,,,,,,,,,,,,,,,,,,,,,,,,,,,,
E0,12/04/2025,15:00,Nott'm Forest,Everton,0,1,A,0,0,D,C Pawson,10,13,5,5,9,13,1,7,0,3,0,0,2.1,3.3,3.7,,,,,,,2.13,3.38,3.72,,,,,,,2.15,3.48,3.9,2.11,3.33,3.67,2.2,1.67,2.24,1.7,2.35,1.72,2.22,1.67,-0.25,1.84,2.09,1.83,2.09,1.84,2.09,1.8,2.05,1.91,3.3,4.1,,,,,,,1.99,3.38,4.35,,,,,,,2.02,3.45,4.48,1.97,3.34,4.21,2.2,1.67,2.3,1.68,2.35,1.74,2.24,1.67,-0.5,2.0,1.93,2.0,1.93,2.01,1.93,1.98,1.87,2425,2.1,3.3,3.75,2.14,3.48,3.69,2.16,3.4,4.0,2.3,1.73,1.85,2.14,1.95,3.25,4.33,1.94,3.43,4.48,2.02,3.5,4.5,2.32,1.74,2.02,1.96,,,,,,,,,,,,,,,,,,,,,,,,,,,,,,,,,,,,,,,,,,,,
E0,12/04/2025,15:00,Southampton,Aston Villa,0,3,A,0,0,D,T Bramall,7,25,2,10,11,4,2,14,3,1,0,0,6.0,4.2,1.55,,,,,,,5.75,4.49,1.56,,,,,,,6.0,5.6,1.57,5.65,4.42,1.55,1.62,2.3,1.61,2.4,1.62,2.45,1.59,2.37,1.0,2.0,1.93,1.98,1.93,2.02,1.93,1.96,1.88,6.25,4.33,1.5,,,,,,,6.23,4.64,1.53,,,,,,,6.68,4.7,1.57,6.1,4.55,1.52,1.57,2.38,1.58,2.49,1.67,2.5,1.57,2.41,1.0,2.09,1.84,2.1,1.84,2.12,1.87,2.05,1.82,2425,5.5,4.33,1.57,5.91,4.64,1.56,6.2,4.6,1.58,1.62,2.5,2.03,1.94,6.5,4.5,1.5,6.68,4.44,1.53,6.4,4.8,1.55,1.62,2.58,2.08,1.9,,,,,,,,,,,,,,,,,,,,,,,,,,,,,,,,,,,,,,,,,,,,
E0,12/04/2025,17:30,Arsenal,Brentford,1,1,D,0,0,D,S Hooper,14,3,3,2,7,9,13,5,1,3,0,0,1.6,4.33,5.0,,,,,,,1.63,4.17,5.42,,,,,,,1.65,4.33,5.5,1.61,4.16,5.35,1.73,2.1,1.81,2.07,1.82,2.12,1.77,2.06,-1.0,2.1,1.83,2.1,1.83,2.1,1.83,2.05,1.8,1.6,4.33,5.0,,,,,,,1.62,4.24,5.66,,,,,,,1.68,4.33,5.66,1.63,4.15,5.21,1.73,2.1,1.75,2.18,1.76,2.3,1.72,2.15,-0.75,1.73,2.08,1.78,2.16,1.84,2.16,1.8,2.06,2425,1.6,4.2,5.5,1.65,4.23,5.45,1.64,4.4,5.8,1.81,2.18,2.07,1.86,1.57,4.0,5.0,1.63,4.31,5.4,1.66,4.3,5.9,1.79,2.26,1.83,2.18,,,,,,,,,,,,,,,,,,,,,,,,,,,,,,,,,,,,,,,,,,,,
E0,13/04/2025,14:00,Chelsea,Ipswich,2,2,D,0,2,A,S Attwell,34,13,9,4,11,7,15,4,2,2,0,0,1.27,7.0,8.5,,,,,,,1.25,6.84,10.14,,,,,,,1.28,7.0,12.0,1.25,6.57,9.7,1.44,2.75,1.44,2.84,1.45,2.89,1.43,2.77,-1.75,1.95,1.95,1.93,1.96,2.02,1.96,1.92,1.91,1.17,7.5,12.0,,,,,,,1.21,7.43,13.76,,,,,,,1.22,7.69,16.0,1.2,7.33,13.53,1.44,2.75,1.44,2.82,1.45,2.9,1.44,2.81,-2.0,1.99,1.94,1.98,1.92,2.01,1.96,1.96,1.9,2425,1.22,6.5,11.0,1.27,6.72,10.9,1.3,6.8,10.5,1.5,2.88,1.98,1.94,1.18,7.5,14.0,1.22,7.69,12.8,1.21,8.4,16.5,1.47,3.05,2.05,1.94,,,,,,,,,,,,,,,,,,,,,,,,,,,,,,,,,,,,,,,,,,,,
E0,13/04/2025,14:00,Liverpool,West Ham,2,1,H,1,0,H,A Madley,15,11,6,4,15,8,10,3,0,2,0,0,1.3,6.0,8.0,,,,,,,1.3,6.09,9.78,,,,,,,1.31,6.2,10.4,1.3,5.89,9.45,1.53,2.5,1.54,2.58,1.54,2.58,1.52,2.51,-1.5,1.88,2.02,1.88,2.03,1.89,2.03,1.86,1.99,1.25,5.5,11.0,,,,,,,1.28,6.12,10.75,,,,,,,1.3,6.4,11.7,1.28,5.9,10.63,1.53,2.5,1.56,2.51,1.59,2.65,1.53,2.53,-1.75,2.07,1.86,2.05,1.86,2.07,1.88,2.02,1.85,2425,1.3,5.5,10.0,1.31,6.01,10.4,1.32,6.4,11.0,1.58,2.62,1.9,2.05,1.25,6.0,11.0,1.3,5.6,11.7,1.3,6.4,12.5,1.6,2.62,2.07,1.91,,,,,,,,,,,,,,,,,,,,,,,,,,,,,,,,,,,,,,,,,,,,
E0,13/04/2025,14:00,Wolves,Tottenham,4,2,H,2,0,H,A Taylor,13,11,5,4,12,15,1,4,1,2,0,0,2.2,3.6,3.1,,,,,,,2.25,3.57,3.23,,,,,,,2.28,3.65,3.23,2.23,3.55,3.14,1.67,2.2,1.7,2.24,1.72,2.33,1.66,2.23,-0.25,1.95,1.95,1.95,1.95,1.95,1.95,1.92,1.91,2.2,3.6,3.1,,,,,,,2.29,3.63,3.16,,,,,,,2.43,3.78,3.33,2.28,3.56,3.1,1.8,2.0,1.82,2.07,1.9,2.1,1.81,2.03,-0.25,2.01,1.92,2.0,1.93,2.02,1.94,1.98,1.89,2425,2.25,3.5,3.1,2.27,3.63,3.22,2.28,3.7,3.35,1.73,2.28,1.97,2.0,2.38,3.4,3.0,2.34,3.68,3.02,2.34,3.65,3.3,1.89,2.1,2.01,1.97,,,,,,,,,,,,,,,,,,,,,,,,,,,,,,,,,,,,,,,,,,,,
E0,13/04/2025,16:30,Newcastle,Man United,4,1,H,1,1,D,C Kavanagh,13,9,6,5,7,9,7,2,0,2,0,0,1.65,4.2,4.75,,,,,,,1.66,4.29,4.97,,,,,,,1.69,4.35,5.3,1.65,4.21,4.73,1.67,2.2,1.67,2.28,1.7,2.35,1.64,2.27,-0.75,1.84,2.06,1.85,2.07,1.85,2.07,1.81,2.03,1.6,4.33,5.25,,,,,,,1.62,4.35,5.45,,,,,,,1.66,4.45,5.54,1.61,4.29,5.26,1.62,2.3,1.65,2.35,1.65,2.42,1.62,2.32,-1.0,2.05,1.88,2.05,1.88,2.1,1.95,2.02,1.85,2425,1.67,4.1,5.0,1.69,4.28,4.99,1.67,4.4,5.5,1.7,2.34,1.84,2.16,1.62,4.2,5.0,1.66,4.4,5.03,1.64,4.5,5.7,1.67,2.46,2.09,1.9,,,,,,,,,,,,,,,,,,,,,,,,,,,,,,,,,,,,,,,,,,,,
E0,14/04/2025,20:00,Bournemouth,Fulham,1,0,H,1,0,H,O Oliver,12,12,3,7,11,10,6,9,3,2,0,0,2.15,3.5,3.3,,,,,,,2.16,3.62,3.39,,,,,,,2.18,3.79,3.4,2.15,3.58,3.3,1.73,2.1,1.75,2.17,1.79,2.17,1.74,2.1,-0.25,1.89,2.01,1.88,2.03,1.89,2.03,1.85,1.98,2.2,3.3,3.4,,,,,,,2.24,3.45,3.43,,,,,,,2.36,3.5,3.43,2.24,3.41,3.3,1.85,1.93,1.86,2.05,1.9,2.1,1.83,2.01,-0.25,1.91,1.99,1.93,1.99,2.01,1.99,1.93,1.94,2425,2.1,3.5,3.3,2.18,3.79,3.3,2.2,3.65,3.55,1.69,2.16,1.91,2.07,2.2,3.4,3.3,2.36,3.4,3.21,2.3,3.55,3.45,1.94,2.04,1.97,2.0,,,,,,,,,,,,,,,,,,,,,,,,,,,,,,,,,,,,,,,,,,,,
E0,16/04/2025,19:30,Newcastle,Crystal Palace,5,0,H,4,0,H,D England,14,11,7,4,9,15,5,4,2,3,0,0,1.67,3.9,5.0,,,,,,,1.72,4.01,4.84,,,,,,,1.75,4.15,5.0,1.71,3.96,4.75,1.73,2.1,1.71,2.22,1.74,2.22,1.69,2.18,-0.75,1.92,1.98,1.93,1.97,1.93,2.01,1.89,1.94,1.65,3.9,5.0,,,,,,,1.68,3.99,5.24,,,,,,,1.7,4.15,5.37,1.67,3.99,5.1,1.67,2.2,1.71,2.23,1.71,2.32,1.67,2.23,-0.75,1.86,2.04,1.89,2.04,1.89,2.08,1.84,2.02,2425,1.7,3.9,5.0,1.74,4.01,4.94,1.75,4.1,5.3,1.73,2.3,1.94,2.03,1.67,3.9,5.0,1.68,4.02,5.37,1.71,4.1,5.6,1.75,2.32,1.9,2.1,,,,,,,,,,,,,,,,,,,,,,,,,,,,,,,,,,,,,,,,,,,,
E0,19/04/2025,15:00,Brentford,Brighton,4,2,H,1,1,D,T Robinson,16,12,8,3,7,11,4,8,3,3,0,1,2.4,3.75,2.63,,,,,,,2.56,3.59,2.75,,,,,,,2.56,3.85,2.75,2.5,3.61,2.7,1.57,2.38,1.62,2.38,1.63,2.42,1.59,2.37,0.0,1.85,2.05,1.88,2.02,1.89,2.05,1.85,2.01,2.6,3.5,2.55,,,,,,,2.7,3.66,2.6,,,,,,,2.75,3.7,2.74,2.64,3.58,2.59,1.57,2.38,1.63,2.4,1.63,2.47,1.6,2.37,0.0,2.01,1.92,2.0,1.93,2.02,1.95,1.96,1.92,2425,2.5,3.6,2.75,2.52,3.85,2.71,2.6,3.75,2.84,1.65,2.44,1.91,2.08,2.55,3.5,2.55,2.58,3.61,2.74,2.78,3.7,2.7,1.65,2.52,2.01,1.97,,,,,,,,,,,,,,,,,,,,,,,,,,,,,,,,,,,,,,,,,,,,
E0,19/04/2025,15:00,Crystal Palace,Bournemouth,0,0,D,0,0,D,S Barrott,5,15,0,4,13,10,5,4,3,4,1,0,2.45,3.6,2.63,,,,,,,2.59,3.61,2.71,,,,,,,2.6,3.65,2.78,2.54,3.54,2.69,1.8,2.0,1.81,2.09,1.82,2.1,1.78,2.04,0.0,1.88,2.02,1.91,2.0,1.91,2.02,1.86,2.0,2.5,3.5,2.7,,,,,,,2.59,3.54,2.79,,,,,,,2.66,3.58,2.79,2.57,3.49,2.72,1.73,2.1,1.79,2.13,1.8,2.21,1.75,2.11,0.0,1.87,2.06,1.89,2.04,1.89,2.06,1.87,2.01,2425,2.55,3.5,2.7,2.59,3.57,2.78,2.66,3.6,2.82,1.84,2.14,1.93,2.04,2.55,3.4,2.63,2.56,3.58,2.77,2.66,3.6,2.86,1.82,2.2,1.93,2.06,,,,,,,,,,,,,,,,,,,,,,,,,,,,,,,,,,,,,,,,,,,,
E0,19/04/2025,15:00,Everton,Man City,0,2,A,0,0,D,S Hooper,8,12,3,7,7,6,2,5,4,0,0,0,3.7,3.6,1.91,,,,,,,3.79,3.74,1.99,,,,,,,4.0,3.75,2.0,3.8,3.65,1.96,1.86,2.04,1.86,2.04,1.87,2.04,1.83,2.0,0.5,1.93,1.97,1.91,2.0,1.97,2.0,1.88,1.95,4.0,3.6,1.9,,,,,,,4.13,3.73,1.93,,,,,,,4.3,3.75,1.97,4.06,3.64,1.91,1.86,2.04,1.85,2.06,2.0,2.06,1.87,1.97,0.5,1.98,1.95,1.99,1.93,1.99,1.97,1.94,1.91,2425,4.0,3.6,1.95,3.94,3.72,1.99,4.1,3.75,2.02,1.89,2.1,1.96,2.02,4.1,3.5,1.87,4.3,3.68,1.9,4.4,3.75,1.96,1.91,2.08,2.03,1.96,,,,,,,,,,,,,,,,,,,,,,,,,,,,,,,,,,,,,,,,,,,,
E0,19/04/2025,15:00,West Ham,Southampton,1,1,D,0,0,D,A Kitchen,12,15,4,4,14,13,2,5,2,1,0,0,1.48,4.33,6.5,,,,,,,1.5,4.61,6.49,,,,,,,1.52,4.65,6.72,1.49,4.49,6.44,1.73,2.1,1.7,2.23,1.75,2.25,1.68,2.19,-1.0,1.82,2.08,1.83,2.1,1.83,2.1,1.79,2.06,1.62,4.2,5.0,,,,,,,1.64,4.3,5.25,,,,,,,1.64,4.45,5.7,1.6,4.3,5.37,1.57,2.38,1.62,2.4,1.63,2.42,1.6,2.36,-1.0,2.09,1.84,2.08,1.85,2.09,1.96,1.99,1.87,2425,1.5,4.4,6.5,1.52,4.58,6.72,1.55,4.6,7.0,1.75,2.24,1.84,2.05,1.57,4.2,5.5,1.59,4.45,5.61,1.64,4.5,5.9,1.67,2.48,2.08,1.88,,,,,,,,,,,,,,,,,,,,,,,,,,,,,,,,,,,,,,,,,,,,
E0,19/04/2025,17:30,Aston Villa,Newcastle,4,1,H,1,1,D,J Gillett,23,10,9,3,9,12,7,7,1,3,0,0,2.3,3.6,2.75,,,,,,,2.38,3.7,2.92,,,,,,,2.42,3.75,2.95,2.36,3.63,2.85,1.62,2.3,1.66,2.31,1.69,2.35,1.63,2.28,-0.25,2.07,1.83,2.08,1.84,2.08,1.84,2.03,1.81,2.55,3.7,2.6,,,,,,,2.55,3.65,2.71,,,,,,,2.68,3.77,2.8,2.54,3.6,2.69,1.62,2.3,1.65,2.35,1.65,2.45,1.61,2.33,0.0,1.93,2.0,1.93,2.0,1.93,2.07,1.89,2.0,2425,2.4,3.5,2.88,2.42,3.69,2.93,2.46,3.7,3.0,1.7,2.38,2.13,1.85,2.45,3.5,2.7,2.68,3.77,2.55,2.62,3.7,2.84,1.7,2.4,1.91,2.08,,,,,,,,,,,,,,,,,,,,,,,,,,,,,,,,,,,,,,,,,,,,
E0,20/04/2025,14:00,Fulham,Chelsea,1,2,A,1,0,H,A Taylor,6,13,1,8,13,9,6,4,1,3,0,0,2.7,3.7,2.35,,,,,,,2.9,3.55,2.45,,,,,,,2.9,3.7,2.54,2.82,3.52,2.43,1.84,2.06,1.83,2.05,1.86,2.06,1.81,2.01,0.25,1.81,2.09,1.79,2.12,1.81,2.12,1.76,2.04,3.1,3.6,2.25,,,,,,,3.15,3.61,2.31,,,,,,,3.28,3.7,2.39,3.07,3.57,2.3,1.73,2.1,1.79,2.13,1.82,2.18,1.76,2.1,0.25,1.93,2.0,1.92,2.01,1.93,2.02,1.88,1.94,2425,2.88,3.4,2.3,2.83,3.59,2.54,2.98,3.65,2.52,1.79,1.94,1.83,2.18,2.9,3.5,2.3,3.28,3.65,2.22,3.25,3.65,2.36,1.82,2.2,1.94,2.05,,,,,,,,,,,,,,,,,,,,,,,,,,,,,,,,,,,,,,,,,,,,
E0,20/04/2025,14:00,Ipswich,Arsenal,0,4,A,0,2,A,C Kavanagh,4,24,0,7,10,7,0,12,0,0,1,0,8.0,4.5,1.4,,,,,,,7.87,4.95,1.41,,,,,,,8.35,5.0,1.42,7.83,4.81,1.4,1.73,2.1,1.74,2.17,1.79,2.17,1.72,2.13,1.25,1.98,1.92,1.97,1.93,1.98,1.93,1.93,1.9,9.5,5.0,1.36,,,,,,,8.93,5.22,1.37,,,,,,,9.97,5.3,1.37,9.07,5.12,1.35,1.67,2.2,1.68,2.27,1.68,2.35,1.64,2.28,1.5,1.86,2.07,1.86,2.07,1.9,2.07,1.85,2.0,2425,8.0,4.75,1.36,8.35,5.0,1.42,9.2,5.0,1.44,1.79,2.22,1.89,1.85,9.0,4.75,1.33,9.97,5.04,1.37,10.0,5.3,1.4,1.7,2.42,1.9,2.07,,,,,,,,,,,,,,,,,,,,,,,,,,,,,,,,,,,,,,,,,,,,
E0,20/04/2025,14:00,Man United,Wolves,0,1,A,0,0,D,R Jones,12,4,2,2,11,18,9,2,2,3,0,0,2.0,3.6,3.6,,,,,,,2.01,3.63,3.82,,,,,,,2.03,3.67,3.85,2.0,3.58,3.72,1.97,1.93,1.97,1.92,1.98,1.94,1.93,1.89,-0.5,2.02,1.88,2.02,1.89,2.02,1.9,1.99,1.85,2.55,3.5,2.7,,,,,,,2.6,3.5,2.8,,,,,,,2.6,3.56,2.89,2.56,3.44,2.76,1.95,1.95,1.96,1.94,2.0,2.01,1.91,1.93,0.0,1.89,2.04,1.88,2.04,1.89,2.08,1.86,2.02,2425,2.0,3.4,3.6,2.03,3.67,3.85,2.1,3.65,3.9,2.04,1.94,2.1,1.88,2.55,3.4,2.7,2.48,3.56,2.89,2.68,3.6,2.86,2.0,1.99,1.93,2.06,,,,,,,,,,,,,,,,,,,,,,,,,,,,,,,,,,,,,,,,,,,,
E0,20/04/2025,16:30,Leicester,Liverpool,0,1,A,0,0,D,S Attwell,5,28,0,10,11,7,1,13,1,2,0,0,11.0,6.25,1.22,,,,,,,11.65,6.96,1.23,,,,,,,14.0,7.0,1.26,11.76,6.63,1.23,1.44,2.75,1.44,2.81,1.45,2.85,1.44,2.74,1.75,2.05,1.85,2.06,1.83,2.06,1.85,2.02,1.82,10.0,6.5,1.22,,,,,,,13.5,7.25,1.22,,,,,,,13.5,7.4,1.26,11.84,6.92,1.22,1.36,3.2,1.37,3.17,1.39,3.37,1.36,3.15,2.0,1.78,2.03,1.83,2.08,1.88,2.12,1.83,2.03,2425,11.0,6.5,1.2,11.9,6.62,1.26,13.5,7.2,1.26,1.49,2.92,2.12,1.75,11.0,6.5,1.2,11.6,7.26,1.24,15.0,7.6,1.24,1.42,3.3,1.87,2.14,,,,,,,,,,,,,,,,,,,,,,,,,,,,,,,,,,,,,,,,,,,,
E0,21/04/2025,20:00,Tottenham,Nott'm Forest,1,2,A,0,2,A,P Bankes,22,4,6,3,11,12,7,1,1,4,0,0,2.45,3.6,2.63,,,,,,,2.52,3.78,2.69,,,,,,,2.55,3.85,2.78,2.47,3.71,2.66,1.57,2.38,1.61,2.41,1.63,2.43,1.58,2.38,0.0,1.87,2.03,1.89,2.02,1.89,2.03,1.86,2.0,2.3,3.5,3.0,,,,,,,2.4,3.55,3.06,,,,,,,2.46,3.6,3.06,2.4,3.49,2.96,1.67,2.2,1.69,2.26,1.7,2.31,1.67,2.22,-0.25,2.01,1.8,2.08,1.85,2.09,1.86,2.05,1.81,2425,2.5,3.6,2.63,2.55,3.75,2.73,2.6,3.8,2.78,1.57,2.28,1.91,2.06,2.3,3.4,2.9,2.42,3.6,2.95,2.44,3.6,3.15,1.76,2.3,2.1,1.89,,,,,,,,,,,,,,,,,,,,,,,,,,,,,,,,,,,,,,,,,,,,
E0,22/04/2025,20:00,Man City,Aston Villa,2,1,H,1,1,D,C Pawson,14,7,6,3,9,10,10,2,3,3,0,0,1.8,4.1,3.9,,,,,,,1.87,4.09,4.0,,,,,,,1.88,4.23,4.1,1.85,4.06,3.93,1.53,2.5,1.55,2.6,1.55,2.63,1.51,2.56,-0.5,1.85,2.05,1.88,2.05,1.88,2.05,1.84,2.01,1.85,3.9,3.75,,,,,,,1.91,4.06,3.96,,,,,,,1.98,4.06,3.96,1.91,3.92,3.84,1.62,2.3,1.63,2.39,1.64,2.5,1.59,2.39,-0.5,1.89,2.01,1.91,2.02,1.95,2.02,1.9,1.95,2425,1.83,4.0,4.0,1.85,4.23,4.01,1.9,4.2,4.1,1.56,2.74,1.89,2.11,1.91,3.9,3.9,1.91,4.02,3.87,1.93,4.2,4.0,1.64,2.54,1.92,2.05,,,,,,,,,,,,,,,,,,,,,,,,,,,,,,,,,,,,,,,,,,,,
E0,23/04/2025,20:00,Arsenal,Crystal Palace,2,2,D,2,1,H,M Salisbury,12,15,6,4,4,6,3,6,1,1,0,0,1.4,4.75,7.5,,,,,,,1.42,4.74,8.22,,,,,,,1.45,4.8,9.0,1.41,4.66,8.13,1.91,1.99,1.89,1.99,1.92,1.99,1.87,1.95,-1.25,1.95,1.95,1.95,1.95,1.95,1.95,1.92,1.91,1.4,4.5,8.0,,,,,,,1.4,4.85,9.1,,,,,,,1.43,5.0,9.5,1.4,4.77,8.6,1.73,2.1,1.77,2.15,1.77,2.23,1.74,2.13,-1.25,1.92,1.98,1.92,2.0,1.93,2.04,1.87,1.99,2425,1.4,4.5,8.0,1.45,4.74,8.05,1.41,5.1,9.8,1.9,2.04,1.97,1.99,1.36,4.75,9.5,1.43,4.64,8.69,1.41,5.2,9.6,1.8,2.22,1.95,2.04,,,,,,,,,,,,,,,,,,,,,,,,,,,,,,,,,,,,,,,,,,,,
E0,26/04/2025,12:30,Chelsea,Everton,1,0,H,1,0,H,C Kavanagh,10,6,7,3,11,11,10,2,0,0,0,0,1.55,4.0,6.0,,,,,,,1.58,4.17,6.05,,,,,,,1.62,4.18,6.1,1.58,4.08,5.91,1.88,2.02,1.88,2.0,1.89,2.02,1.85,1.97,-1.0,2.01,1.89,2.02,1.88,2.02,1.9,1.99,1.85,1.42,4.75,7.0,,,,,,,1.44,4.95,7.5,,,,,,,1.47,4.95,7.7,1.44,4.79,7.31,1.62,2.3,1.66,2.34,1.67,2.4,1.64,2.28,-1.25,1.98,1.92,2.0,1.93,2.0,1.97,1.96,1.9,2425,1.57,4.0,6.0,1.61,4.18,6.06,1.62,4.2,6.6,1.91,2.08,2.06,1.91,1.4,4.75,7.5,1.44,4.87,7.7,1.46,5.1,8.2,1.7,2.4,2.0,1.96,,,,,,,,,,,,,,,,,,,,,,,,,,,,,,,,,,,,,,,,,,,,
E0,26/04/2025,15:00,Brighton,West Ham,3,2,H,1,0,H,D England,16,12,9,4,7,9,8,1,1,1,0,0,1.67,4.2,4.75,,,,,,,1.7,4.2,4.75,,,,,,,1.7,4.28,5.0,1.67,4.14,4.76,1.67,2.2,1.7,2.23,1.73,2.27,1.67,2.21,-0.75,1.88,2.02,1.89,2.01,1.9,2.02,1.85,1.98,1.75,4.0,4.2,,,,,,,1.79,4.0,4.46,,,,,,,1.84,4.11,4.66,1.78,3.96,4.36,1.73,2.1,1.76,2.15,1.82,2.3,1.72,2.14,-0.75,2.02,1.88,2.02,1.9,2.06,1.9,2.0,1.87,2425,1.67,4.1,5.0,1.7,4.28,4.89,1.76,4.2,5.1,1.73,2.34,1.96,2.02,1.73,4.0,4.6,1.8,4.11,4.32,1.85,4.1,4.6,1.78,2.26,2.07,1.92,,,,,,,,,,,,,,,,,,,,,,,,,,,,,,,,,,,,,,,,,,,,
E0,26/04/2025,15:00,Newcastle,Ipswich,3,0,H,1,0,H,M Salisbury,25,4,5,0,9,9,11,2,1,2,0,1,1.18,7.5,13.0,,,,,,,1.18,8.02,14.29,,,,,,,1.19,8.2,17.0,1.18,7.72,14.89,1.36,3.2,1.35,3.28,1.36,3.3,1.34,3.18,-2.0,1.85,2.05,1.81,2.06,1.85,2.06,1.81,2.03,1.2,7.0,13.0,,,,,,,1.17,8.5,17.5,,,,,,,1.2,9.4,18.0,1.17,8.08,15.61,1.33,3.4,1.34,3.3,1.36,3.58,1.33,3.32,-2.0,1.89,2.01,1.88,2.03,1.89,2.15,1.81,2.06,2425,1.17,8.0,17.0,1.19,8.0,16.5,1.21,8.4,18.0,1.38,3.55,1.83,2.12,1.14,9.0,18.0,1.18,8.06,16.1,1.19,8.8,20.0,1.38,3.55,1.81,2.18,,,,,,,,,,,,,,,,,,,,,,,,,,,,,,,,,,,,,,,,,,,,
E0,26/04/2025,15:00,Southampton,Fulham,1,2,A,1,0,H,T Harrington,7,26,3,5,10,12,0,13,1,1,0,0,5.25,4.0,1.6,,,,,,,5.28,4.2,1.64,,,,,,,5.44,4.3,1.67,5.17,4.11,1.64,1.73,2.1,1.73,2.17,1.76,2.19,1.71,2.13,1.0,1.81,2.09,1.82,2.1,1.82,2.13,1.78,2.07,5.0,4.0,1.65,,,,,,,5.08,4.11,1.68,,,,,,,5.53,4.2,1.7,5.15,4.08,1.65,1.67,2.2,1.7,2.25,1.7,2.33,1.68,2.21,0.75,2.05,1.85,2.05,1.88,2.09,1.88,2.04,1.83,2425,5.0,4.0,1.67,5.44,4.18,1.66,5.8,4.3,1.67,1.75,2.26,1.88,2.11,5.0,4.0,1.62,5.4,4.11,1.66,5.7,4.3,1.68,1.76,2.28,2.15,1.85,,,,,,,,,,,,,,,,,,,,,,,,,,,,,,,,,,,,,,,,,,,,
E0,26/04/2025,15:00,Wolves,Leicester,3,0,H,1,0,H,S Barrott,20,8,6,2,7,17,4,2,1,4,0,0,1.5,4.2,6.25,,,,,,,1.52,4.45,6.49,,,,,,,1.54,4.55,6.5,1.51,4.38,6.24,1.73,2.1,1.76,2.12,1.8,2.13,1.75,2.09,-1.0,1.87,2.03,1.86,2.05,1.9,2.05,1.85,1.99,1.53,4.2,6.0,,,,,,,1.55,4.46,6.03,,,,,,,1.56,4.85,6.5,1.53,4.39,6.11,1.73,2.1,1.76,2.14,1.82,2.21,1.73,2.13,-1.0,1.93,1.97,1.93,1.99,1.94,2.05,1.89,1.98,2425,1.5,4.33,6.5,1.54,4.54,6.42,1.59,4.4,6.8,1.81,2.18,1.93,2.05,1.5,4.4,6.5,1.56,4.31,6.41,1.57,4.6,6.8,1.8,2.24,1.94,2.05,,,,,,,,,,,,,,,,,,,,,,,,,,,,,,,,,,,,,,,,,,,,
E0,27/04/2025,14:00,Bournemouth,Man United,1,1,D,1,0,H,P Bankes,8,25,1,6,11,12,5,10,4,2,1,0,1.67,4.0,4.5,,,,,,,1.68,4.21,4.86,,,,,,,1.71,4.25,4.95,1.67,4.13,4.77,1.67,2.2,1.71,2.2,1.74,2.25,1.68,2.2,-0.75,1.88,2.02,1.88,2.03,1.88,2.03,1.85,1.98,1.91,3.8,3.7,,,,,,,1.98,3.93,3.72,,,,,,,2.02,4.1,4.0,1.95,3.83,3.69,1.73,2.1,1.74,2.19,1.82,2.28,1.71,2.17,-0.5,1.98,1.92,1.99,1.93,2.0,2.0,1.94,1.91,2425,1.7,4.1,4.75,1.71,4.23,4.89,1.72,4.3,5.0,1.74,2.3,1.92,2.06,1.87,3.7,3.9,2.02,3.9,3.58,1.99,4.0,3.9,1.73,2.34,1.98,2.02,,,,,,,,,,,,,,,,,,,,,,,,,,,,,,,,,,,,,,,,,,,,
E0,27/04/2025,16:30,Liverpool,Tottenham,5,1,H,3,1,H,T Bramall,25,8,8,3,16,9,8,2,2,1,0,0,1.25,6.0,11.0,,,,,,,1.27,6.89,9.07,,,,,,,1.27,6.89,11.0,1.25,6.57,9.98,1.33,3.4,1.32,3.43,1.33,3.55,1.31,3.38,-1.75,1.87,2.03,1.87,2.02,1.87,2.04,1.83,2.0,1.2,7.0,13.0,,,,,,,1.2,7.95,13.75,,,,,,,1.26,8.0,15.0,1.2,7.4,12.79,1.3,3.5,1.32,3.48,1.32,4.1,1.3,3.55,-2.0,1.86,2.04,1.87,2.04,2.0,2.04,1.87,1.99,2425,1.22,6.5,11.0,1.27,6.78,10.7,1.27,7.2,11.5,1.36,3.65,1.87,2.08,1.18,7.0,11.0,1.23,7.1,13.4,1.24,8.0,14.0,1.33,3.95,1.92,2.06,,,,,,,,,,,,,,,,,,,,,,,,,,,,,,,,,,,,,,,,,,,,
E0,01/05/2025,19:30,Nott'm Forest,Brentford,0,2,A,0,1,A,D England,14,11,5,3,10,12,4,5,3,5,0,0,2.15,3.5,3.25,,,,,,,2.2,3.58,3.34,,,,,,,2.22,3.72,3.34,2.17,3.55,3.27,1.8,2.0,1.8,2.09,1.84,2.09,1.79,2.04,-0.25,1.9,2.0,1.91,1.99,1.91,2.01,1.87,1.96,2.3,3.5,3.0,,,,,,,2.35,3.61,3.22,,,,,,,2.38,3.65,3.26,2.31,3.54,3.07,1.73,2.1,1.74,2.2,1.82,2.24,1.73,2.14,-0.25,2.03,1.87,1.97,1.95,2.06,1.95,1.98,1.88,2425,2.15,3.5,3.3,2.21,3.72,3.28,2.26,3.7,3.45,1.86,2.1,1.95,2.03,2.3,3.5,3.1,2.25,3.58,3.26,2.4,3.7,3.15,1.74,2.32,2.07,1.92,,,,,,,,,,,,,,,,,,,,,,,,,,,,,,,,,,,,,,,,,,,,
E0,02/05/2025,20:00,Man City,Wolves,1,0,H,1,0,H,P Bankes,9,6,2,1,7,11,4,5,0,0,0,0,1.4,4.75,7.5,,,,,,,1.41,5.27,7.55,,,,,,,1.43,5.3,8.0,1.4,5.14,7.49,1.53,2.5,1.56,2.56,1.56,2.57,1.52,2.51,-1.25,1.86,2.04,1.88,2.05,1.88,2.07,1.84,2.0,1.33,5.25,9.0,,,,,,,1.33,5.6,9.75,,,,,,,1.36,5.7,9.8,1.34,5.42,9.09,1.57,2.38,1.58,2.49,1.58,2.58,1.55,2.47,-1.5,1.95,1.95,1.96,1.96,2.0,1.96,1.94,1.91,2425,1.36,5.0,8.0,1.43,5.19,7.5,1.43,5.3,8.6,1.58,2.68,1.91,2.07,1.3,5.0,9.0,1.36,5.36,9.18,1.37,5.7,10.0,1.61,2.62,2.01,1.98,,,,,,,,,,,,,,,,,,,,,,,,,,,,,,,,,,,,,,,,,,,,
E0,03/05/2025,12:30,Aston Villa,Fulham,1,0,H,1,0,H,R Jones,10,11,3,3,6,17,5,3,0,5,0,0,1.77,3.75,4.5,,,,,,,1.82,3.96,4.27,,,,,,,1.85,4.0,4.6,1.79,3.88,4.32,1.68,2.05,1.73,2.19,1.77,2.19,1.72,2.12,-0.75,2.05,1.85,2.07,1.85,2.07,1.88,2.02,1.82,1.85,3.75,4.0,,,,,,,1.88,3.78,4.28,,,,,,,1.9,3.85,4.4,1.86,3.75,4.18,1.73,2.1,1.75,2.17,1.75,2.25,1.71,2.17,-0.5,1.88,2.02,1.88,2.04,1.9,2.04,1.86,1.99,2425,1.75,3.9,4.6,1.85,3.91,4.38,1.84,4.0,4.7,1.78,2.24,2.07,1.91,1.85,3.6,4.4,1.86,3.85,4.32,1.91,3.85,4.5,1.78,2.26,1.91,2.08,,,,,,,,,,,,,,,,,,,,,,,,,,,,,,,,,,,,,,,,,,,,
E0,03/05/2025,15:00,Everton,Ipswich,2,2,D,2,1,H,L Smith,8,12,3,5,12,15,3,3,4,4,0,0,1.45,4.33,6.5,,,,,,,1.47,4.53,7.28,,,,,,,1.49,4.55,7.6,1.47,4.4,7.07,1.95,1.95,1.92,1.97,1.97,1.99,1.89,1.93,-1.0,1.82,2.08,1.77,2.13,1.83,2.13,1.78,2.07,1.55,4.33,5.75,,,,,,,1.57,4.3,6.09,,,,,,,1.59,4.45,6.13,1.56,4.28,5.91,1.73,2.1,1.78,2.13,1.82,2.2,1.76,2.09,-1.0,1.95,1.95,1.96,1.96,1.98,1.98,1.94,1.92,2425,1.47,4.33,7.5,1.49,4.49,7.6,1.52,4.5,8.0,1.98,1.98,1.84,2.13,1.53,4.1,6.0,1.59,4.45,5.64,1.59,4.4,6.6,1.84,2.18,2.01,1.96,,,,,,,,,,,,,,,,,,,,,,,,,,,,,,,,,,,,,,,,,,,,
E0,03/05/2025,15:00,Leicester,Southampton,2,0,H,2,0,H,D Webb,14,8,4,2,12,13,7,7,1,3,0,0,2.3,3.6,2.88,,,,,,,2.37,3.7,2.93,,,,,,,2.4,3.75,3.1,2.33,3.62,2.93,1.68,2.05,1.75,2.14,1.79,2.15,1.74,2.09,-0.25,2.05,1.85,2.07,1.85,2.07,1.86,2.01,1.82,2.35,3.6,2.88,,,,,,,2.45,3.61,2.91,,,,,,,2.55,3.65,3.01,2.42,3.55,2.87,1.73,2.1,1.79,2.11,1.9,2.14,1.77,2.08,-0.25,2.09,1.81,2.14,1.81,2.14,1.86,2.08,1.8,2425,2.3,3.5,3.1,2.33,3.75,3.03,2.44,3.75,3.05,1.81,2.2,2.11,1.88,2.4,3.4,2.8,2.37,3.61,3.01,2.52,3.65,3.0,1.84,2.16,2.18,1.83,,,,,,,,,,,,,,,,,,,,,,,,,,,,,,,,,,,,,,,,,,,,
E0,03/05/2025,17:30,Arsenal,Bournemouth,1,2,A,1,0,H,J Gillett,13,9,4,2,7,16,2,3,0,2,0,0,2.05,3.7,3.4,,,,,,,2.07,3.63,3.62,,,,,,,2.14,3.7,3.62,2.08,3.6,3.47,1.87,2.03,1.86,2.03,1.87,2.06,1.84,1.99,-0.25,1.82,2.08,1.79,2.11,1.87,2.11,1.79,2.05,1.67,4.0,4.75,,,,,,,1.68,4.05,5.25,,,,,,,1.75,4.18,5.36,1.68,4.04,4.93,1.67,2.2,1.68,2.29,1.71,2.29,1.68,2.21,-0.75,1.87,2.03,1.88,2.05,1.89,2.11,1.86,2.01,2425,2.05,3.6,3.5,2.11,3.65,3.61,2.16,3.7,3.65,1.89,2.1,1.87,2.12,1.65,3.9,5.0,1.66,4.18,5.36,1.74,4.1,5.2,1.75,2.32,1.93,2.04,,,,,,,,,,,,,,,,,,,,,,,,,,,,,,,,,,,,,,,,,,,,
E0,04/05/2025,14:00,Brentford,Man United,4,3,H,2,1,H,A Taylor,12,14,6,5,8,10,7,4,0,2,0,0,1.65,4.1,4.75,,,,,,,1.7,4.23,4.7,,,,,,,1.71,4.25,4.95,1.67,4.14,4.74,1.67,2.2,1.7,2.22,1.73,2.29,1.67,2.21,-0.75,1.88,2.02,1.9,2.01,1.9,2.02,1.85,1.99,1.62,4.33,4.75,,,,,,,1.65,4.34,4.96,,,,,,,1.72,4.55,5.2,1.65,4.36,4.79,1.53,2.5,1.56,2.56,1.58,2.62,1.53,2.53,-1.0,2.07,1.83,2.15,1.78,2.15,1.85,2.07,1.8,2425,1.7,4.1,4.6,1.71,4.18,4.94,1.76,4.3,4.9,1.7,2.38,1.94,1.98,1.62,4.2,4.75,1.7,4.46,4.61,1.68,4.5,5.3,1.56,2.76,2.11,1.88,,,,,,,,,,,,,,,,,,,,,,,,,,,,,,,,,,,,,,,,,,,,
E0,04/05/2025,14:00,Brighton,Newcastle,1,1,D,1,0,H,C Pawson,5,13,2,5,15,10,1,4,2,1,0,0,2.88,3.7,2.3,,,,,,,2.92,3.82,2.33,,,,,,,2.93,3.91,2.38,2.86,3.77,2.31,1.53,2.5,1.56,2.52,1.61,2.52,1.55,2.47,0.25,1.83,2.03,1.87,2.05,1.87,2.05,1.83,1.97,3.1,3.7,2.15,,,,,,,3.13,3.75,2.26,,,,,,,3.35,3.8,2.38,3.12,3.71,2.21,1.57,2.38,1.61,2.44,1.61,2.55,1.57,2.44,0.25,1.93,1.93,1.94,1.98,2.03,1.99,1.94,1.89,2425,2.88,3.75,2.3,2.93,3.91,2.33,2.94,3.9,2.42,1.59,2.62,1.87,2.12,3.0,3.6,2.2,3.35,3.8,2.13,3.3,3.9,2.24,1.6,2.62,2.02,1.97,,,,,,,,,,,,,,,,,,,,,,,,,,,,,,,,,,,,,,,,,,,,
E0,04/05/2025,14:00,West Ham,Tottenham,1,1,D,1,1,D,M Oliver,11,7,2,2,18,15,1,3,2,2,0,0,2.1,3.7,3.25,,,,,,,2.08,3.73,3.5,,,,,,,2.15,3.85,3.5,2.1,3.73,3.31,1.57,2.38,1.62,2.4,1.62,2.5,1.56,2.4,-0.25,1.75,2.05,1.81,2.09,1.83,2.09,1.8,2.02,1.83,3.9,4.0,,,,,,,1.85,3.95,4.22,,,,,,,1.91,4.0,4.22,1.86,3.93,3.97,1.57,2.38,1.61,2.44,1.61,2.5,1.58,2.4,-0.5,1.84,2.06,1.86,2.07,1.89,2.07,1.85,1.99,2425,2.1,3.75,3.25,2.12,3.85,3.4,2.14,3.85,3.5,1.62,2.52,1.86,2.12,1.85,3.75,3.9,1.9,3.98,3.92,1.91,4.1,4.2,1.64,2.54,1.91,2.08,,,,,,,,,,,,,,,,,,,,,,,,,,,,,,,,,,,,,,,,,,,,
E0,04/05/2025,16:30,Chelsea,Liverpool,3,1,H,1,0,H,S Hooper,17,11,7,2,10,11,3,6,2,2,0,0,2.15,3.7,3.1,,,,,,,2.19,3.78,3.21,,,,,,,2.21,3.8,3.24,2.18,3.71,3.14,1.53,2.5,1.56,2.51,1.56,2.53,1.54,2.45,-0.25,1.88,2.02,1.92,1.99,1.92,2.04,1.88,1.96,2.3,3.6,2.8,,,,,,,2.34,3.84,2.95,,,,,,,2.49,3.85,2.98,2.35,3.71,2.86,1.5,2.63,1.5,2.71,1.53,2.71,1.5,2.61,-0.25,2.03,1.87,2.05,1.88,2.11,1.88,2.03,1.84,2425,2.15,3.75,3.2,2.21,3.77,3.24,2.24,3.9,3.3,1.6,2.58,1.95,2.02,2.25,3.6,2.8,2.49,3.73,2.77,2.4,3.9,3.0,1.53,2.84,2.09,1.91,,,,,,,,,,,,,,,,,,,,,,,,,,,,,,,,,,,,,,,,,,,,
E0,05/05/2025,20:00,Crystal Palace,Nott'm Forest,1,1,D,0,0,D,A Madley,20,12,3,4,9,15,7,4,3,8,0,0,2.25,3.4,3.2,,,,,,,2.31,3.44,3.23,,,,,,,2.35,3.47,3.24,2.29,3.38,3.15,2.01,1.89,2.01,1.88,2.01,1.9,1.96,1.86,-0.25,1.93,1.85,1.99,1.91,1.99,1.91,1.95,1.87,2.15,3.4,3.4,,,,,,,2.19,3.5,3.5,,,,,,,2.27,3.5,3.5,2.2,3.43,3.39,2.01,1.89,2.0,1.91,2.05,1.92,1.96,1.88,-0.25,1.87,2.03,1.89,2.03,1.92,2.04,1.88,1.98,2425,2.25,3.25,3.2,2.33,3.47,3.24,2.38,3.45,3.35,1.93,1.79,2.03,1.96,2.15,3.3,3.3,2.27,3.48,3.31,2.26,3.55,3.55,2.04,1.94,1.94,2.05,,,,,,,,,,,,,,,,,,,,,,,,,,,,,,,,,,,,,,,,,,,,
E0,10/05/2025,15:00,Fulham,Everton,1,3,A,1,1,D,M Salisbury,18,11,6,7,15,9,5,5,1,0,0,0,1.82,3.4,4.5,,,,,,,1.88,3.57,4.45,,,,,,,1.92,3.71,4.5,1.87,3.55,4.32,2.0,1.8,2.1,1.8,2.12,1.83,2.04,1.79,-0.5,1.89,2.01,1.89,2.01,1.92,2.01,1.86,1.97,1.75,3.6,5.0,,,,,,,1.77,3.75,4.94,,,,,,,1.79,3.8,5.09,1.76,3.68,4.89,2.0,1.9,2.04,1.88,2.1,1.91,1.99,1.85,-0.75,1.99,1.91,2.01,1.92,2.03,1.92,1.98,1.88,2425,1.8,3.5,4.5,1.9,3.71,4.38,1.9,3.65,4.9,1.95,1.76,1.9,2.09,1.73,3.6,4.75,1.78,3.66,5.09,1.8,3.85,5.3,2.06,1.93,2.05,1.94,,,,,,,,,,,,,,,,,,,,,,,,,,,,,,,,,,,,,,,,,,,,
E0,10/05/2025,15:00,Ipswich,Brentford,0,1,A,0,1,A,S Barrott,11,15,4,5,6,12,5,6,2,4,0,0,5.0,4.0,1.65,,,,,,,5.1,4.21,1.66,,,,,,,5.1,4.53,1.68,4.94,4.2,1.65,1.53,2.5,1.55,2.54,1.55,2.65,1.51,2.52,1.0,1.78,2.03,1.81,2.08,1.83,2.08,1.79,2.05,5.75,4.5,1.5,,,,,,,5.83,4.84,1.52,,,,,,,6.0,4.85,1.57,5.66,4.68,1.53,1.44,2.75,1.44,2.87,1.48,2.89,1.44,2.81,1.25,1.83,2.07,1.84,2.1,1.84,2.14,1.8,2.08,2425,5.0,4.0,1.62,4.94,4.53,1.66,5.6,4.4,1.68,1.55,2.72,1.84,1.99,5.5,4.5,1.5,5.64,4.61,1.57,6.4,4.9,1.55,1.49,3.0,1.85,2.15,,,,,,,,,,,,,,,,,,,,,,,,,,,,,,,,,,,,,,,,,,,,
E0,10/05/2025,15:00,Southampton,Man City,0,0,D,0,0,D,T Robinson,2,26,0,5,9,8,1,15,2,0,0,0,11.0,7.5,1.2,,,,,,,14.01,7.65,1.19,,,,,,,15.0,8.0,1.2,13.37,7.58,1.19,1.36,3.2,1.35,3.24,1.36,3.45,1.33,3.22,2.0,1.98,1.92,1.97,1.92,2.0,1.92,1.95,1.88,13.0,7.0,1.2,,,,,,,15.0,8.0,1.19,,,,,,,15.0,8.1,1.22,13.84,7.49,1.19,1.4,3.0,1.41,2.93,1.45,3.2,1.4,2.98,2.0,1.86,2.04,1.88,2.03,1.99,2.04,1.89,1.96,2425,13.0,8.0,1.17,15.0,7.95,1.2,15.0,8.6,1.22,1.33,3.0,1.83,1.81,14.0,7.5,1.15,14.1,7.28,1.22,17.0,8.4,1.21,1.45,3.2,1.94,2.02,,,,,,,,,,,,,,,,,,,,,,,,,,,,,,,,,,,,,,,,,,,,
E0,10/05/2025,15:00,Wolves,Brighton,0,2,A,0,1,A,M Oliver,10,7,3,2,8,12,7,4,1,1,0,0,2.7,3.5,2.5,,,,,,,2.76,3.47,2.61,,,,,,,2.8,3.53,2.61,2.73,3.47,2.54,1.73,2.1,1.75,2.16,1.77,2.18,1.73,2.12,0.0,1.98,1.88,2.01,1.89,2.01,1.9,1.99,1.87,2.9,3.4,2.35,,,,,,,3.08,3.39,2.45,,,,,,,3.08,3.48,2.56,2.98,3.34,2.45,2.0,1.9,1.98,1.92,2.05,1.98,1.97,1.87,0.25,1.8,2.05,1.83,2.11,1.83,2.16,1.79,2.04,2425,2.8,3.4,2.4,2.78,3.53,2.61,2.96,3.6,2.56,1.71,2.24,2.14,1.85,3.0,3.25,2.4,2.97,3.48,2.46,3.1,3.4,2.56,2.06,1.92,1.82,2.18,,,,,,,,,,,,,,,,,,,,,,,,,,,,,,,,,,,,,,,,,,,,
E0,10/05/2025,17:30,Bournemouth,Aston Villa,0,1,A,0,1,A,S Attwell,10,6,4,3,19,12,10,0,4,3,0,1,2.4,3.6,2.75,,,,,,,2.46,3.75,2.78,,,,,,,2.52,3.8,2.78,2.45,3.68,2.71,1.62,2.3,1.63,2.38,1.65,2.4,1.61,2.33,0.0,1.83,2.07,1.83,2.08,1.87,2.09,1.83,2.04,2.55,3.5,2.63,,,,,,,2.62,3.58,2.73,,,,,,,2.75,3.6,2.75,2.58,3.53,2.68,1.67,2.2,1.7,2.27,1.72,2.35,1.68,2.22,0.0,1.91,1.99,1.93,2.0,1.95,2.02,1.9,1.98,2425,2.45,3.6,2.63,2.52,3.75,2.76,2.58,3.8,2.8,1.59,2.3,1.9,2.08,2.55,3.5,2.7,2.75,3.59,2.57,2.68,3.65,2.82,1.72,2.36,1.94,2.04,,,,,,,,,,,,,,,,,,,,,,,,,,,,,,,,,,,,,,,,,,,,
E0,11/05/2025,12:00,Newcastle,Chelsea,2,0,H,1,0,H,J Brooks,15,10,6,3,9,13,2,8,4,2,0,1,2.1,3.75,3.1,,,,,,,2.15,3.78,3.28,,,,,,,2.16,4.0,3.28,2.13,3.76,3.18,1.57,2.38,1.59,2.45,1.59,2.55,1.55,2.43,-0.25,1.89,2.01,1.88,2.02,1.89,2.02,1.85,1.98,2.2,3.75,3.0,,,,,,,2.29,3.73,3.1,,,,,,,2.29,3.85,3.1,2.24,3.75,3.03,1.53,2.5,1.56,2.51,1.61,2.51,1.56,2.46,-0.25,1.99,1.91,2.0,1.93,2.0,1.95,1.96,1.9,2425,2.15,3.6,3.1,2.14,4.0,3.24,2.28,3.85,3.3,1.53,2.44,1.98,2.01,2.2,3.6,3.0,2.25,3.84,3.07,2.34,3.85,3.15,1.62,2.6,2.03,1.95,,,,,,,,,,,,,,,,,,,,,,,,,,,,,,,,,,,,,,,,,,,,
E0,11/05/2025,14:15,Man United,West Ham,0,2,A,0,1,A,J Gillett,20,9,5,4,3,13,8,5,0,1,0,0,1.9,3.6,4.0,,,,,,,1.93,3.78,3.95,,,,,,,2.0,3.92,4.0,1.92,3.72,3.83,1.73,2.1,1.78,2.1,1.81,2.12,1.76,2.07,-0.5,1.93,1.97,1.94,1.96,1.94,1.97,1.92,1.91,2.0,3.7,3.5,,,,,,,2.02,3.68,3.74,,,,,,,2.05,3.77,3.85,2.01,3.67,3.66,1.73,2.1,1.79,2.11,1.82,2.2,1.75,2.12,-0.5,2.05,1.85,2.03,1.9,2.05,1.9,2.01,1.84,2425,2.0,3.5,3.6,1.93,3.92,3.98,2.04,3.8,3.85,1.73,2.1,2.04,1.92,1.91,3.6,3.75,1.98,3.76,3.85,2.08,3.8,3.85,1.81,2.2,2.08,1.91,,,,,,,,,,,,,,,,,,,,,,,,,,,,,,,,,,,,,,,,,,,,
E0,11/05/2025,14:15,Nott'm Forest,Leicester,2,2,D,1,1,D,T Harrington,15,10,4,6,11,11,4,4,3,3,0,0,1.33,5.25,8.0,,,,,,,1.34,5.56,8.99,,,,,,,1.36,5.7,9.8,1.33,5.34,8.83,1.67,2.2,1.69,2.23,1.72,2.28,1.66,2.22,-1.5,2.04,1.86,2.03,1.88,2.04,1.88,1.99,1.85,1.4,5.0,7.0,,,,,,,1.39,5.19,7.91,,,,,,,1.42,5.3,8.4,1.39,5.03,7.8,1.62,2.3,1.67,2.3,1.67,2.38,1.64,2.29,-1.25,1.88,2.02,1.88,2.05,1.9,2.08,1.86,2.01,2425,1.3,5.0,8.5,1.36,5.45,9.55,1.38,5.6,10.0,1.63,2.16,2.06,1.77,1.36,4.75,8.0,1.41,5.13,8.1,1.41,5.3,9.0,1.7,2.4,1.89,2.09,,,,,,,,,,,,,,,,,,,,,,,,,,,,,,,,,,,,,,,,,,,,
E0,11/05/2025,14:15,Tottenham,Crystal Palace,0,2,A,0,1,A,C Kavanagh,8,23,1,10,12,10,4,8,1,1,0,0,2.63,3.6,2.5,,,,,,,2.69,3.74,2.54,,,,,,,2.71,3.77,2.56,2.65,3.68,2.5,1.53,2.5,1.55,2.53,1.57,2.53,1.53,2.46,0.0,2.01,1.89,2.01,1.89,2.01,1.9,1.99,1.87,3.1,3.6,2.2,,,,,,,3.13,3.74,2.26,,,,,,,3.15,3.75,2.34,3.05,3.64,2.27,1.67,2.2,1.69,2.26,1.7,2.33,1.67,2.23,0.25,1.95,1.95,1.95,1.97,1.95,2.0,1.9,1.92,2425,2.63,3.5,2.55,2.71,3.77,2.56,2.82,3.7,2.58,1.61,2.52,2.05,1.91,3.0,3.6,2.2,3.02,3.68,2.34,3.15,3.8,2.34,1.73,2.36,1.94,2.04,,,,,,,,,,,,,,,,,,,,,,,,,,,,,,,,,,,,,,,,,,,,
E0,11/05/2025,16:30,Liverpool,Arsenal,2,2,D,2,0,H,A Taylor,14,15,5,7,13,10,3,1,1,1,0,1,2.0,3.6,3.6,,,,,,,2.08,3.54,3.71,,,,,,,2.1,3.65,3.71,2.06,3.54,3.57,1.73,2.1,1.73,2.18,1.76,2.2,1.71,2.14,-0.5,2.07,1.83,2.08,1.83,2.08,1.83,2.04,1.8,2.2,3.6,3.1,,,,,,,2.24,3.68,3.22,,,,,,,2.31,3.68,3.44,2.24,3.56,3.16,1.62,2.3,1.66,2.32,1.7,2.32,1.66,2.25,-0.25,1.95,1.95,1.96,1.96,1.98,1.98,1.94,1.93,2425,2.1,3.4,3.3,2.09,3.63,3.69,2.24,3.6,3.5,1.83,2.06,2.24,1.78,2.2,3.4,3.1,2.17,3.57,3.44,2.32,3.65,3.3,1.74,2.34,2.0,1.99,,,,,,,,,,,,,,,,,,,,,,,,,,,,,,,,,,,,,,,,,,,,
E0,16/05/2025,19:30,Aston Villa,Tottenham,2,0,H,0,0,D,P Bankes,18,3,7,1,5,12,9,1,1,2,0,0,1.3,6.0,8.5,,,,,,,1.33,6.02,8.61,,,,,,,1.36,6.2,9.0,1.32,5.95,8.45,1.36,3.2,1.4,3.1,1.4,3.25,1.37,3.06,-1.5,1.88,2.02,1.91,2.02,1.91,2.03,1.87,1.98,1.25,6.5,9.5,,,,,,,1.26,7.0,11.0,,,,,,,1.3,7.0,11.22,1.26,6.66,10.21,1.36,3.2,1.36,3.17,1.37,3.4,1.36,3.18,-1.75,1.89,2.01,1.91,2.01,1.96,2.03,1.88,1.98,2425,1.3,6.0,8.5,1.34,6.06,8.55,1.35,6.2,9.6,1.41,3.35,1.92,2.05,1.25,6.5,10.5,1.3,6.6,9.1,1.28,7.2,11.5,1.41,3.4,1.91,2.06,,,,,,,,,,,,,,,,,,,,,,,,,,,,,,,,,,,,,,,,,,,,
E0,16/05/2025,20:15,Chelsea,Man United,1,0,H,0,0,D,C Kavanagh,11,4,3,1,10,14,7,2,1,6,0,0,1.44,5.0,6.25,,,,,,,1.47,4.89,6.68,,,,,,,1.5,5.1,7.0,1.46,4.9,6.51,1.5,2.63,1.52,2.63,1.52,2.67,1.49,2.6,-1.25,1.99,1.91,2.0,1.93,2.02,1.93,1.96,1.89,1.55,4.5,5.25,,,,,,,1.56,4.7,5.75,,,,,,,1.62,4.7,5.99,1.57,4.53,5.46,1.53,2.5,1.57,2.58,1.61,2.63,1.54,2.51,-1.0,1.95,1.95,1.93,2.0,2.0,2.0,1.93,1.93,2425,1.44,5.0,7.0,1.47,5.0,6.93,1.48,5.2,7.2,1.55,2.78,2.04,1.94,1.55,4.6,5.5,1.62,4.62,5.13,1.6,4.7,5.9,1.59,2.68,1.98,2.01,,,,,,,,,,,,,,,,,,,,,,,,,,,,,,,,,,,,,,,,,,,,
E0,18/05/2025,12:00,Everton,Southampton,2,0,H,2,0,H,M Oliver,13,6,5,2,6,10,4,5,1,1,0,0,1.4,4.75,7.5,,,,,,,1.4,4.9,8.19,,,,,,,1.43,5.0,8.6,1.4,4.79,7.93,1.8,2.0,1.84,2.06,1.84,2.08,1.79,2.04,-1.25,1.95,1.95,1.94,1.96,1.96,1.96,1.91,1.92,1.4,4.75,7.0,,,,,,,1.43,4.95,7.6,,,,,,,1.46,5.0,8.0,1.43,4.76,7.54,1.73,2.1,1.78,2.12,1.82,2.15,1.77,2.09,-1.25,1.95,1.95,1.97,1.95,2.0,1.95,1.96,1.91,2425,1.4,4.75,8.0,1.43,4.89,8.35,1.43,5.1,8.8,1.83,2.16,1.96,1.97,1.4,5.0,8.0,1.46,4.87,7.18,1.46,5.0,8.0,1.79,2.24,2.02,1.94,,,,,,,,,,,,,,,,,,,,,,,,,,,,,,,,,,,,,,,,,,,,
E0,18/05/2025,14:15,West Ham,Nott'm Forest,1,2,A,0,1,A,S Barrott,16,10,5,5,14,7,8,7,6,3,0,0,2.75,3.3,2.55,,,,,,,2.84,3.43,2.56,,,,,,,2.88,3.56,2.63,2.8,3.4,2.53,1.98,1.92,1.98,1.91,1.98,1.93,1.94,1.89,0.0,2.02,1.88,2.06,1.85,2.07,1.88,2.02,1.84,2.9,3.4,2.4,,,,,,,3.05,3.44,2.44,,,,,,,3.13,3.56,2.5,3.0,3.39,2.41,2.02,1.88,2.02,1.88,2.03,1.9,1.99,1.86,0.25,1.81,2.09,1.83,2.11,1.87,2.12,1.81,2.02,2425,2.75,3.3,2.63,2.85,3.56,2.54,2.92,3.5,2.64,2.0,1.96,2.09,1.89,2.88,3.3,2.4,3.13,3.48,2.36,3.1,3.5,2.52,2.08,1.91,1.84,2.16,,,,,,,,,,,,,,,,,,,,,,,,,,,,,,,,,,,,,,,,,,,,
E0,18/05/2025,15:00,Brentford,Fulham,2,3,A,2,1,H,J Gillett,11,16,6,7,12,8,5,3,4,4,0,0,1.91,3.9,3.6,,,,,,,1.96,3.95,3.68,,,,,,,1.99,4.0,3.7,1.93,3.9,3.64,1.62,2.3,1.65,2.34,1.67,2.4,1.61,2.32,-0.5,1.95,1.95,1.97,1.93,1.97,1.95,1.93,1.91,2.0,3.8,3.4,,,,,,,2.07,3.79,3.56,,,,,,,2.1,3.9,3.7,2.04,3.75,3.5,1.62,2.3,1.66,2.33,1.66,2.36,1.63,2.31,-0.5,2.06,1.84,2.08,1.86,2.08,1.87,2.04,1.81,2425,1.91,3.9,3.7,1.99,3.98,3.69,1.99,4.0,3.9,1.69,2.38,1.99,2.0,2.0,3.7,3.5,1.99,3.9,3.67,2.1,3.95,3.65,1.67,2.46,2.1,1.9,,,,,,,,,,,,,,,,,,,,,,,,,,,,,,,,,,,,,,,,,,,,
E0,18/05/2025,15:00,Leicester,Ipswich,2,0,H,1,0,H,A Kitchen,9,20,3,2,15,12,2,2,1,0,0,0,2.3,3.6,2.9,,,,,,,2.37,3.65,2.97,,,,,,,2.4,3.69,3.0,2.33,3.59,2.94,1.73,2.1,1.74,2.16,1.77,2.18,1.74,2.11,-0.25,2.04,1.86,2.07,1.85,2.07,1.86,2.01,1.83,2.2,3.7,3.0,,,,,,,2.27,3.77,3.11,,,,,,,2.34,3.8,3.11,2.27,3.67,3.04,1.62,2.3,1.67,2.3,1.7,2.35,1.66,2.24,-0.25,1.99,1.91,1.99,1.93,2.02,1.93,1.97,1.9,2425,2.3,3.5,2.9,2.38,3.69,3.0,2.38,3.7,3.1,1.78,2.2,2.06,1.9,2.3,3.6,3.1,2.3,3.69,3.07,2.36,3.75,3.15,1.72,2.36,2.03,1.95,,,,,,,,,,,,,,,,,,,,,,,,,,,,,,,,,,,,,,,,,,,,
E0,18/05/2025,16:30,Arsenal,Newcastle,1,0,H,0,0,D,S Hooper,12,14,4,5,9,9,10,7,3,3,0,0,1.95,3.7,3.7,,,,,,,2.03,3.58,3.83,,,,,,,2.08,3.7,3.83,2.01,3.59,3.7,1.73,2.1,1.81,2.09,1.82,2.13,1.77,2.06,-0.5,2.01,1.89,2.03,1.88,2.05,1.91,2.0,1.84,1.91,3.7,3.8,,,,,,,1.94,3.79,3.98,,,,,,,1.94,3.85,4.28,1.9,3.76,3.99,1.73,2.1,1.74,2.18,1.76,2.23,1.73,2.14,-0.5,1.95,1.95,1.95,1.97,1.95,2.04,1.9,1.95,2425,1.95,3.6,3.75,2.05,3.65,3.79,2.04,3.75,4.0,1.82,2.18,2.04,1.94,1.87,3.75,4.1,1.91,3.79,4.1,1.94,3.9,4.3,1.8,2.22,1.94,2.05,,,,,,,,,,,,,,,,,,,,,,,,,,,,,,,,,,,,,,,,,,,,
E0,19/05/2025,20:00,Brighton,Liverpool,3,2,H,1,2,A,J Brooks,25,18,12,5,9,8,3,3,1,0,0,0,2.6,3.75,2.45,,,,,,,2.69,3.83,2.49,,,,,,,2.69,4.04,2.5,2.63,3.82,2.46,1.44,2.75,1.48,2.74,1.48,2.75,1.45,2.7,0.0,2.0,1.9,2.03,1.88,2.03,1.9,1.99,1.87,2.15,3.8,3.0,,,,,,,2.2,3.99,3.09,,,,,,,2.31,4.12,3.09,2.22,3.89,2.97,1.44,2.75,1.47,2.8,1.5,2.9,1.46,2.74,-0.25,1.93,1.97,1.94,1.98,2.01,1.98,1.94,1.92,2425,2.6,3.7,2.45,2.68,4.04,2.47,2.74,3.95,2.52,1.44,2.6,2.05,1.89,2.25,3.9,2.9,2.31,3.91,2.91,2.32,4.0,3.1,1.52,2.88,2.03,1.96,,,,,,,,,,,,,,,,,,,,,,,,,,,,,,,,,,,,,,,,,,,,
E0,20/05/2025,20:00,Crystal Palace,Wolves,4,2,H,2,1,H,D Webb,14,12,10,3,14,8,0,10,1,2,0,0,2.25,3.3,3.2,,,,,,,2.29,3.37,3.34,,,,,,,2.31,3.4,3.36,2.27,3.32,3.26,2.02,1.88,2.01,1.88,2.05,1.89,1.99,1.83,-0.25,1.98,1.92,1.97,1.93,2.0,1.93,1.93,1.9,2.35,3.3,3.1,,,,,,,2.41,3.26,3.23,,,,,,,2.44,3.5,3.33,2.37,3.31,3.12,2.02,1.88,2.0,1.85,2.02,1.98,1.93,1.9,-0.25,2.05,1.85,2.07,1.86,2.11,1.9,2.03,1.84,2425,2.25,3.25,3.2,2.31,3.38,3.36,2.4,3.4,3.35,1.07,1.16,2.04,1.92,2.3,3.3,3.0,2.31,3.37,3.33,2.5,3.45,3.2,1.97,2.02,2.11,1.89,,,,,,,,,,,,,,,,,,,,,,,,,,,,,,,,,,,,,,,,,,,,
E0,20/05/2025,20:00,Man City,Bournemouth,3,1,H,2,0,H,T Bramall,12,8,5,2,7,13,3,1,1,3,1,1,1.55,4.33,5.75,,,,,,,1.57,4.52,5.6,,,,,,,1.58,4.8,5.8,1.55,4.51,5.49,1.53,2.5,1.55,2.57,1.55,2.6,1.51,2.52,-1.0,1.91,1.99,1.94,1.96,1.94,2.0,1.89,1.94,1.33,5.5,8.0,,,,,,,1.34,5.8,8.9,,,,,,,1.38,5.8,9.2,1.34,5.59,8.53,1.5,2.63,1.51,2.66,1.51,2.8,1.49,2.66,-1.5,1.95,1.95,1.96,1.96,1.96,2.0,1.92,1.93,2425,1.5,4.33,5.5,1.58,4.68,5.6,1.57,4.7,6.2,1.04,2.66,1.59,1.95,1.33,5.5,8.0,1.36,5.64,8.64,1.37,5.9,9.4,1.53,2.88,2.0,1.99,,,,,,,,,,,,,,,,,,,,,,,,,,,,,,,,,,,,,,,,,,,,
E0,25/05/2025,16:00,Bournemouth,Leicester,2,0,H,0,0,D,L Smith,20,3,7,0,19,16,6,1,0,2,0,0,1.33,5.25,8.5,,,,,,,1.34,5.82,8.37,,,,,,,1.38,6.0,9.0,1.33,5.61,8.35,1.5,2.63,1.47,2.74,1.5,2.8,1.46,2.67,-1.5,1.9,1.95,1.93,1.97,1.95,1.97,1.9,1.93,1.33,5.5,8.0,,,,,,,1.34,5.67,9.01,,,,,,,1.38,5.75,9.1,1.34,5.6,8.53,1.5,2.63,1.5,2.67,1.5,3.0,1.47,2.72,-1.5,1.93,1.93,1.96,1.96,2.0,1.96,1.93,1.92,2425,1.33,5.5,9.0,1.38,5.76,7.95,1.37,5.8,9.6,1.53,2.76,1.37,1.76,1.33,5.5,9.0,1.38,5.64,7.82,1.38,5.8,9.2,1.52,2.86,1.99,1.98,,,,,,,,,,,,,,,,,,,,,,,,,,,,,,,,,,,,,,,,,,,,
E0,25/05/2025,16:00,Fulham,Man City,0,2,A,0,1,A,A Madley,13,20,3,5,11,5,1,6,0,0,0,0,5.0,4.2,1.6,,,,,,,5.54,4.19,1.62,,,,,,,5.54,4.59,1.65,5.15,4.28,1.61,1.53,2.5,1.55,2.55,1.56,2.63,1.51,2.52,1.0,1.85,2.0,1.88,2.03,1.9,2.04,1.85,1.99,5.75,4.5,1.5,,,,,,,6.32,4.57,1.52,,,,,,,6.32,4.7,1.56,6.06,4.53,1.52,1.57,2.38,1.59,2.47,1.61,2.6,1.56,2.44,1.0,2.05,1.8,2.1,1.84,2.14,1.85,2.05,1.82,2425,5.0,4.2,1.6,5.14,4.59,1.63,5.6,4.6,1.64,1.56,2.66,1.77,1.64,6.0,4.2,1.53,6.24,4.64,1.53,6.6,4.8,1.56,1.61,2.6,2.1,1.89,,,,,,,,,,,,,,,,,,,,,,,,,,,,,,,,,,,,,,,,,,,,
E0,25/05/2025,16:00,Ipswich,West Ham,1,3,A,0,1,A,T Robinson,14,10,4,6,10,9,4,0,1,1,0,0,3.0,3.8,2.2,,,,,,,3.02,3.9,2.24,,,,,,,3.1,4.01,2.28,2.99,3.85,2.21,1.5,2.63,1.51,2.63,1.52,2.63,1.5,2.57,0.25,1.9,1.95,1.93,1.98,1.93,1.98,1.9,1.9,3.2,3.5,2.2,,,,,,,3.28,3.63,2.23,,,,,,,3.28,3.72,2.26,3.2,3.59,2.22,1.73,2.1,1.75,2.16,1.75,2.38,1.69,2.18,0.25,1.93,1.93,1.98,1.94,1.99,1.95,1.94,1.88,2425,3.1,3.6,2.2,3.05,4.01,2.23,3.15,3.9,2.28,1.56,2.54,1.97,1.99,3.25,3.5,2.2,3.25,3.65,2.23,3.35,3.75,2.28,1.75,2.28,2.0,1.97,,,,,,,,,,,,,,,,,,,,,,,,,,,,,,,,,,,,,,,,,,,,
E0,25/05/2025,16:00,Liverpool,Crystal Palace,1,1,D,0,1,A,D England,14,8,3,5,7,10,11,0,1,0,1,0,1.4,6.0,5.75,,,,,,,1.42,5.68,6.36,,,,,,,1.43,6.1,6.62,1.4,5.65,6.27,1.3,3.5,1.33,3.45,1.33,3.7,1.3,3.43,-1.5,2.0,1.85,2.05,1.87,2.08,1.87,2.02,1.82,1.36,6.0,6.0,,,,,,,1.38,6.04,7.14,,,,,,,1.4,6.5,7.91,1.37,5.95,6.99,1.3,3.5,1.33,3.48,1.33,3.9,1.31,3.49,-1.5,1.93,1.93,1.95,1.97,1.96,1.98,1.91,1.94,2425,1.4,5.5,6.5,1.43,5.75,6.62,1.44,6.0,7.0,1.36,3.5,1.44,1.14,1.36,5.5,6.5,1.4,6.31,6.31,1.39,6.4,7.6,1.34,3.85,1.97,2.01,,,,,,,,,,,,,,,,,,,,,,,,,,,,,,,,,,,,,,,,,,,,
E0,25/05/2025,16:00,Man United,Aston Villa,2,0,H,0,0,D,T Bramall,25,6,10,1,10,10,4,3,2,2,0,1,4.33,4.2,1.7,,,,,,,4.4,4.26,1.74,,,,,,,4.5,4.33,1.76,4.37,4.16,1.73,1.62,2.3,1.62,2.38,1.65,2.4,1.6,2.35,0.75,1.95,1.9,1.94,1.96,2.0,1.96,1.92,1.9,4.5,4.33,1.67,,,,,,,4.82,4.37,1.68,,,,,,,5.21,4.42,1.74,4.74,4.29,1.67,1.57,2.38,1.6,2.44,1.61,2.6,1.57,2.42,0.75,2.03,1.83,2.07,1.86,2.09,1.9,2.04,1.83,2425,4.5,4.0,1.73,4.42,4.33,1.76,4.7,4.3,1.79,1.62,2.48,2.0,1.98,4.6,4.2,1.7,4.38,4.42,1.74,5.0,4.5,1.72,1.62,2.56,2.1,1.89,,,,,,,,,,,,,,,,,,,,,,,,,,,,,,,,,,,,,,,,,,,,
E0,25/05/2025,16:00,Newcastle,Everton,0,1,A,0,0,D,T Harrington,17,14,6,6,12,9,12,3,1,4,0,0,1.33,5.5,8.5,,,,,,,1.33,5.85,8.55,,,,,,,1.36,5.85,9.5,1.32,5.6,8.77,1.53,2.5,1.52,2.62,1.53,2.65,1.5,2.55,-1.5,1.93,1.93,1.95,1.95,1.95,1.96,1.9,1.93,1.29,6.0,9.5,,,,,,,1.28,6.19,10.36,,,,,,,1.3,6.6,12.5,1.27,6.18,10.88,1.44,2.75,1.47,2.75,1.5,2.81,1.47,2.71,-1.75,2.0,1.85,2.01,1.9,2.01,1.95,1.95,1.91,2425,1.3,5.5,9.0,1.36,5.7,8.85,1.35,6.2,9.6,1.58,2.62,1.85,2.05,1.25,6.0,12.0,1.3,6.11,10.2,1.27,7.0,13.0,1.5,2.94,1.93,2.05,,,,,,,,,,,,,,,,,,,,,,,,,,,,,,,,,,,,,,,,,,,,
E0,25/05/2025,16:00,Nott'm Forest,Chelsea,0,1,A,0,0,D,A Taylor,10,6,2,2,10,11,7,4,2,2,0,0,3.0,3.75,2.2,,,,,,,3.15,3.76,2.22,,,,,,,3.2,3.85,2.25,3.09,3.72,2.2,1.67,2.2,1.68,2.25,1.72,2.26,1.67,2.21,0.25,1.93,1.93,1.96,1.94,1.96,1.94,1.92,1.87,3.4,3.75,2.0,,,,,,,3.5,3.87,2.07,,,,,,,3.55,3.9,2.11,3.44,3.78,2.06,1.67,2.2,1.7,2.24,1.71,2.28,1.68,2.21,0.5,1.8,2.05,1.86,2.08,1.86,2.08,1.81,2.05,2425,3.2,3.6,2.15,3.19,3.73,2.25,3.3,3.9,2.24,1.77,2.28,2.03,1.96,3.4,3.6,2.05,3.5,3.86,2.06,3.55,3.9,2.14,1.76,2.28,1.86,2.14,,,,,,,,,,,,,,,,,,,,,,,,,,,,,,,,,,,,,,,,,,,,
E0,25/05/2025,16:00,Southampton,Arsenal,1,2,A,0,1,A,D Bond,7,23,2,8,7,8,5,8,0,0,0,0,8.5,6.0,1.3,,,,,,,9.46,5.85,1.3,,,,,,,11.0,6.11,1.31,9.45,5.83,1.29,1.5,2.63,1.5,2.67,1.5,2.8,1.47,2.64,1.5,2.03,1.83,2.06,1.83,2.06,1.86,2.02,1.82,12.0,6.0,1.25,,,,,,,11.73,6.54,1.25,,,,,,,12.2,6.8,1.28,11.73,6.4,1.25,1.4,3.0,1.41,2.99,1.41,3.05,1.4,2.97,1.75,2.03,1.83,2.04,1.87,2.07,1.87,2.03,1.83,2425,11.0,5.5,1.25,10.4,6.11,1.31,11.5,6.4,1.31,1.52,2.78,1.89,1.31,12.0,6.0,1.22,12.2,6.11,1.28,13.0,6.8,1.28,1.45,3.15,2.06,1.89,,,,,,,,,,,,,,,,,,,,,,,,,,,,,,,,,,,,,,,,,,,,
E0,25/05/2025,16:00,Tottenham,Brighton,1,4,A,1,0,H,R Jones,4,23,2,8,13,8,2,11,3,1,0,0,4.2,4.33,1.7,,,,,,,4.33,4.52,1.71,,,,,,,4.38,4.55,1.73,4.23,4.43,1.71,1.33,3.4,1.34,3.38,1.34,3.55,1.32,3.34,0.75,2.0,1.85,2.02,1.88,2.02,1.92,1.97,1.85,3.7,4.0,1.85,,,,,,,3.83,4.06,1.92,,,,,,,3.9,4.15,1.95,3.71,4.02,1.91,1.5,2.63,1.49,2.72,1.51,2.8,1.47,2.69,0.5,1.95,1.9,2.0,1.93,2.01,1.93,1.95,1.89,2425,4.2,4.4,1.7,4.38,4.54,1.73,4.4,4.7,1.75,1.35,3.65,1.64,1.75,3.75,3.9,1.87,3.63,4.12,1.95,3.95,4.2,1.93,1.51,2.92,2.06,1.93,,,,,,,,,,,,,,,,,,,,,,,,,,,,,,,,,,,,,,,,,,,,
E0,25/05/2025,16:00,Wolves,Brentford,1,1,D,0,1,A,C Pawson,18,13,6,7,7,9,8,3,2,1,0,0,2.7,3.7,2.45,,,,,,,2.74,3.83,2.45,,,,,,,2.77,3.85,2.48,2.71,3.76,2.43,1.53,2.5,1.53,2.56,1.53,2.63,1.5,2.55,0.0,2.03,1.83,2.07,1.85,2.07,1.85,2.04,1.82,2.9,3.7,2.25,,,,,,,3.0,3.82,2.31,,,,,,,3.0,3.82,2.45,2.91,3.74,2.32,1.5,2.63,1.52,2.63,1.52,2.63,1.5,2.6,0.25,1.85,2.0,1.9,2.03,1.9,2.05,1.85,1.97,2425,2.75,3.6,2.45,2.77,3.85,2.47,2.86,3.85,2.54,1.55,2.74,2.11,1.88,2.9,3.6,2.3,2.98,3.8,2.31,3.05,3.8,2.42,1.54,2.78,1.89,2.1,,,,,,,,,,,,,,,,,,,,,,,,,,,,,,,,,,,,,,,,,,,,
E0,15/08/2025,20:00,Liverpool,Bournemouth,4,2,H,1,0,H,A Taylor,19,10,10,3,7,10,6,7,1,2,0,0,1.3,6.0,8.5,1.32,5.5,7.5,,,,1.28,6.56,9.07,,,,,,,1.34,6.5,9.5,1.31,5.96,8.31,1.36,3.2,1.37,3.26,1.38,3.3,1.35,3.13,-1.5,1.83,2.03,1.9,2.03,1.83,2.06,1.78,1.99,1.29,6.25,9.0,1.31,5.75,8.0,,,,1.29,6.55,9.75,,,,,,,1.31,6.6,9.5,1.29,6.02,8.68,1.36,3.2,1.41,2.95,1.4,3.2,1.36,3.05,-1.75,2.03,1.78,2.07,1.85,2.03,1.88,1.94,1.76,2526,,,,,,,1.34,6.6,9.4,1.4,3.4,1.9,2.08,,,,,,,1.32,6.8,10.0,1.41,3.4,2.14,1.86,1.3,6.0,9.5,1.29,6.5,9.0,1.3,6.0,8.5,1.33,5.75,8.0,1.33,5.75,7.5,1.3,6.0,9.5,1.3,6.25,9.0,1.29,6.0,9.0,1.3,6.0,8.0,1.3,5.75,8.0,,,,,,,,,,,,,,
E0,16/08/2025,12:30,Aston Villa,Newcastle,0,0,D,0,0,D,C Pawson,3,16,3,3,13,11,3,6,1,1,1,0,2.25,3.5,2.9,2.3,3.6,2.87,,,,2.24,3.72,3.13,,,,,,,2.38,3.75,3.1,2.3,3.56,2.94,1.62,2.3,1.65,2.33,1.65,2.33,1.61,2.25,-0.25,2.0,1.85,1.96,1.94,2.0,1.87,1.9,1.78,2.45,3.4,2.8,2.4,3.4,2.85,,,,2.32,3.63,3.07,,,,,,,2.45,3.5,3.1,2.38,3.41,2.93,1.83,2.03,1.66,2.31,1.83,2.18,1.75,2.04,-0.25,2.05,1.8,2.02,1.89,2.06,1.8,1.95,1.74,2526,,,,,,,2.4,3.75,3.1,1.72,2.36,2.08,1.9,,,,,,,2.48,3.55,3.1,1.87,2.12,2.14,1.86,2.25,3.75,3.1,2.38,3.55,2.95,2.3,3.5,3.0,2.3,3.6,2.87,2.3,3.6,2.87,2.38,3.5,3.1,2.4,3.45,2.95,2.38,3.3,3.0,2.37,3.5,2.87,2.37,3.5,2.87,,,,,,,,,,,,,,
E0,16/08/2025,15:00,Brighton,Fulham,1,1,D,0,0,D,S Barrott,10,7,4,2,16,15,4,3,3,3,0,0,1.91,3.6,4.0,1.9,3.6,3.9,,,,1.94,3.73,3.98,,,,,,,1.95,3.75,4.0,1.92,3.62,3.91,1.73,2.1,1.76,2.15,1.74,2.15,1.71,2.08,-0.5,1.93,1.93,1.95,1.95,1.93,1.93,1.87,1.88,1.8,3.7,4.33,1.85,3.6,4.1,,,,1.92,3.66,4.27,,,,,,,1.87,3.75,4.4,1.83,3.64,4.26,1.88,1.98,1.91,2.0,1.91,2.04,1.84,1.93,-0.5,1.83,2.03,1.93,2.0,1.84,2.03,1.8,1.96,2526,,,,,,,1.99,3.85,4.2,1.78,2.22,1.99,2.0,,,,,,,1.9,3.8,4.6,1.93,2.06,1.91,2.08,1.95,3.75,4.0,1.92,3.65,4.0,1.91,3.6,3.9,1.91,3.6,3.9,1.91,3.6,3.9,1.83,3.75,4.33,1.87,3.65,4.3,1.83,3.6,4.33,1.85,3.6,4.2,1.85,3.6,4.0,,,,,,,,,,,,,,
E0,16/08/2025,15:00,Sunderland,West Ham,3,0,H,0,0,D,R Jones,10,12,5,4,8,10,5,7,0,1,0,0,3.25,3.4,2.25,3.1,3.4,2.25,,,,3.27,3.43,2.29,,,,,,,3.25,3.5,2.3,3.17,3.38,2.26,1.93,1.93,1.98,1.91,1.94,1.93,1.88,1.88,0.25,1.9,1.95,1.93,1.98,1.9,1.95,1.84,1.81,3.4,3.2,2.25,3.3,3.25,2.25,,,,3.55,3.24,2.29,,,,,,,3.55,3.3,2.31,3.4,3.17,2.25,2.1,1.73,2.24,1.7,2.25,1.75,2.11,1.69,0.25,1.95,1.9,1.97,1.95,1.95,1.94,1.86,1.78,2526,,,,,,,3.35,3.5,2.34,2.02,1.96,1.97,2.01,,,,,,,3.6,3.4,2.32,2.2,1.8,2.02,1.97,3.2,3.5,2.3,3.25,3.5,2.25,3.2,3.3,2.3,3.1,3.4,2.25,3.1,3.4,2.25,3.4,3.3,2.3,3.55,3.1,2.3,3.4,3.13,2.25,3.3,3.25,2.25,3.25,3.2,2.25,,,,,,,,,,,,,,
E0,16/08/2025,15:00,Tottenham,Burnley,3,0,H,1,0,H,M Oliver,16,14,6,4,14,8,6,5,0,0,0,0,1.38,4.75,8.5,1.39,4.8,8.0,,,,1.4,4.71,8.79,,,,,,,1.4,5.0,9.5,1.37,4.8,8.3,1.73,2.1,1.74,2.17,1.73,2.3,1.66,2.16,-1.25,1.88,1.98,1.89,2.01,1.88,1.98,1.75,1.95,1.55,3.9,6.25,1.55,4.1,6.0,,,,1.56,4.2,6.7,,,,,,,1.58,4.1,6.5,1.55,4.01,6.16,1.93,1.93,1.91,2.0,1.93,1.93,1.88,1.88,-1.0,1.98,1.88,1.99,1.93,1.98,1.91,1.88,1.83,2526,,,,,,,1.42,5.2,9.6,1.75,2.28,1.93,2.03,,,,,,,1.61,4.3,6.8,1.99,2.0,2.07,1.92,1.36,5.0,9.5,1.37,5.0,9.0,1.33,4.6,8.0,1.4,4.8,8.0,1.4,4.8,8.0,1.57,4.0,6.5,1.55,4.1,6.5,1.53,3.9,5.75,1.55,4.0,6.0,1.55,4.0,6.0,,,,,,,,,,,,,,
E0,16/08/2025,17:30,Wolves,Man City,0,4,A,0,2,A,J Gillett,9,15,3,4,13,7,4,6,1,2,0,0,6.25,4.75,1.45,6.75,4.6,1.46,,,,6.72,4.92,1.46,,,,,,,7.5,5.0,1.48,6.73,4.73,1.44,1.62,2.3,1.66,2.31,1.62,2.35,1.61,2.25,1.25,1.85,2.0,1.85,2.06,1.9,2.0,1.83,1.86,6.25,4.2,1.53,6.0,4.33,1.52,,,,6.22,4.7,1.52,,,,,,,7.0,4.65,1.53,6.24,4.32,1.51,1.8,2.0,1.64,2.37,1.8,2.15,1.74,2.04,1.0,1.98,1.88,2.07,1.86,2.04,1.88,1.91,1.81,2526,,,,,,,7.4,5.2,1.47,1.67,2.44,1.91,2.03,,,,,,,7.0,4.6,1.56,1.81,2.22,2.05,1.94,7.5,4.6,1.44,7.0,5.0,1.43,7.0,4.5,1.44,6.5,4.6,1.44,6.5,4.6,1.44,7.0,4.33,1.5,6.25,4.35,1.53,6.5,4.33,1.5,6.0,4.33,1.53,5.75,4.33,1.53,,,,,,,,,,,,,,
E0,17/08/2025,14:00,Chelsea,Crystal Palace,0,0,D,0,0,D,D England,19,12,3,4,10,12,11,2,2,3,0,0,1.62,4.33,4.5,1.6,4.2,5.25,,,,1.66,4.12,5.25,,,,,,,1.64,4.35,5.5,1.61,4.21,5.08,1.67,2.2,1.67,2.29,1.67,2.3,1.63,2.22,-0.75,1.8,2.05,1.85,2.07,1.8,2.05,1.72,1.97,1.8,3.75,4.33,1.85,3.6,4.1,,,,1.75,4.1,4.67,,,,,,,1.88,3.85,4.5,1.82,3.72,4.26,1.73,2.1,1.74,2.18,1.75,2.23,1.71,2.09,-0.5,1.85,2.0,1.74,2.21,1.85,2.03,1.79,1.97,2526,,,,,,,1.67,4.5,5.4,1.71,2.36,1.85,2.13,,,,,,,1.88,3.85,4.7,1.8,2.24,1.88,2.12,1.62,4.2,5.5,1.61,4.35,5.25,1.6,4.1,5.0,1.6,4.2,5.25,1.6,4.2,5.0,1.8,3.75,4.5,1.8,3.8,4.5,1.83,3.8,4.1,1.85,3.6,4.2,1.8,3.7,4.2,,,,,,,,,,,,,,
E0,17/08/2025,14:00,Nott'm Forest,Brentford,3,1,H,3,0,H,P Bankes,11,10,5,3,7,15,5,5,1,2,0,0,2.2,3.3,3.5,2.15,3.4,3.4,,,,2.25,3.38,3.4,,,,,,,2.2,3.5,3.55,2.15,3.36,3.43,2.0,1.85,2.01,1.88,2.0,1.91,1.92,1.83,-0.25,1.88,1.98,1.94,1.96,1.9,1.98,1.77,1.92,1.9,3.5,4.2,1.9,3.5,4.1,,,,2.18,3.37,3.66,,,,,,,1.95,3.55,4.3,1.91,3.44,4.16,1.98,1.88,2.09,1.81,2.08,1.88,1.99,1.79,-0.5,1.88,1.98,2.18,1.76,1.91,1.98,1.86,1.89,2526,,,,,,,2.24,3.55,3.55,2.06,1.91,1.94,2.01,,,,,,,1.96,3.65,4.5,2.1,1.89,1.96,2.03,2.15,3.5,3.5,2.14,3.45,3.55,2.15,3.2,3.4,2.15,3.4,3.4,2.15,3.4,3.3,1.95,3.5,4.2,1.94,3.4,4.25,1.9,3.4,4.2,1.91,3.5,4.0,1.91,3.4,4.0,,,,,,,,,,,,,,
E0,17/08/2025,16:30,Man United,Arsenal,0,1,A,0,1,A,S Hooper,22,9,7,3,10,19,3,4,1,4,0,0,3.6,3.6,1.95,3.4,3.5,2.1,,,,3.74,3.72,2.01,,,,,,,3.75,3.66,2.1,3.57,3.56,2.01,1.83,2.03,1.84,2.06,1.83,2.03,1.8,1.97,0.5,1.85,2.0,1.89,2.02,1.86,2.0,1.79,1.96,3.8,3.7,1.91,3.7,3.7,1.95,,,,3.84,3.71,2.0,,,,,,,4.0,3.8,1.97,3.79,3.7,1.93,1.73,2.1,1.74,2.18,1.73,2.2,1.69,2.12,0.5,1.88,1.98,1.91,2.01,1.93,1.98,1.86,1.89,2526,,,,,,,3.9,3.75,2.06,1.92,2.06,1.92,2.06,,,,,,,4.1,3.8,1.99,1.8,2.24,2.0,1.99,3.75,3.6,2.05,3.6,3.65,2.04,3.6,3.5,1.95,3.4,3.5,2.1,3.4,3.5,2.05,4.0,3.75,1.91,3.9,3.8,1.92,3.7,3.75,1.93,3.9,3.7,1.91,3.7,3.6,1.95,,,,,,,,,,,,,,
E0,18/08/2025,20:00,Leeds,Everton,1,0,H,0,0,D,C Kavanagh,21,7,3,1,6,8,7,2,0,2,0,0,2.38,3.3,3.0,2.4,3.25,2.95,,,,2.37,3.52,3.06,,,,,,,2.5,3.5,3.05,2.39,3.29,2.96,2.1,1.73,2.11,1.79,2.16,1.75,2.07,1.72,-0.25,2.05,1.8,2.05,1.86,2.05,1.8,1.94,1.75,2.35,3.25,3.1,2.35,3.2,3.1,,,,2.36,3.3,3.32,,,,,,,2.4,3.3,3.3,2.34,3.21,3.16,2.2,1.67,2.2,1.74,2.2,1.73,2.13,1.68,-0.25,2.05,1.8,2.02,1.9,2.05,1.86,1.91,1.78,2526,,,,,,,2.46,3.45,3.2,2.14,1.83,2.1,1.88,,,,,,,2.54,3.3,3.25,2.28,1.76,2.14,1.86,2.5,3.3,3.0,2.43,3.35,3.05,2.38,3.25,2.9,2.4,3.25,3.0,2.4,3.25,2.9,2.38,3.25,3.3,2.33,3.25,3.25,2.38,3.2,3.1,2.3,3.2,3.2,2.3,3.2,3.1,,,,,,,,,,,,,,
E0,22/08/2025,20:00,West Ham,Chelsea,1,5,A,1,3,A,M Oliver,12,12,4,7,7,10,7,5,0,1,0,0,4.75,3.8,1.73,4.6,3.9,1.72,,,,4.94,3.95,1.74,,,,,,,5.0,4.0,1.76,4.68,3.88,1.71,1.73,2.1,1.75,2.17,1.77,2.15,1.72,2.09,0.75,1.93,1.93,1.97,1.95,1.93,1.94,1.83,1.86,4.5,3.8,1.75,4.6,3.8,1.73,,,,5.17,4.14,1.68,,,,,,,5.0,3.95,1.8,4.75,3.82,1.72,1.8,2.0,1.73,2.19,1.8,2.17,1.72,2.08,0.75,1.83,2.03,2.06,1.87,1.95,2.03,1.85,1.89,2526,,,,,,,5.1,4.0,1.78,1.83,2.18,1.97,2.0,,,,,,,5.3,4.1,1.75,1.83,2.18,2.02,1.96,5.0,4.0,1.67,4.9,3.9,1.71,4.6,4.0,1.7,4.6,3.9,1.73,4.5,3.8,1.73,5.0,3.75,1.67,4.9,3.85,1.73,5.0,3.8,1.7,4.8,3.9,1.67,4.8,3.9,1.67,,,,,,,,,,,,,,
E0,23/08/2025,12:30,Man City,Tottenham,0,2,A,0,2,A,P Bankes,10,12,4,5,7,12,7,2,1,4,0,0,1.48,4.5,6.25,1.47,4.6,6.25,,,,1.49,5.0,6.01,,,,,,,1.5,5.0,6.5,1.48,4.7,6.08,1.44,2.75,1.48,2.73,1.52,2.75,1.46,2.62,-1.25,1.97,1.77,2.05,1.86,1.97,1.86,1.91,1.77,1.55,4.33,5.25,1.57,4.5,5.25,,,,1.51,4.93,6.07,,,,,,,1.57,4.95,5.8,1.54,4.53,5.46,1.5,2.63,1.52,2.66,1.53,2.75,1.48,2.58,-1.0,1.87,1.87,1.83,2.11,1.87,2.09,1.81,1.95,2526,,,,,,,1.52,5.1,6.6,1.53,2.86,2.1,1.89,,,,,,,1.57,4.8,6.2,1.56,2.76,1.94,2.04,1.5,5.0,6.0,1.5,4.75,6.1,1.45,4.8,6.5,1.48,4.6,6.0,1.48,4.6,6.0,1.57,4.5,5.5,1.53,4.6,5.8,1.53,4.5,5.5,1.55,4.5,5.25,1.53,4.5,5.25,,,,,,,,,,,,,,
E0,23/08/2025,15:00,Bournemouth,Wolves,1,0,H,1,0,H,T Bramall,14,6,4,1,13,16,8,3,2,4,0,1,1.8,3.8,4.2,1.78,3.9,4.2,,,,1.79,3.98,4.4,,,,,,,1.82,4.0,4.5,1.79,3.88,4.24,1.73,2.1,1.76,2.16,1.79,2.1,1.72,2.06,-0.75,2.03,1.83,2.04,1.87,2.03,1.83,1.96,1.74,1.8,3.7,4.33,1.8,3.7,4.33,,,,1.81,3.88,4.59,,,,,,,1.87,3.9,4.6,1.8,3.74,4.32,1.88,1.98,1.81,2.09,1.88,2.07,1.81,1.96,-0.75,2.05,1.8,2.05,1.88,2.07,1.81,1.99,1.76,2526,,,,,,,1.85,4.0,4.6,1.8,2.2,2.08,1.89,,,,,,,1.9,3.85,4.6,1.92,2.06,2.17,1.83,1.8,4.0,4.5,1.82,3.9,4.3,1.75,3.9,4.33,1.8,3.9,4.2,1.8,3.8,4.2,1.8,3.75,4.6,1.8,3.9,4.4,1.8,3.7,4.33,1.8,3.7,4.33,1.8,3.7,4.2,,,,,,,,,,,,,,
E0,23/08/2025,15:00,Brentford,Aston Villa,1,0,H,1,0,H,T Harrington,9,17,2,2,11,9,2,9,1,2,0,0,3.1,3.6,2.2,3.1,3.5,2.2,,,,3.26,3.49,2.27,,,,,,,3.2,3.66,2.3,3.11,3.53,2.21,1.8,2.0,1.83,2.06,1.82,2.05,1.77,2.0,0.25,1.9,1.95,1.93,1.97,1.9,1.95,1.86,1.8,3.4,3.5,2.1,3.2,3.4,2.2,,,,3.29,3.48,2.29,,,,,,,3.5,3.6,2.28,3.25,3.45,2.18,1.88,1.98,1.99,1.92,1.91,1.98,1.85,1.91,0.25,2.03,1.83,1.94,1.98,2.03,1.93,1.92,1.78,2526,,,,,,,3.3,3.65,2.34,1.87,2.1,1.93,1.98,,,,,,,3.5,3.65,2.22,1.96,2.02,2.04,1.93,3.2,3.5,2.3,3.15,3.65,2.23,3.1,3.6,2.2,3.1,3.5,2.2,3.1,3.5,2.2,3.5,3.6,2.15,3.3,3.5,2.2,3.25,3.5,2.15,3.1,3.4,2.25,3.2,3.4,2.2,,,,,,,,,,,,,,
E0,23/08/2025,15:00,Burnley,Sunderland,2,0,H,0,0,D,M Salisbury,7,9,2,1,9,5,4,3,0,1,0,0,2.2,3.2,3.5,2.3,3.2,3.25,,,,2.21,3.26,3.63,,,,,,,2.3,3.25,3.6,2.25,3.16,3.42,2.3,1.62,2.4,1.62,2.32,1.64,2.26,1.6,-0.25,1.9,1.95,1.89,2.01,1.9,1.95,1.81,1.87,2.35,3.2,3.2,2.37,3.1,3.2,,,,2.35,3.19,3.47,,,,,,,2.42,3.2,3.3,2.38,3.11,3.22,2.3,1.62,2.45,1.61,2.4,1.62,2.29,1.59,-0.25,2.0,1.85,2.0,1.93,2.02,1.85,1.94,1.8,2526,,,,,,,2.32,3.25,3.7,2.48,1.65,1.97,2.0,,,,,,,2.46,3.3,3.4,2.42,1.68,2.09,1.9,2.25,3.2,3.6,2.28,3.25,3.4,2.2,3.1,3.6,2.3,3.2,3.25,2.3,3.1,3.25,2.4,3.2,3.25,2.4,3.15,3.25,2.38,3.0,3.3,2.37,3.1,3.2,2.37,3.1,3.1,,,,,,,,,,,,,,
E0,23/08/2025,17:30,Arsenal,Leeds,5,0,H,2,0,H,J Gillett,18,3,5,1,8,11,2,2,0,2,0,0,1.27,6.25,9.5,1.27,6.0,10.5,,,,1.28,6.21,9.68,,,,,,,1.29,6.25,12.0,1.27,5.93,10.61,1.53,2.5,1.57,2.47,1.63,2.5,1.55,2.38,-1.75,2.0,1.85,2.04,1.85,2.0,1.85,1.95,1.75,1.33,5.5,8.5,1.32,5.5,9.0,,,,1.34,5.55,9.7,,,,,,,1.35,5.65,10.0,1.33,5.36,8.94,1.62,2.3,1.65,2.33,1.66,2.3,1.62,2.25,-1.5,2.0,1.85,2.04,1.88,2.0,1.91,1.91,1.85,2526,,,,,,,1.3,6.6,12.0,1.62,2.58,2.1,1.86,,,,,,,1.35,5.8,11.0,1.71,2.38,2.06,1.92,1.29,6.0,12.0,1.28,6.0,11.0,1.25,6.0,11.5,1.25,6.0,10.0,1.25,6.0,10.0,1.33,5.5,10.0,1.33,5.5,9.5,1.33,5.25,9.0,1.35,5.25,8.5,1.33,5.25,8.0,,,,,,,,,,,,,,
E0,24/08/2025,14:00,Crystal Palace,Nott'm Forest,1,1,D,1,0,H,A Taylor,8,9,4,1,11,11,1,3,3,3,0,0,2.35,3.3,3.1,2.35,3.3,3.0,,,,2.41,3.25,3.22,,,,,,,2.4,3.3,3.2,2.35,3.26,3.07,2.1,1.73,2.14,1.76,2.15,1.78,2.05,1.73,-0.25,2.03,1.83,2.06,1.85,2.03,1.83,1.92,1.77,2.35,3.25,3.1,2.4,3.2,3.0,,,,2.45,3.25,3.21,,,,,,,2.43,3.3,3.15,2.39,3.24,3.06,2.1,1.73,2.3,1.68,2.1,1.83,2.05,1.74,-0.25,1.99,1.74,2.1,1.84,2.04,1.81,1.95,1.77,2526,,,,,,,2.46,3.35,3.25,2.22,1.8,2.09,1.88,,,,,,,2.5,3.35,3.25,2.18,1.84,2.13,1.88,2.38,3.3,3.2,2.38,3.3,3.15,2.3,3.25,3.0,2.37,3.3,3.0,2.37,3.25,3.0,2.4,3.3,3.1,2.4,3.3,3.15,2.4,3.3,3.0,2.4,3.2,3.0,2.4,3.2,3.0,,,,,,,,,,,,,,
E0,24/08/2025,14:00,Everton,Brighton,2,0,H,1,0,H,S Attwell,11,13,3,4,7,15,2,2,4,3,0,0,3.1,3.3,2.3,2.95,3.3,2.4,,,,3.16,3.36,2.38,,,,,,,3.25,3.4,2.4,3.08,3.3,2.32,2.0,1.8,2.09,1.82,2.1,1.8,2.01,1.76,0.25,1.85,2.0,1.86,2.05,1.86,2.0,1.79,1.86,2.88,3.3,2.45,2.9,3.3,2.4,,,,3.14,3.36,2.43,,,,,,,3.0,3.4,2.5,2.9,3.34,2.43,1.93,1.93,2.04,1.88,1.94,1.93,1.89,1.88,0.0,2.04,1.72,2.24,1.73,2.1,1.76,2.06,1.72,2526,,,,,,,3.25,3.45,2.44,2.12,1.84,1.89,2.08,,,,,,,3.1,3.5,2.52,1.95,2.04,2.24,1.8,3.25,3.4,2.3,3.1,3.35,2.38,3.1,3.3,2.25,2.9,3.3,2.4,2.9,3.25,2.4,3.0,3.4,2.5,2.9,3.4,2.45,2.9,3.4,2.4,2.9,3.3,2.45,2.87,3.3,2.4,,,,,,,,,,,,,,
E0,24/08/2025,16:30,Fulham,Man United,1,1,D,0,0,D,C Kavanagh,13,10,4,3,12,10,9,6,1,1,0,0,3.25,3.5,2.15,3.3,3.6,2.1,,,,3.3,3.54,2.23,,,,,,,3.35,3.65,2.2,3.27,3.53,2.13,1.8,2.0,1.85,2.04,1.8,2.07,1.77,1.99,0.25,1.98,1.88,1.97,1.93,1.98,1.88,1.91,1.75,3.4,3.6,2.05,3.4,3.5,2.1,,,,3.53,3.49,2.18,,,,,,,3.65,3.65,2.1,3.45,3.51,2.08,1.73,2.1,1.85,2.07,1.81,2.1,1.76,2.02,0.25,2.03,1.83,2.04,1.88,2.04,1.83,2.01,1.71,2526,,,,,,,3.5,3.65,2.24,1.9,2.08,2.04,1.93,,,,,,,3.7,3.7,2.16,1.86,2.14,2.13,1.87,3.3,3.6,2.2,3.35,3.65,2.15,3.2,3.5,2.1,3.3,3.6,2.1,3.3,3.5,2.1,3.5,3.6,2.1,3.65,3.45,2.08,3.13,3.6,2.05,3.4,3.5,2.1,3.4,3.5,2.05,,,,,,,,,,,,,,
E0,25/08/2025,20:00,Newcastle,Liverpool,2,3,A,0,1,A,S Hooper,10,5,3,4,17,15,7,1,2,3,1,0,3.25,3.8,2.05,3.4,3.9,1.98,,,,3.29,3.92,2.11,,,,,,,3.45,4.0,2.1,3.3,3.83,2.02,1.57,2.38,1.58,2.49,1.57,2.55,1.53,2.43,0.25,2.03,1.83,2.06,1.85,2.03,1.83,2.0,1.68,2.9,3.6,2.3,2.9,3.6,2.25,,,,2.97,3.74,2.36,,,,,,,3.0,3.8,2.4,2.92,3.65,2.29,1.57,2.38,1.6,2.42,1.63,2.5,1.56,2.37,0.25,1.83,2.03,1.87,2.07,1.85,2.03,1.83,1.88,2526,,,,,,,3.45,3.95,2.12,1.58,2.58,2.12,1.86,,,,,,,3.1,3.8,2.38,1.63,2.58,1.93,2.06,3.4,3.75,2.1,3.45,4.0,2.0,3.2,3.8,2.0,3.4,3.9,2.0,3.3,3.8,2.0,3.0,3.6,2.4,3.0,3.7,2.3,2.9,3.8,2.25,2.9,3.6,2.25,2.9,3.6,2.25,,,,,,,,,,,,,,
E0,30/08/2025,12:30,Chelsea,Fulham,2,0,H,1,0,H,R Jones,13,11,6,3,11,17,6,4,2,2,0,0,1.55,4.33,5.25,1.55,4.5,5.25,,,,1.57,4.37,5.75,,,,,,,1.57,4.5,6.0,1.55,4.35,5.6,1.67,2.2,1.71,2.22,1.71,2.22,1.67,2.16,-1.0,1.95,1.9,1.97,1.93,1.95,1.91,1.89,1.87,1.67,3.9,4.75,1.68,3.9,4.8,,,,1.67,3.97,5.49,,,,,,,1.73,4.1,5.5,1.67,3.93,5.03,1.85,2.0,1.78,2.13,1.85,2.12,1.79,1.98,-1.0,2.2,1.65,2.16,1.78,2.2,1.76,2.09,1.7,2526,,,,,,,1.62,4.4,6.0,1.74,2.28,2.05,1.92,,,,,,,1.76,3.95,5.4,1.9,2.08,2.32,1.74,1.57,4.33,6.0,1.56,4.4,5.8,1.55,4.2,5.75,1.53,4.5,5.5,1.53,4.5,5.5,1.73,4.0,5.5,1.66,4.1,5.2,1.65,3.9,5.25,1.67,3.9,4.8,1.67,3.9,4.8,,,,,,,,,,,,,,
E0,30/08/2025,15:00,Man United,Burnley,3,2,H,1,0,H,S Barrott,26,6,6,3,9,9,7,1,1,5,0,0,1.33,5.25,8.0,1.36,5.25,8.25,,,,1.36,5.39,8.45,,,,,,,1.4,5.5,9.0,1.35,5.15,8.28,1.67,2.2,1.67,2.3,1.73,2.2,1.65,2.17,-1.5,2.03,1.83,2.06,1.85,2.04,1.83,1.98,1.78,1.4,5.25,7.0,1.4,5.0,7.25,,,,1.4,5.11,7.98,,,,,,,1.4,5.3,8.0,1.38,5.06,7.6,1.57,2.38,1.63,2.39,1.6,2.48,1.56,2.36,-1.25,1.88,1.98,1.89,2.03,1.88,2.05,1.76,1.99,2526,,,,,,,1.39,5.6,9.2,1.7,2.4,2.04,1.92,,,,,,,1.42,5.4,8.6,1.63,2.56,1.9,2.08,1.33,5.5,9.0,1.37,5.2,8.0,1.33,5.25,9.0,1.36,5.25,8.0,1.35,5.0,8.0,1.36,5.0,8.0,1.38,5.3,7.5,1.36,5.0,8.0,1.4,5.0,7.5,1.4,5.0,7.5,,,,,,,,,,,,,,
E0,30/08/2025,15:00,Sunderland,Brentford,2,1,H,0,0,D,A Taylor,12,7,3,4,11,12,3,4,3,2,0,0,3.0,3.3,2.4,2.9,3.3,2.45,,,,3.03,3.24,2.53,,,,,,,3.0,3.35,2.54,2.92,3.27,2.46,2.1,1.73,2.14,1.77,2.1,1.8,2.04,1.73,0.0,2.08,1.73,2.15,1.79,2.1,1.93,1.95,1.79,3.1,3.3,2.3,3.0,3.25,2.37,,,,3.08,3.29,2.5,,,,,,,3.2,3.4,2.42,3.1,3.25,2.35,2.1,1.73,2.15,1.78,2.17,1.78,2.07,1.73,0.25,1.85,2.0,1.81,2.15,1.85,2.03,1.8,1.89,2526,,,,,,,3.15,3.35,2.58,2.2,1.79,2.2,1.8,,,,,,,3.3,3.45,2.42,2.16,1.84,1.91,2.07,3.0,3.3,2.5,2.9,3.35,2.5,2.9,3.3,2.45,2.9,3.3,2.45,2.87,3.25,2.45,3.2,3.3,2.38,3.2,3.2,2.4,3.1,3.3,2.3,3.0,3.25,2.37,3.0,3.2,2.37,,,,,,,,,,,,,,
E0,30/08/2025,15:00,Tottenham,Bournemouth,0,1,A,0,1,A,S Hooper,5,20,1,6,17,13,0,8,2,4,0,0,1.73,4.2,4.2,1.72,4.0,4.5,,,,1.76,4.14,4.39,,,,,,,1.76,4.25,4.5,1.73,4.06,4.29,1.57,2.38,1.59,2.47,1.6,2.55,1.54,2.38,-0.75,1.95,1.9,1.99,1.92,1.95,1.9,1.91,1.84,1.91,3.75,3.75,1.88,3.7,3.8,,,,1.97,3.71,3.97,,,,,,,1.94,3.85,4.0,1.89,3.75,3.84,1.67,2.2,1.68,2.31,1.67,2.35,1.63,2.22,-0.5,1.93,1.93,1.98,1.94,1.93,1.95,1.85,1.91,2526,,,,,,,1.79,4.3,4.6,1.63,2.52,2.0,1.96,,,,,,,1.96,3.85,4.2,1.73,2.32,1.96,2.03,1.73,3.75,4.2,1.76,4.2,4.3,1.73,4.1,4.33,1.73,4.0,4.5,1.73,3.9,4.4,1.9,3.6,3.75,1.88,3.85,4.0,1.9,3.8,3.75,1.91,3.7,3.8,1.91,3.7,3.8,,,,,,,,,,,,,,
E0,30/08/2025,15:00,Wolves,Everton,2,3,A,1,2,A,M Oliver,12,10,4,4,15,10,2,2,0,1,0,0,2.7,3.2,2.75,2.65,3.2,2.75,,,,2.74,3.23,2.79,,,,,,,2.75,3.3,2.8,2.66,3.19,2.74,2.2,1.67,2.27,1.68,2.23,1.68,2.17,1.65,0.0,1.93,1.93,1.93,1.97,1.93,1.97,1.82,1.92,3.4,3.2,2.25,3.25,3.1,2.3,,,,3.21,3.2,2.48,,,,,,,3.4,3.2,2.38,3.33,3.11,2.32,2.5,1.53,2.49,1.59,2.5,1.6,2.43,1.53,0.25,1.88,1.98,1.83,2.11,1.88,1.98,1.84,1.86,2526,,,,,,,2.9,3.25,2.84,2.3,1.72,2.01,1.96,,,,,,,3.55,3.3,2.38,2.6,1.6,1.96,2.02,2.75,3.2,2.8,2.63,3.3,2.8,2.63,3.25,2.7,2.62,3.2,2.75,2.62,3.1,2.75,3.4,3.1,2.38,3.35,3.15,2.38,3.4,3.13,2.3,3.3,3.1,2.3,3.25,3.0,2.3,,,,,,,,,,,,,,
E0,30/08/2025,17:30,Leeds,Newcastle,0,0,D,0,0,D,P Bankes,10,8,1,2,10,15,5,5,1,1,0,0,3.5,3.4,2.1,3.25,3.5,2.15,,,,3.47,3.54,2.16,,,,,,,3.5,3.6,2.2,3.37,3.49,2.12,1.8,2.0,1.85,2.04,1.8,2.08,1.76,2.01,0.25,2.03,1.83,2.04,1.87,2.03,1.83,1.97,1.73,3.9,3.4,2.0,3.75,3.3,2.0,,,,3.16,3.55,2.33,,,,,,,3.9,3.45,2.25,3.67,3.36,2.06,2.1,1.73,2.0,1.91,2.1,1.8,2.03,1.75,0.5,1.8,2.05,1.68,2.33,1.8,2.2,1.73,2.05,2526,,,,,,,3.7,3.65,2.16,1.89,2.08,2.13,1.87,,,,,,,3.8,3.6,2.16,2.16,1.84,1.85,2.16,3.4,3.6,2.15,3.5,3.55,2.1,3.3,3.6,2.1,3.25,3.5,2.15,3.25,3.5,2.15,3.25,3.4,2.1,3.85,3.4,2.05,3.7,3.4,2.05,3.7,3.3,2.05,3.7,3.3,2.05,,,,,,,,,,,,,,
E0,31/08/2025,14:00,Brighton,Man City,2,1,H,0,1,A,D England,12,12,7,3,16,14,3,2,2,2,0,0,3.8,3.9,1.9,3.9,3.9,1.83,,,,3.92,3.89,1.91,,,,,,,4.0,4.0,1.91,3.78,3.84,1.85,1.62,2.3,1.63,2.37,1.62,2.38,1.57,2.32,0.5,1.98,1.88,1.98,1.92,1.98,1.88,1.93,1.82,3.6,3.6,2.0,3.5,3.7,1.98,,,,3.77,3.79,2.0,,,,,,,3.6,3.7,2.1,3.47,3.64,2.03,1.53,2.32,1.54,2.58,1.63,2.4,1.57,2.33,0.5,1.8,2.05,1.92,2.01,1.81,2.07,1.77,2.0,2526,,,,,,,4.0,4.0,1.95,1.63,2.54,2.02,1.95,,,,,,,3.8,3.75,2.1,1.64,2.52,1.89,2.1,3.75,4.0,1.91,3.9,4.0,1.87,3.7,3.8,1.85,3.6,3.6,1.75,3.6,3.6,1.75,3.4,3.5,2.1,3.55,3.7,2.04,3.4,3.7,2.05,3.5,3.7,2.0,3.5,3.6,2.0,,,,,,,,,,,,,,
E0,31/08/2025,14:00,Nott'm Forest,West Ham,0,3,A,0,0,D,C Pawson,11,12,3,8,14,6,9,7,0,0,0,0,1.67,3.75,5.25,1.72,3.7,4.8,,,,1.69,3.98,5.13,,,,,,,1.73,3.85,5.5,1.69,3.74,5.03,1.98,1.88,1.98,1.91,2.0,1.91,1.94,1.82,-0.75,1.88,1.98,1.91,2.0,1.88,1.98,1.86,1.88,1.62,4.0,5.0,1.66,4.0,5.0,,,,1.69,4.0,5.17,,,,,,,1.69,4.2,5.5,1.65,4.01,4.98,1.68,2.05,1.81,2.08,1.8,2.15,1.72,2.07,-0.75,1.83,2.03,1.9,2.03,1.84,2.03,1.8,1.94,2526,,,,,,,1.72,4.0,5.5,2.02,1.94,1.92,2.03,,,,,,,1.71,4.2,5.4,1.77,2.26,1.9,2.09,1.7,3.75,5.5,1.7,3.8,5.25,1.65,3.7,5.0,1.73,3.7,4.8,1.67,3.5,4.5,1.67,4.0,5.5,1.65,4.2,5.1,1.65,4.0,5.0,1.67,3.9,4.8,1.67,3.9,4.8,,,,,,,,,,,,,,
E0,31/08/2025,16:30,Liverpool,Arsenal,1,0,H,0,0,D,C Kavanagh,9,11,3,1,7,10,3,8,2,2,0,0,2.2,3.5,3.2,2.15,3.6,3.2,,,,2.27,3.47,3.28,,,,,,,2.25,3.6,3.25,2.2,3.49,3.17,1.73,2.1,1.76,2.14,1.81,2.1,1.73,2.06,-0.25,1.9,1.95,1.96,1.94,1.91,1.95,1.85,1.89,2.38,3.4,3.0,2.35,3.3,3.0,,,,2.4,3.53,3.05,,,,,,,2.4,3.5,3.1,2.37,3.33,3.01,1.73,2.1,1.74,2.19,1.81,2.1,1.77,2.0,-0.25,2.05,1.8,2.08,1.85,2.05,1.81,1.96,1.78,2526,,,,,,,2.28,3.55,3.45,1.8,2.2,1.96,2.0,,,,,,,2.46,3.5,3.2,1.88,2.12,2.11,1.88,2.25,3.6,3.2,2.25,3.5,3.25,2.15,3.5,3.1,2.15,3.6,3.2,2.15,3.5,3.1,2.4,3.5,3.0,2.38,3.35,3.1,2.38,3.3,3.0,2.37,3.3,3.0,2.37,3.3,3.0,,,,,,,,,,,,,,
E0,31/08/2025,19:00,Aston Villa,Crystal Palace,0,3,A,0,1,A,S Attwell,13,6,4,4,7,14,10,1,2,3,0,0,1.85,3.7,4.0,1.93,3.5,4.0,,,,1.9,3.69,4.21,,,,,,,1.95,3.75,4.2,1.88,3.56,4.07,1.98,1.88,2.03,1.86,2.04,1.91,1.95,1.81,-0.5,1.88,1.98,1.91,2.0,1.9,1.98,1.84,1.91,2.15,3.6,3.2,2.1,3.4,3.4,,,,2.03,3.51,3.98,,,,,,,2.15,3.65,3.6,2.09,3.51,3.44,1.8,2.0,2.04,1.88,1.91,2.05,1.8,1.96,-0.25,1.82,1.92,1.75,2.21,1.82,2.05,1.74,1.99,2526,,,,,,,1.92,3.65,4.5,2.08,1.89,1.92,2.06,,,,,,,2.18,3.6,3.7,1.86,2.14,1.89,2.11,1.91,3.6,4.2,1.89,3.6,4.2,1.83,3.5,4.1,1.95,3.5,4.0,1.91,3.4,3.9,2.1,3.6,3.5,2.08,3.55,3.6,2.05,3.6,3.4,2.1,3.4,3.5,2.1,3.3,3.5,,,,,,,,,,,,,,
E0,13/09/2025,12:30,Arsenal,Nott'm Forest,3,0,H,1,0,H,D England,16,5,5,1,8,11,8,4,1,1,0,0,1.38,5.0,8.0,1.39,4.8,8.0,,,,1.38,5.25,8.14,,,,,,,1.42,5.0,9.0,1.38,4.85,8.16,1.73,2.1,1.71,2.22,1.75,2.2,1.69,2.11,-1.25,1.83,2.03,1.85,2.07,1.91,2.03,1.81,1.97,1.4,4.75,7.5,1.43,4.8,6.75,,,,1.38,5.12,8.32,,,,,,,1.44,5.0,8.0,1.41,4.78,7.48,1.67,2.2,1.67,2.29,1.7,2.3,1.65,2.2,-1.25,1.98,1.88,1.86,2.05,1.98,1.98,1.89,1.9,2526,,,,,,,1.4,5.3,9.6,1.75,2.28,1.85,2.11,,,,,,,1.45,5.0,8.8,1.72,2.36,2.03,1.96,1.4,4.6,9.0,1.38,4.9,8.5,1.36,5.0,8.5,1.4,4.8,8.0,1.4,4.8,7.5,1.4,5.0,8.0,1.41,4.8,8.0,1.4,4.8,7.5,1.4,5.0,7.5,1.4,5.0,7.0,,,,,,,,,,,,,,
E0,13/09/2025,15:00,Bournemouth,Brighton,2,1,H,1,0,H,P Bankes,13,6,5,2,16,10,4,4,4,4,0,0,2.35,3.5,2.9,2.4,3.5,2.8,,,,2.4,3.57,2.98,,,,,,,2.43,3.65,3.0,2.38,3.5,2.87,1.67,2.2,1.71,2.23,1.72,2.2,1.67,2.14,-0.25,2.05,1.8,2.09,1.83,2.05,1.8,2.02,1.76,2.35,3.5,2.9,2.37,3.5,2.8,,,,2.47,3.54,2.94,,,,,,,2.5,3.6,2.9,2.42,3.51,2.82,1.62,2.3,1.67,2.3,1.66,2.3,1.62,2.24,0.0,1.73,2.08,1.79,2.14,1.83,2.12,1.72,2.04,2526,,,,,,,2.46,3.65,3.05,1.76,2.28,2.12,1.86,,,,,,,2.5,3.65,3.05,1.68,2.44,1.81,2.22,2.38,3.6,3.0,2.4,3.5,2.95,2.38,3.6,2.8,2.4,3.5,2.8,2.37,3.5,2.75,2.5,3.6,2.8,2.43,3.55,2.88,2.45,3.5,2.8,2.37,3.5,2.8,2.37,3.5,2.8,,,,,,,,,,,,,,
E0,13/09/2025,15:00,Crystal Palace,Sunderland,0,0,D,0,0,D,T Bramall,14,6,6,0,10,8,5,3,1,1,0,0,1.65,3.75,5.75,1.68,3.7,5.25,,,,1.69,3.77,5.51,,,,,,,1.71,4.1,6.0,1.66,3.76,5.42,2.1,1.73,2.21,1.71,2.1,1.82,2.08,1.71,-0.75,1.83,2.03,1.92,1.99,1.89,2.1,1.83,1.95,1.67,3.6,5.5,1.7,3.6,5.25,,,,1.69,3.69,5.82,,,,,,,1.7,3.85,5.75,1.68,3.65,5.41,2.2,1.67,2.22,1.71,2.25,1.71,2.16,1.67,-0.75,1.9,1.95,1.92,2.01,1.91,1.96,1.86,1.91,2526,,,,,,,1.75,3.85,5.8,2.28,1.75,1.89,2.07,,,,,,,1.72,3.85,6.0,2.3,1.74,1.97,2.02,1.67,3.75,6.0,1.71,3.8,5.2,1.65,3.75,5.5,1.67,3.75,5.25,1.67,3.7,5.25,1.7,3.6,5.5,1.7,3.8,5.3,1.67,3.7,5.5,1.7,3.6,5.25,1.7,3.5,5.25,,,,,,,,,,,,,,
E0,13/09/2025,15:00,Everton,Aston Villa,0,0,D,0,0,D,S Hooper,20,7,2,1,17,15,10,3,3,3,0,0,2.45,3.3,2.9,2.45,3.25,2.87,,,,2.46,3.41,3.01,,,,,,,2.5,3.4,3.05,2.44,3.27,2.95,2.05,1.8,2.04,1.85,2.1,1.8,2.02,1.76,-0.25,2.1,1.78,2.12,1.81,2.1,1.78,2.04,1.75,2.7,3.1,2.8,2.55,3.2,2.85,,,,2.7,3.26,2.86,,,,,,,2.75,3.4,2.9,2.62,3.2,2.8,2.2,1.67,2.21,1.72,2.2,1.76,2.1,1.71,0.0,1.85,2.0,1.91,2.02,1.87,2.0,1.82,1.93,2526,,,,,,,2.54,3.4,3.15,2.1,1.86,2.17,1.83,,,,,,,2.76,3.35,2.94,2.28,1.77,1.92,2.07,2.5,3.3,3.0,2.43,3.3,3.05,2.45,3.2,3.0,2.45,3.3,2.87,2.45,3.25,2.87,2.75,3.25,2.8,2.63,3.25,2.8,2.63,3.1,2.8,2.6,3.2,2.8,2.5,3.2,2.8,,,,,,,,,,,,,,
E0,13/09/2025,15:00,Fulham,Leeds,1,0,H,0,0,D,C Pawson,5,10,3,3,20,15,3,3,1,2,0,0,1.91,3.5,4.0,1.93,3.5,3.9,,,,1.99,3.56,3.99,,,,,,,2.0,3.65,4.1,1.96,3.51,3.89,2.03,1.83,2.06,1.84,2.03,1.83,1.98,1.78,-0.5,1.95,1.9,2.0,1.91,1.96,1.92,1.91,1.84,2.0,3.4,3.75,2.0,3.3,3.8,,,,2.11,3.38,3.87,,,,,,,2.1,3.5,4.0,2.04,3.37,3.76,2.2,1.67,2.13,1.78,2.2,1.79,2.06,1.73,-0.25,1.73,2.08,1.8,2.12,1.77,2.15,1.73,2.07,2526,,,,,,,2.02,3.65,4.2,2.12,1.88,2.02,1.96,,,,,,,2.12,3.55,4.0,2.16,1.84,1.81,2.21,2.0,3.5,4.0,2.0,3.6,3.8,1.95,3.5,3.9,1.95,3.5,3.9,1.95,3.5,3.8,2.05,3.4,4.0,2.07,3.45,3.7,2.0,3.4,3.8,2.1,3.3,3.6,2.05,3.3,3.6,,,,,,,,,,,,,,
E0,13/09/2025,15:00,Newcastle,Wolves,1,0,H,1,0,H,C Kavanagh,16,8,4,3,10,17,10,4,1,4,0,0,1.42,4.75,7.0,1.43,4.6,7.25,,,,1.43,4.93,7.21,,,,,,,1.44,4.8,8.5,1.43,4.62,7.45,1.8,2.0,1.79,2.1,1.8,2.12,1.74,2.04,-1.25,1.98,1.88,1.99,1.92,1.98,1.89,1.92,1.86,1.36,5.0,8.5,1.37,5.0,8.25,,,,1.37,5.2,9.25,,,,,,,1.4,5.25,9.5,1.36,5.0,8.48,1.67,2.2,1.72,2.21,1.8,2.2,1.68,2.14,-1.25,1.75,2.05,1.85,2.09,1.88,2.05,1.77,2.0,2526,,,,,,,1.47,4.9,8.2,1.84,2.14,2.04,1.91,,,,,,,1.39,5.4,9.8,1.74,2.32,1.86,2.15,1.44,4.6,8.5,1.43,4.8,7.5,1.4,4.6,8.0,1.44,4.6,7.0,1.44,4.6,7.0,1.36,5.0,9.5,1.38,5.1,8.5,1.33,5.25,9.0,1.36,5.0,8.5,1.36,4.8,8.0,,,,,,,,,,,,,,
E0,13/09/2025,17:30,West Ham,Tottenham,0,3,A,0,0,D,J Gillett,7,14,4,5,8,7,2,13,0,1,1,0,3.4,3.6,2.1,3.3,3.5,2.1,,,,3.55,3.62,2.1,,,,,,,3.5,3.75,2.12,3.36,3.56,2.1,1.8,2.0,1.79,2.11,1.8,2.07,1.76,2.02,0.25,2.03,1.83,2.09,1.83,2.03,1.83,1.98,1.76,3.1,3.5,2.2,3.2,3.5,2.2,,,,3.44,3.59,2.18,,,,,,,3.45,3.6,2.2,3.27,3.51,2.17,1.73,2.1,1.77,2.15,1.8,2.15,1.73,2.07,0.25,1.93,1.93,2.03,1.89,1.99,1.93,1.94,1.8,2526,,,,,,,3.6,3.75,2.16,1.81,2.16,2.12,1.87,,,,,,,3.5,3.65,2.26,1.81,2.22,2.04,1.95,3.5,3.6,2.1,3.4,3.65,2.1,3.3,3.6,2.1,3.3,3.5,2.1,3.3,3.5,2.1,3.4,3.6,2.2,3.4,3.55,2.14,3.2,3.6,2.15,3.25,3.5,2.15,3.25,3.4,2.15,,,,,,,,,,,,,,
E0,13/09/2025,20:00,Brentford,Chelsea,2,2,D,1,0,H,S Attwell,7,16,4,6,13,9,5,6,3,2,0,0,4.5,3.9,1.73,4.4,3.9,1.75,,,,4.63,3.95,1.76,,,,,,,4.8,4.1,1.75,4.54,3.92,1.73,1.73,2.1,1.75,2.15,1.73,2.25,1.7,2.11,0.75,1.9,1.95,1.91,2.0,1.94,1.95,1.89,1.89,4.2,3.75,1.83,4.2,3.7,1.83,,,,4.21,3.86,1.88,,,,,,,4.33,3.8,1.91,4.21,3.72,1.83,1.83,2.03,1.74,2.19,1.83,2.05,1.79,2.0,0.5,2.0,1.85,2.05,1.88,2.05,1.85,1.98,1.8,2526,,,,,,,4.9,4.0,1.82,1.8,2.2,1.93,2.04,,,,,,,4.6,3.9,1.89,1.92,2.08,2.11,1.89,4.6,4.0,1.73,4.8,4.1,1.71,4.6,3.9,1.73,4.4,3.9,1.75,4.4,3.8,1.75,4.0,3.75,1.91,4.3,3.8,1.84,4.2,3.75,1.83,4.2,3.6,1.83,4.2,3.6,1.83,,,,,,,,,,,,,,
E0,14/09/2025,14:00,Burnley,Liverpool,0,1,A,0,0,D,M Oliver,3,27,0,4,9,9,1,13,0,2,0,0,8.0,5.5,1.33,8.25,5.5,1.33,,,,9.0,5.44,1.34,,,,,,,9.5,5.6,1.35,8.6,5.43,1.33,1.53,2.5,1.57,2.51,1.56,2.5,1.52,2.44,1.5,1.9,1.95,1.93,1.98,1.95,1.95,1.88,1.88,9.0,5.75,1.3,8.5,5.5,1.33,,,,9.5,5.7,1.33,,,,,,,9.5,5.75,1.35,8.63,5.54,1.32,1.53,2.5,1.53,2.61,1.53,2.7,1.49,2.55,1.5,1.9,1.95,1.95,1.97,1.96,1.95,1.9,1.87,2526,,,,,,,9.6,5.8,1.37,1.58,2.62,1.94,2.01,,,,,,,10.5,6.0,1.34,1.57,2.72,2.0,1.98,9.5,5.5,1.33,9.0,5.6,1.33,8.5,5.25,1.3,8.5,5.5,1.33,8.0,5.5,1.33,9.0,5.5,1.33,9.0,5.6,1.32,9.0,5.75,1.3,8.0,5.5,1.35,8.0,5.25,1.33,,,,,,,,,,,,,,
E0,14/09/2025,16:30,Man City,Man United,3,0,H,1,0,H,A Taylor,13,12,6,2,8,8,2,4,0,0,0,0,1.75,4.0,4.2,1.77,4.0,4.1,,,,1.8,4.0,4.33,,,,,,,1.8,4.3,4.5,1.76,3.99,4.19,1.57,2.38,1.59,2.46,1.57,2.5,1.55,2.38,-0.75,2.0,1.85,2.03,1.88,2.0,1.95,1.94,1.84,1.62,4.2,4.75,1.65,4.1,4.8,,,,1.77,4.05,4.53,,,,,,,1.73,4.33,5.1,1.65,4.14,4.83,1.53,2.5,1.59,2.49,1.58,2.55,1.53,2.44,-1.0,2.03,1.83,2.32,1.68,2.1,1.83,2.03,1.77,2526,,,,,,,1.82,4.1,4.6,1.62,2.56,2.05,1.94,,,,,,,1.7,4.4,5.2,1.6,2.62,2.13,1.86,1.8,4.0,4.33,1.79,3.95,4.35,1.73,4.0,4.1,1.75,4.0,4.0,1.75,4.0,4.0,1.73,4.0,4.33,1.68,4.1,4.9,1.6,4.33,5.0,1.67,4.0,4.6,1.67,4.0,4.6,,,,,,,,,,,,,,
E0,20/09/2025,12:30,Liverpool,Everton,2,1,H,2,0,H,D England,11,9,3,2,11,10,5,4,2,3,0,0,1.45,4.75,6.5,1.47,4.6,6.25,,,,1.45,4.7,7.25,,,,,,,1.48,4.8,7.5,1.45,4.65,6.7,1.62,2.3,1.63,2.37,1.62,2.38,1.59,2.28,-1.25,1.98,1.88,2.01,1.9,1.98,1.9,1.91,1.86,1.5,4.33,6.25,1.52,4.4,6.0,,,,1.54,4.4,6.5,,,,,,,1.53,4.6,7.0,1.51,4.35,6.31,1.73,2.1,1.73,2.2,1.75,2.23,1.69,2.13,-1.0,1.85,2.0,1.93,1.99,1.85,2.0,1.81,1.97,2526,,,,,,,1.49,4.9,8.0,1.65,2.5,2.06,1.93,,,,,,,1.54,4.6,7.2,1.8,2.24,1.93,2.05,1.44,4.6,7.0,1.45,4.8,7.0,1.44,4.75,7.0,1.48,4.6,6.5,1.44,4.2,5.75,1.53,4.6,7.0,1.52,4.4,6.25,1.5,4.2,7.0,1.5,4.5,6.0,1.5,4.4,6.0,,,,,,,,,,,,,,
E0,20/09/2025,15:00,Brighton,Tottenham,2,2,D,2,1,H,C Kavanagh,12,11,4,3,10,13,2,10,1,2,0,0,2.25,3.7,3.0,2.25,3.6,2.95,,,,2.28,3.67,3.1,,,,,,,2.28,3.75,3.1,2.25,3.61,3.0,1.67,2.2,1.71,2.23,1.67,2.25,1.64,2.2,-0.25,1.98,1.88,1.99,1.92,1.98,1.88,1.93,1.84,2.1,3.6,3.3,2.2,3.6,3.0,,,,2.28,3.74,3.1,,,,,,,2.2,3.75,3.3,2.17,3.63,3.14,1.67,2.2,1.67,2.33,1.68,2.3,1.65,2.2,-0.25,1.85,2.0,2.0,1.93,1.88,2.0,1.84,1.92,2526,,,,,,,2.38,3.7,3.15,1.73,2.32,2.07,1.92,,,,,,,2.2,3.8,3.5,1.74,2.32,1.91,2.08,2.25,3.6,3.1,2.25,3.7,3.05,2.25,3.6,3.0,2.25,3.6,3.0,2.25,3.5,2.9,2.2,3.6,3.25,2.2,3.7,3.15,2.15,3.7,3.13,2.2,3.6,3.0,2.2,3.6,3.0,,,,,,,,,,,,,,
E0,20/09/2025,15:00,Burnley,Nott'm Forest,1,1,D,1,1,D,T Bramall,12,17,5,8,12,11,4,5,1,1,0,0,3.4,3.3,2.2,3.25,3.4,2.2,,,,3.43,3.47,2.2,,,,,,,3.5,3.5,2.2,3.36,3.37,2.18,2.0,1.85,1.99,1.9,2.0,1.91,1.94,1.82,0.25,1.98,1.88,2.0,1.91,1.98,1.88,1.93,1.8,3.5,3.3,2.15,3.4,3.3,2.15,,,,3.46,3.37,2.26,,,,,,,3.6,3.4,2.25,3.41,3.31,2.18,2.1,1.73,2.09,1.81,2.1,1.8,2.04,1.75,0.25,2.03,1.83,1.98,1.94,2.03,1.88,1.94,1.79,2526,,,,,,,3.5,3.45,2.3,2.04,1.94,2.0,1.98,,,,,,,3.5,3.5,2.28,2.2,1.82,2.02,1.96,3.5,3.5,2.15,3.45,3.4,2.18,3.4,3.25,2.2,3.25,3.4,2.2,3.2,3.4,2.15,3.6,3.4,2.15,3.45,3.4,2.18,3.5,3.2,2.2,3.25,3.25,2.25,3.25,3.25,2.2,,,,,,,,,,,,,,
E0,20/09/2025,15:00,West Ham,Crystal Palace,1,2,A,0,1,A,T Harrington,8,18,3,3,15,5,8,8,3,3,0,0,2.88,3.5,2.38,2.9,3.4,2.4,,,,3.09,3.39,2.41,,,,,,,3.1,3.5,2.4,2.98,3.36,2.37,2.05,1.8,2.05,1.85,2.05,1.8,1.98,1.79,0.25,1.8,2.05,1.84,2.08,1.82,2.05,1.78,1.93,3.1,3.5,2.25,3.0,3.5,2.3,,,,3.26,3.4,2.34,,,,,,,3.15,3.6,2.4,3.04,3.42,2.31,1.8,2.0,2.01,1.9,2.0,2.05,1.83,1.95,0.25,1.9,1.95,1.91,2.02,1.9,2.0,1.83,1.9,2526,,,,,,,3.15,3.45,2.5,2.1,1.87,1.86,2.14,,,,,,,3.2,3.55,2.42,1.87,2.12,1.9,2.09,3.1,3.3,2.4,3.1,3.4,2.35,3.0,3.3,2.38,2.9,3.4,2.4,2.87,3.3,2.37,3.0,3.4,2.4,3.15,3.4,2.33,3.0,3.6,2.25,3.0,3.4,2.3,3.0,3.4,2.3,,,,,,,,,,,,,,
E0,20/09/2025,15:00,Wolves,Leeds,1,3,A,1,3,A,A Taylor,16,6,6,4,11,9,4,0,1,1,0,0,2.7,3.2,2.75,2.65,3.2,2.75,,,,2.78,3.21,2.76,,,,,,,2.71,3.25,2.8,2.67,3.16,2.74,2.3,1.62,2.35,1.65,2.3,1.65,2.22,1.62,0.0,1.93,1.93,1.96,1.94,1.93,2.1,1.8,1.97,3.1,3.1,2.45,2.87,3.1,2.55,,,,2.85,3.17,2.77,,,,,,,3.1,3.2,2.7,2.88,3.08,2.58,2.3,1.62,2.32,1.66,2.38,1.64,2.3,1.59,0.0,2.1,1.78,1.99,1.93,2.1,2.1,1.9,1.88,2526,,,,,,,2.88,3.2,2.88,2.38,1.69,1.99,2.0,,,,,,,3.1,3.2,2.7,2.52,1.65,2.13,1.87,2.6,3.0,2.63,2.65,3.25,2.8,2.7,3.2,2.7,2.62,3.2,2.75,2.62,3.1,2.75,2.63,2.88,2.6,2.88,3.15,2.6,2.9,3.2,2.5,2.87,3.1,2.6,2.87,3.1,2.6,,,,,,,,,,,,,,
E0,20/09/2025,17:30,Man United,Chelsea,2,1,H,2,0,H,P Bankes,11,5,4,1,13,14,5,5,0,5,1,1,2.6,3.8,2.45,2.65,3.7,2.4,,,,2.71,3.74,2.52,,,,,,,2.8,3.8,2.5,2.68,3.69,2.44,1.57,2.38,1.59,2.46,1.61,2.38,1.57,2.32,0.0,2.0,1.85,2.02,1.88,2.02,1.85,1.98,1.78,2.55,3.75,2.5,2.65,3.6,2.5,,,,2.71,3.69,2.58,,,,,,,2.7,3.75,2.63,2.64,3.62,2.51,1.57,2.38,1.59,2.44,1.6,2.45,1.57,2.37,0.0,1.98,1.88,2.01,1.92,2.02,1.88,1.96,1.81,2526,,,,,,,2.8,3.8,2.58,1.63,2.56,2.08,1.91,,,,,,,2.76,3.85,2.62,1.64,2.54,2.05,1.94,2.8,3.6,2.5,2.7,3.75,2.45,2.63,3.75,2.45,2.7,3.7,2.4,2.62,3.6,2.4,2.63,3.6,2.63,2.65,3.65,2.55,2.7,3.6,2.5,2.62,3.6,2.5,2.62,3.6,2.45,,,,,,,,,,,,,,
E0,20/09/2025,20:00,Fulham,Brentford,3,1,H,2,1,H,M Oliver,14,8,3,3,11,13,2,10,4,1,0,0,2.0,3.4,3.8,2.05,3.5,3.6,,,,2.05,3.44,3.92,,,,,,,2.05,3.6,4.0,2.02,3.48,3.69,2.0,1.85,1.99,1.9,2.0,1.92,1.91,1.86,-0.5,2.03,1.83,2.06,1.85,2.03,1.83,1.96,1.8,2.1,3.25,3.6,2.1,3.3,3.5,,,,2.19,3.32,3.71,,,,,,,2.16,3.4,3.8,2.12,3.29,3.58,2.1,1.73,2.11,1.8,2.1,1.86,2.02,1.77,-0.25,1.85,2.0,1.88,2.06,1.85,2.06,1.79,2.01,2526,,,,,,,2.08,3.55,4.0,2.02,1.95,2.08,1.89,,,,,,,2.22,3.35,3.9,2.16,1.85,1.9,2.1,2.05,3.5,3.75,2.02,3.55,3.75,2.0,3.5,3.7,2.05,3.5,3.6,2.05,3.4,3.5,2.15,3.4,3.6,2.08,3.4,3.75,2.15,3.2,3.6,2.15,3.3,3.5,2.1,3.3,3.4,,,,,,,,,,,,,,
E0,21/09/2025,14:00,Bournemouth,Newcastle,0,0,D,0,0,D,R Jones,11,4,2,1,7,10,5,2,2,1,0,0,2.5,3.5,2.7,2.5,3.4,2.75,,,,2.47,3.57,2.87,,,,,,,2.54,3.6,2.88,2.44,3.45,2.78,1.83,2.03,1.86,2.03,1.83,2.03,1.8,1.97,0.0,1.8,2.05,1.81,2.11,1.87,2.05,1.81,1.94,2.5,3.2,2.9,2.35,3.3,3.0,,,,2.52,3.45,2.93,,,,,,,2.57,3.4,3.2,2.38,3.29,3.02,1.88,1.98,1.88,2.04,1.94,1.98,1.86,1.91,-0.25,2.1,1.7,2.17,1.78,2.16,1.86,2.0,1.78,2526,,,,,,,2.52,3.6,2.98,1.91,2.08,1.83,2.17,,,,,,,2.5,3.3,3.3,1.95,2.04,2.15,1.85,2.5,3.4,2.88,2.4,3.6,2.85,2.4,3.4,2.75,2.5,3.4,2.75,2.45,3.4,2.7,2.4,3.25,3.0,2.3,3.4,3.2,2.4,3.3,3.0,2.37,3.3,3.0,2.37,3.3,3.0,,,,,,,,,,,,,,
E0,21/09/2025,14:00,Sunderland,Aston Villa,1,1,D,0,0,D,S Barrott,14,12,4,2,14,8,6,5,2,1,1,0,3.4,3.5,2.1,3.5,3.4,2.1,,,,3.71,3.37,2.14,,,,,,,3.75,3.5,2.12,3.56,3.34,2.1,2.2,1.67,2.23,1.71,2.2,1.76,2.09,1.7,0.25,2.03,1.83,2.08,1.84,2.03,1.83,1.99,1.73,3.8,3.3,2.0,3.7,3.3,2.1,,,,3.61,3.32,2.22,,,,,,,4.0,3.4,2.1,3.8,3.32,2.04,2.0,1.8,2.23,1.72,2.1,1.8,2.05,1.75,0.5,1.83,2.03,1.74,2.22,1.85,2.08,1.77,2.01,2526,,,,,,,3.75,3.4,2.22,2.26,1.75,2.07,1.9,,,,,,,4.1,3.6,2.06,2.18,1.84,1.92,2.06,3.75,3.4,2.1,3.65,3.4,2.12,3.5,3.25,2.1,3.5,3.4,2.1,3.5,3.3,2.1,4.0,3.4,2.0,3.75,3.35,2.1,4.0,3.3,2.0,3.7,3.3,2.1,3.6,3.25,2.05,,,,,,,,,,,,,,
E0,21/09/2025,16:30,Arsenal,Man City,1,1,D,0,1,A,S Attwell,12,5,3,3,11,10,11,2,1,2,0,0,1.85,3.9,3.8,1.88,3.7,3.9,,,,1.92,3.8,3.99,,,,,,,1.95,3.9,4.0,1.9,3.7,3.85,1.8,2.0,1.85,2.05,1.82,2.05,1.77,2.0,-0.5,1.88,1.98,1.93,1.98,1.91,1.98,1.86,1.9,2.0,3.6,3.6,2.05,3.6,3.5,,,,2.05,3.65,3.76,,,,,,,2.1,3.65,3.75,2.05,3.56,3.54,1.8,2.0,1.83,2.05,1.8,2.1,1.75,2.03,-0.5,2.03,1.83,2.06,1.88,2.05,1.83,1.99,1.78,2526,,,,,,,1.97,3.85,4.1,1.89,2.1,1.98,2.01,,,,,,,2.1,3.6,3.9,1.85,2.16,2.12,1.88,1.95,3.75,3.75,1.92,3.8,3.9,1.85,3.6,3.9,1.91,3.7,3.9,1.91,3.7,3.8,2.05,3.6,3.75,2.08,3.6,3.5,2.05,3.5,3.6,2.05,3.6,3.5,2.0,3.6,3.5,,,,,,,,,,,,,,
E0,27/09/2025,12:30,Brentford,Man United,3,1,H,2,1,H,C Pawson,10,14,8,6,14,10,4,2,2,2,0,0,3.4,3.8,2.0,3.4,3.75,2.0,,,,3.47,3.79,2.07,,,,,,,3.5,4.0,2.1,3.4,3.77,2.02,1.67,2.2,1.69,2.26,1.67,2.3,1.64,2.22,0.5,1.85,2.0,1.83,2.08,1.85,2.0,1.79,1.98,3.2,3.75,2.1,3.2,3.7,2.1,,,,3.39,3.82,2.12,,,,,,,3.6,3.85,2.1,3.3,3.74,2.07,1.57,2.38,1.65,2.34,1.64,2.4,1.58,2.33,0.5,1.75,2.05,1.81,2.12,1.85,2.05,1.76,2.01,2526,,,,,,,3.7,3.95,2.08,1.72,2.34,1.91,2.08,,,,,,,3.55,3.95,2.14,1.65,2.5,1.87,2.14,3.4,3.75,2.1,3.4,3.85,2.04,3.5,3.75,2.0,3.4,3.75,2.0,3.4,3.7,2.0,3.4,3.75,2.1,3.35,3.8,2.08,3.3,3.8,2.05,3.2,3.7,2.1,3.2,3.7,2.1,,,,,,,,,,,,,,
E0,27/09/2025,15:00,Chelsea,Brighton,1,3,A,1,0,H,S Hooper,13,12,3,3,9,16,5,7,3,5,1,0,1.85,3.8,3.8,1.85,3.9,3.8,,,,1.9,3.86,3.98,,,,,,,1.91,4.0,4.1,1.86,3.86,3.86,1.62,2.3,1.63,2.37,1.64,2.35,1.59,2.29,-0.5,1.88,1.98,1.92,1.99,1.88,1.98,1.82,1.93,2.0,3.75,3.5,1.98,3.6,3.5,,,,1.91,3.91,4.0,,,,,,,2.02,4.0,3.8,1.98,3.75,3.57,1.67,2.2,1.68,2.28,1.72,2.35,1.64,2.22,-0.5,2.0,1.85,1.92,2.01,2.02,1.95,1.93,1.83,2526,,,,,,,1.96,4.0,4.1,1.66,2.48,1.95,2.03,,,,,,,2.08,3.75,3.95,1.73,2.36,2.08,1.92,1.91,3.75,4.0,1.87,3.8,4.1,1.87,3.9,3.8,1.85,3.9,3.8,1.85,3.9,3.8,2.0,3.75,3.6,1.95,3.9,3.7,2.0,3.75,3.5,1.95,3.7,3.6,1.95,3.7,3.6,,,,,,,,,,,,,,
E0,27/09/2025,15:00,Crystal Palace,Liverpool,2,1,H,1,0,H,C Kavanagh,16,20,7,4,10,8,2,6,1,3,0,0,3.8,3.8,1.9,3.75,3.75,1.9,,,,3.93,3.73,1.95,,,,,,,4.0,3.8,1.95,3.82,3.72,1.91,1.73,2.1,1.8,2.09,1.76,2.12,1.72,2.07,0.5,1.93,1.93,1.94,1.96,1.93,1.93,1.89,1.87,4.2,3.6,1.85,3.9,3.75,1.88,,,,4.3,3.71,1.89,,,,,,,4.2,3.8,1.91,4.01,3.71,1.87,1.73,2.1,1.75,2.18,1.73,2.17,1.71,2.11,0.5,1.98,1.88,2.02,1.91,1.98,1.88,1.93,1.83,2526,,,,,,,4.2,3.85,1.97,1.83,2.18,2.02,1.97,,,,,,,4.5,3.8,1.93,1.77,2.26,2.06,1.93,4.0,3.75,1.91,3.95,3.75,1.92,3.8,3.75,1.9,3.75,3.75,1.91,3.7,3.75,1.91,4.0,3.75,1.91,4.1,3.8,1.87,3.9,3.8,1.87,3.9,3.75,1.85,3.9,3.7,1.85,,,,,,,,,,,,,,
E0,27/09/2025,15:00,Leeds,Bournemouth,2,2,D,1,1,D,M Oliver,19,12,8,5,12,13,7,4,2,2,0,0,3.1,3.25,2.38,2.9,3.3,2.4,,,,2.99,3.32,2.51,,,,,,,3.1,3.4,2.5,2.98,3.29,2.41,2.03,1.83,2.05,1.85,2.03,1.85,1.96,1.81,0.25,1.8,2.05,1.77,2.15,1.8,2.05,1.76,1.95,3.0,3.2,2.45,2.95,3.25,2.45,,,,3.01,3.37,2.5,,,,,,,3.05,3.3,2.54,2.96,3.23,2.46,2.05,1.8,2.09,1.83,2.05,1.84,1.99,1.8,0.25,1.78,2.1,1.8,2.16,1.83,2.1,1.74,2.01,2526,,,,,,,3.15,3.4,2.54,2.12,1.87,1.85,2.16,,,,,,,3.1,3.4,2.6,2.08,1.9,1.81,2.21,3.0,3.3,2.5,3.0,3.4,2.4,3.1,3.2,2.4,2.9,3.3,2.4,2.87,3.3,2.4,3.0,3.3,2.5,2.95,3.25,2.5,3.0,3.2,2.45,2.9,3.25,2.5,2.87,3.2,2.45,,,,,,,,,,,,,,
E0,27/09/2025,15:00,Man City,Burnley,5,1,H,1,1,D,R Jones,21,9,8,2,5,7,10,2,1,3,0,0,1.17,7.5,15.0,1.18,7.5,15.5,,,,1.17,8.36,14.45,,,,,,,1.19,8.0,17.0,1.17,7.48,15.54,1.44,2.75,1.45,2.77,1.46,2.8,1.43,2.74,-2.0,1.83,2.03,1.93,1.96,1.9,2.03,1.82,1.96,1.17,7.5,15.0,1.21,7.25,12.5,,,,1.2,7.49,14.84,,,,,,,1.21,7.5,15.0,1.19,7.02,14.17,1.5,2.63,1.49,2.66,1.5,2.9,1.44,2.74,-2.0,1.95,1.9,2.03,1.88,1.95,1.98,1.88,1.89,2526,,,,,,,1.19,9.2,19.5,1.47,3.0,1.85,2.13,,,,,,,1.22,7.8,19.0,1.51,2.94,2.05,1.92,1.18,7.5,17.0,1.18,8.0,16.0,1.15,7.5,17.0,1.18,7.5,15.0,1.17,7.5,15.0,1.2,7.0,15.0,1.18,7.5,15.0,1.18,7.0,15.0,1.2,7.0,13.0,1.2,7.0,13.0,,,,,,,,,,,,,,
E0,27/09/2025,17:30,Nott'm Forest,Sunderland,0,1,A,0,1,A,T Harrington,22,11,6,3,11,6,7,4,4,2,0,0,1.75,3.75,4.5,1.78,3.7,4.5,,,,1.78,3.82,4.76,,,,,,,1.8,3.75,5.0,1.77,3.67,4.64,2.0,1.85,2.0,1.89,2.08,1.86,1.97,1.8,-0.75,2.0,1.85,2.01,1.89,2.0,1.85,1.96,1.8,1.75,3.8,4.75,1.75,3.7,4.6,,,,1.78,3.82,4.79,,,,,,,1.8,3.8,5.0,1.75,3.69,4.73,1.93,1.93,2.02,1.88,2.02,1.93,1.95,1.83,-0.75,1.98,1.88,2.03,1.9,1.98,1.88,1.94,1.84,2526,,,,,,,1.83,3.8,5.1,2.12,1.87,2.08,1.9,,,,,,,1.81,3.95,5.1,2.04,1.93,2.03,1.94,1.8,3.6,5.0,1.78,3.7,4.75,1.75,3.7,4.75,1.8,3.7,4.5,1.75,3.6,4.5,1.8,3.6,5.0,1.77,3.75,4.75,1.73,3.75,4.8,1.75,3.6,4.6,1.75,3.6,4.6,,,,,,,,,,,,,,
E0,27/09/2025,20:00,Tottenham,Wolves,1,1,D,0,0,D,M Salisbury,10,9,3,3,9,11,10,9,3,2,0,0,1.5,4.5,6.0,1.49,4.5,6.25,,,,1.49,4.96,6.08,,,,,,,1.5,4.9,7.0,1.47,4.57,6.38,1.73,2.1,1.75,2.15,1.73,2.25,1.68,2.14,-1.25,2.05,1.75,2.12,1.79,2.05,1.83,1.99,1.76,1.5,4.2,6.5,1.53,4.2,6.0,,,,1.58,4.37,5.76,,,,,,,1.57,4.6,6.5,1.53,4.27,6.05,1.73,2.1,1.77,2.14,1.75,2.15,1.72,2.1,-1.0,1.9,1.95,2.01,1.92,1.9,2.0,1.85,1.93,2526,,,,,,,1.49,5.1,7.2,1.75,2.28,2.17,1.83,,,,,,,1.54,4.5,7.4,1.83,2.18,1.93,2.05,1.5,4.5,7.0,1.46,4.9,6.75,1.45,4.5,6.5,1.48,4.5,6.0,1.48,4.5,6.0,1.57,4.33,6.0,1.52,4.6,6.1,1.53,4.2,6.0,1.53,4.2,6.0,1.53,4.2,6.0,,,,,,,,,,,,,,
E0,28/09/2025,14:00,Aston Villa,Fulham,3,1,H,1,1,D,A Madley,9,11,4,4,10,13,2,8,1,4,0,0,2.3,3.1,3.4,2.25,3.2,3.3,,,,2.3,3.15,3.55,,,,,,,2.35,3.3,3.4,2.29,3.19,3.3,2.1,1.73,2.17,1.75,2.23,1.73,2.11,1.69,-0.25,1.95,1.9,1.96,1.94,1.97,1.9,1.93,1.84,2.2,3.3,3.4,2.25,3.2,3.4,,,,2.38,3.25,3.34,,,,,,,2.32,3.33,3.5,2.25,3.24,3.34,2.05,1.8,2.16,1.76,2.14,1.83,2.04,1.76,-0.25,1.9,1.95,2.03,1.89,1.95,1.95,1.91,1.87,2526,,,,,,,2.38,3.25,3.6,2.28,1.77,2.02,1.96,,,,,,,2.34,3.45,3.5,2.08,1.91,2.0,1.99,2.3,3.25,3.3,2.35,3.2,3.25,2.25,3.3,3.25,2.25,3.2,3.3,2.25,3.2,3.3,2.2,3.3,3.5,2.32,3.3,3.25,2.25,3.2,3.4,2.25,3.2,3.4,2.2,3.2,3.3,,,,,,,,,,,,,,
E0,28/09/2025,16:30,Newcastle,Arsenal,1,2,A,1,0,H,J Gillett,8,20,3,7,8,9,7,12,2,1,0,0,3.6,3.4,2.1,3.5,3.3,2.1,,,,3.64,3.4,2.15,,,,,,,3.66,3.4,2.2,3.51,3.32,2.12,2.1,1.73,2.19,1.74,2.12,1.76,2.08,1.71,0.25,2.03,1.83,2.06,1.85,2.03,1.83,1.98,1.74,3.4,3.3,2.15,3.4,3.2,2.2,,,,3.78,3.36,2.14,,,,,,,3.5,3.33,2.3,3.4,3.26,2.21,2.1,1.73,2.3,1.67,2.18,1.75,2.11,1.71,0.25,1.98,1.88,2.1,1.84,1.98,1.91,1.91,1.82,2526,,,,,,,3.75,3.45,2.24,2.28,1.77,2.07,1.91,,,,,,,3.65,3.4,2.28,2.18,1.84,2.04,1.95,3.6,3.3,2.2,3.6,3.4,2.12,3.4,3.3,2.1,3.5,3.3,2.1,3.5,3.3,2.1,3.5,3.3,2.25,3.4,3.25,2.28,3.4,3.3,2.2,3.4,3.2,2.2,3.3,3.2,2.2,,,,,,,,,,,,,,
E0,29/09/2025,20:00,Everton,West Ham,1,1,D,1,0,H,S Barrott,12,14,6,3,7,16,3,5,3,4,0,0,1.7,3.75,5.0,1.73,3.7,4.8,,,,1.74,3.88,4.9,,,,,,,1.76,3.75,5.0,1.72,3.69,4.83,1.93,1.93,1.94,1.94,2.04,1.93,1.91,1.85,-0.75,1.9,1.95,1.97,1.93,1.95,1.95,1.91,1.86,1.62,3.9,5.5,1.68,3.8,5.0,,,,1.68,3.9,5.46,,,,,,,1.68,4.0,5.5,1.65,3.87,5.28,1.88,1.98,2.0,1.9,1.92,1.98,1.86,1.91,-0.75,1.8,2.05,1.89,2.03,1.84,2.05,1.8,1.98,2526,,,,,,,1.73,3.9,5.5,1.99,1.96,1.94,2.04,,,,,,,1.71,4.1,5.7,1.94,2.04,1.9,2.08,1.73,3.75,5.0,1.75,3.7,5.0,1.7,3.6,4.75,1.73,3.7,4.8,1.73,3.7,4.8,1.67,4.0,5.5,1.67,3.85,5.4,1.65,3.9,5.25,1.67,3.8,5.0,1.67,3.8,5.0,,,,,,,,,,,,,,
E0,03/10/2025,20:00,Bournemouth,Fulham,3,1,H,0,0,D,S Hooper,11,12,6,4,8,10,4,3,0,1,0,0,1.95,3.5,3.9,1.95,3.5,3.9,,,,1.99,3.6,3.93,,,,,,,2.0,3.6,4.0,1.97,3.5,3.85,2.0,1.85,2.01,1.88,2.05,1.91,1.93,1.85,-0.5,2.0,1.85,2.0,1.91,2.0,1.87,1.93,1.83,1.95,3.4,4.1,1.93,3.4,4.1,,,,2.02,3.55,3.98,,,,,,,2.0,3.6,4.2,1.95,3.43,4.01,2.1,1.73,2.04,1.88,2.1,1.78,2.06,1.75,-0.5,1.98,1.88,2.03,1.9,1.98,1.9,1.91,1.85,2526,,,,,,,2.06,3.65,4.1,2.06,1.91,2.06,1.94,,,,,,,2.02,3.55,4.4,2.22,1.81,2.02,1.97,2.0,3.5,4.0,1.97,3.55,3.95,2.0,3.5,3.7,1.95,3.5,3.9,1.95,3.5,3.9,2.0,3.5,4.0,1.92,3.55,4.1,2.0,3.4,3.8,1.95,3.4,4.0,1.91,3.4,4.0,,,,,,,,,,,,,,
E0,04/10/2025,12:30,Leeds,Tottenham,1,2,A,1,1,D,T Bramall,16,9,4,3,10,12,4,1,2,3,0,0,2.7,3.5,2.5,2.75,3.5,2.45,,,,2.78,3.56,2.55,,,,,,,2.88,3.55,2.55,2.75,3.46,2.49,1.95,1.9,1.97,1.92,1.95,1.96,1.89,1.89,0.0,2.03,1.83,2.04,1.87,2.03,1.83,1.98,1.8,2.8,3.4,2.5,2.7,3.4,2.55,,,,2.77,3.45,2.65,,,,,,,2.85,3.4,2.63,2.75,3.35,2.55,1.95,1.9,1.97,1.93,1.98,1.91,1.91,1.86,0.0,2.05,1.8,2.01,1.92,2.05,1.88,1.99,1.8,2526,,,,,,,2.86,3.55,2.68,2.0,1.97,2.07,1.91,,,,,,,2.92,3.5,2.68,2.02,1.96,2.08,1.91,2.88,3.4,2.5,2.75,3.55,2.55,2.75,3.4,2.5,2.75,3.5,2.45,2.75,3.4,2.45,2.75,3.4,2.63,2.75,3.4,2.6,2.75,3.4,2.5,2.7,3.4,2.5,2.7,3.3,2.5,,,,,,,,,,,,,,
E0,04/10/2025,15:00,Arsenal,West Ham,2,0,H,1,0,H,J Brooks,21,4,5,0,14,14,8,3,0,2,0,0,1.18,6.5,17.0,1.2,6.75,14.5,,,,1.21,6.93,13.68,,,,,,,1.2,7.5,17.0,1.19,6.83,15.25,1.53,2.5,1.54,2.56,1.58,2.65,1.52,2.47,-2.0,1.98,1.88,2.02,1.88,1.98,1.91,1.92,1.86,1.17,8.0,15.0,1.2,7.25,13.0,,,,1.22,6.82,14.76,,,,,,,1.2,8.0,17.0,1.18,7.28,14.63,1.44,2.75,1.49,2.64,1.55,3.1,1.41,2.84,-2.0,1.95,1.9,2.08,1.84,1.95,2.14,1.84,1.94,2526,,,,,,,1.22,7.8,17.5,1.59,2.62,2.02,1.94,,,,,,,1.19,8.8,19.5,1.43,3.25,1.95,2.03,1.2,7.0,17.0,1.2,7.0,15.0,1.17,7.0,17.0,1.2,7.0,15.0,1.2,6.5,13.0,1.18,7.5,15.0,1.18,7.5,16.0,1.18,7.0,15.0,1.18,7.5,13.0,1.2,7.0,13.0,,,,,,,,,,,,,,
E0,04/10/2025,15:00,Man United,Sunderland,2,0,H,2,0,H,S Attwell,15,8,6,3,10,12,2,3,1,4,0,0,1.5,4.75,5.75,1.51,4.5,5.75,,,,1.51,4.7,6.18,,,,,,,1.53,4.75,6.5,1.5,4.55,5.98,1.62,2.3,1.66,2.3,1.7,2.3,1.64,2.21,-1.0,1.8,2.05,1.85,2.06,1.83,2.05,1.78,1.99,1.62,4.33,5.0,1.61,4.2,5.0,,,,1.57,4.41,5.78,,,,,,,1.69,4.5,5.5,1.61,4.22,5.1,1.62,2.3,1.73,2.19,1.68,2.3,1.64,2.22,-0.75,1.75,2.05,1.72,2.24,1.85,2.07,1.74,2.05,2526,,,,,,,1.53,4.9,6.6,1.67,2.46,1.88,2.11,,,,,,,1.67,4.5,5.5,1.69,2.4,1.83,2.17,1.5,4.6,6.5,1.52,4.6,6.0,1.5,4.4,6.0,1.5,4.5,5.75,1.5,4.5,5.75,1.6,4.2,5.5,1.62,4.25,5.3,1.57,4.5,5.0,1.6,4.2,5.25,1.6,4.2,5.0,,,,,,,,,,,,,,
E0,04/10/2025,17:30,Chelsea,Liverpool,2,1,H,1,0,H,A Taylor,12,12,6,2,9,8,7,2,0,2,0,0,2.8,3.75,2.3,2.9,3.6,2.25,,,,2.92,3.89,2.3,,,,,,,2.95,3.8,2.38,2.87,3.7,2.28,1.53,2.5,1.56,2.54,1.57,2.5,1.53,2.43,0.25,1.8,2.05,1.88,2.03,1.86,2.05,1.82,1.91,2.9,3.6,2.3,2.8,3.6,2.3,,,,2.9,3.85,2.36,,,,,,,3.0,3.8,2.38,2.87,3.64,2.31,1.57,2.38,1.52,2.59,1.6,2.6,1.55,2.41,0.25,1.83,2.03,1.86,2.07,1.83,2.03,1.81,1.93,2526,,,,,,,3.0,3.85,2.42,1.57,2.72,1.89,2.1,,,,,,,3.05,3.8,2.42,1.61,2.6,1.9,2.1,2.88,3.75,2.25,2.9,3.75,2.3,2.88,3.8,2.25,2.9,3.6,2.3,2.9,3.6,2.25,2.88,3.75,2.38,2.95,3.65,2.32,2.88,3.8,2.25,2.8,3.6,2.3,2.8,3.6,2.3,,,,,,,,,,,,,,
E0,05/10/2025,14:00,Aston Villa,Burnley,2,1,H,1,0,H,A Kitchen,15,5,7,2,9,15,6,4,3,1,0,0,1.6,4.0,5.75,1.58,4.0,5.5,,,,1.6,3.99,6.21,,,,,,,1.62,4.2,6.0,1.59,4.0,5.76,1.98,1.88,1.96,1.93,1.98,1.92,1.9,1.87,-1.0,2.05,1.8,2.09,1.83,2.05,1.82,1.98,1.79,1.55,4.1,6.0,1.58,3.9,6.0,,,,1.65,3.91,5.77,,,,,,,1.62,4.25,6.5,1.55,4.05,6.13,1.93,1.93,1.95,1.95,1.93,2.0,1.88,1.9,-1.0,1.95,1.9,2.15,1.78,2.08,1.95,1.92,1.86,2526,,,,,,,1.64,4.0,6.4,2.02,1.94,2.14,1.84,,,,,,,1.59,4.3,7.0,1.98,2.0,1.99,2.0,1.62,4.0,6.0,1.58,4.2,5.8,1.57,4.0,6.0,1.6,4.0,5.5,1.57,4.0,5.5,1.53,4.2,6.5,1.53,4.25,6.5,1.53,4.1,6.5,1.57,3.9,6.0,1.57,3.9,5.75,,,,,,,,,,,,,,
E0,05/10/2025,14:00,Everton,Crystal Palace,2,1,H,0,1,A,M Salisbury,14,15,7,8,13,16,2,4,2,3,0,0,2.45,3.25,3.0,2.5,3.2,2.9,,,,2.59,3.26,2.95,,,,,,,2.65,3.25,3.0,2.53,3.21,2.89,2.2,1.67,2.28,1.68,2.33,1.67,2.2,1.65,0.0,1.7,2.1,1.83,2.09,1.77,2.1,1.72,2.02,2.6,3.2,2.8,2.65,3.1,2.8,,,,2.61,3.23,2.99,,,,,,,2.75,3.2,2.9,2.65,3.1,2.82,2.3,1.62,2.23,1.72,2.32,1.67,2.25,1.62,0.0,1.88,1.98,1.83,2.11,1.88,2.02,1.82,1.96,2526,,,,,,,2.6,3.3,3.1,2.28,1.75,1.83,2.18,,,,,,,2.8,3.2,2.98,2.4,1.68,1.93,2.06,2.6,3.2,2.88,2.63,3.25,2.85,2.5,3.25,2.9,2.5,3.2,2.9,2.5,3.2,2.87,2.6,3.1,2.88,2.75,3.2,2.75,2.7,3.0,2.8,2.62,3.1,2.8,2.62,3.1,2.75,,,,,,,,,,,,,,
E0,05/10/2025,14:00,Newcastle,Nott'm Forest,2,0,H,0,0,D,P Bankes,18,5,9,4,16,15,8,1,0,4,0,0,1.57,4.2,5.5,1.6,4.1,5.5,,,,1.63,4.3,5.27,,,,,,,1.61,4.4,5.75,1.58,4.21,5.46,1.73,2.1,1.71,2.22,1.73,2.23,1.69,2.12,-1.0,2.0,1.85,2.12,1.79,2.0,1.9,1.93,1.85,1.5,4.5,6.0,1.53,4.33,5.75,,,,1.57,4.39,5.91,,,,,,,1.53,4.6,6.5,1.51,4.42,6.06,1.62,2.3,1.71,2.23,1.66,2.3,1.64,2.23,-1.0,1.83,2.03,1.96,1.96,1.85,2.05,1.8,1.99,2526,,,,,,,1.59,4.5,6.2,1.79,2.22,2.05,1.92,,,,,,,1.55,4.8,6.6,1.74,2.32,1.93,2.06,1.6,4.2,5.5,1.57,4.4,5.75,1.57,4.2,5.5,1.6,4.2,5.25,1.61,4.0,5.0,1.5,4.5,6.5,1.5,4.6,6.4,1.5,4.4,6.0,1.53,4.33,6.0,1.5,4.33,6.0,,,,,,,,,,,,,,
E0,05/10/2025,14:00,Wolves,Brighton,1,1,D,1,0,H,J Gillett,6,17,3,6,13,9,2,8,2,4,0,0,3.6,3.7,2.0,3.7,3.6,1.98,,,,3.82,3.68,1.99,,,,,,,3.85,3.7,2.0,3.67,3.6,1.99,1.85,2.0,1.89,2.0,1.92,2.0,1.83,1.94,0.5,1.85,2.0,1.9,2.0,1.86,2.0,1.82,1.94,3.4,3.6,2.1,3.4,3.5,2.1,,,,3.82,3.68,2.02,,,,,,,3.75,3.65,2.25,3.46,3.53,2.08,1.73,2.1,1.89,2.01,1.84,2.1,1.77,2.02,0.25,2.05,1.8,2.2,1.76,2.1,1.9,2.02,1.73,2526,,,,,,,3.85,3.8,2.08,1.89,2.1,1.89,2.08,,,,,,,3.75,3.6,2.16,1.85,2.14,2.13,1.86,3.75,3.6,2.0,3.85,3.65,1.98,3.6,3.6,2.0,3.7,3.6,1.95,3.6,3.6,1.95,3.5,3.6,2.1,3.7,3.65,2.0,3.3,3.6,2.1,3.6,3.6,2.0,3.4,3.5,2.1,,,,,,,,,,,,,,
E0,05/10/2025,16:30,Brentford,Man City,0,1,A,0,1,A,D England,6,10,1,4,10,6,3,2,3,2,0,0,4.75,4.5,1.62,4.6,4.33,1.65,,,,4.87,4.5,1.64,,,,,,,5.0,4.5,1.67,4.73,4.27,1.64,1.57,2.38,1.61,2.42,1.6,2.4,1.56,2.35,0.75,2.05,1.8,2.09,1.83,2.05,1.8,2.0,1.77,4.75,4.2,1.62,4.8,4.2,1.63,,,,5.04,4.39,1.65,,,,,,,5.5,4.33,1.65,5.03,4.18,1.62,1.62,2.3,1.63,2.36,1.62,2.43,1.58,2.32,1.0,1.75,2.05,1.84,2.1,1.81,2.05,1.78,2.01,2526,,,,,,,5.2,4.6,1.67,1.62,2.56,2.16,1.83,,,,,,,5.5,4.4,1.68,1.64,2.54,1.86,2.15,5.0,4.2,1.67,4.9,4.4,1.64,4.75,4.1,1.62,4.6,4.33,1.65,4.6,4.2,1.65,5.5,4.2,1.62,5.1,4.2,1.64,5.0,4.2,1.62,5.0,4.33,1.61,5.0,4.2,1.6,,,,,,,,,,,,,,
E0,18/10/2025,12:30,Nott'm Forest,Chelsea,0,3,A,0,0,D,C Kavanagh,12,17,2,6,13,16,5,2,2,2,0,1,3.7,3.8,1.95,3.75,3.7,1.93,,,,3.77,3.88,1.95,,,,,,,3.85,3.85,1.95,3.75,3.74,1.93,1.73,2.1,1.71,2.22,1.73,2.2,1.68,2.13,0.5,1.9,1.95,1.94,1.96,1.95,1.95,1.88,1.88,3.1,3.5,2.25,3.0,3.4,2.3,,,,3.24,3.5,2.31,,,,,,,3.25,3.5,2.38,3.07,3.43,2.27,1.88,1.98,1.86,2.05,1.88,2.1,1.82,1.97,0.25,1.8,2.05,1.93,2.0,1.9,2.05,1.84,1.88,2526,,,,,,,3.9,3.95,2.02,1.75,2.3,1.96,2.03,,,,,,,3.2,3.6,2.4,1.96,2.02,1.92,2.07,3.75,3.75,1.95,3.85,3.85,1.91,3.7,3.75,1.95,3.75,3.7,1.91,3.75,3.6,1.91,3.1,3.5,2.1,3.25,3.45,2.25,3.0,3.5,2.3,3.0,3.4,2.3,3.0,3.4,2.25,,,,,,,,,,,,,,
E0,18/10/2025,15:00,Brighton,Newcastle,2,1,H,1,0,H,C Pawson,13,16,5,3,9,9,8,4,0,1,0,0,2.63,3.4,2.6,2.6,3.4,2.65,,,,2.71,3.52,2.64,,,,,,,2.75,3.66,2.65,2.61,3.48,2.62,1.88,1.98,1.88,2.01,1.91,1.98,1.84,1.92,0.0,1.98,1.88,1.98,1.93,1.98,1.91,1.89,1.86,2.88,3.5,2.35,2.8,3.4,2.45,,,,2.87,3.5,2.54,,,,,,,2.9,3.6,2.5,2.86,3.44,2.42,1.73,2.1,1.79,2.11,1.82,2.1,1.75,2.05,0.25,1.8,2.05,1.76,2.19,1.8,2.1,1.75,1.98,2526,,,,,,,2.82,3.6,2.66,1.91,2.04,2.03,1.94,,,,,,,3.0,3.55,2.54,1.81,2.2,1.85,2.16,2.75,3.4,2.63,2.6,3.6,2.65,2.63,3.5,2.6,2.6,3.4,2.62,2.6,3.4,2.62,2.88,3.4,2.5,2.85,3.5,2.48,2.9,3.6,2.3,2.8,3.4,2.45,2.8,3.4,2.4,,,,,,,,,,,,,,
E0,18/10/2025,15:00,Burnley,Leeds,2,0,H,1,0,H,T Robinson,4,19,3,4,10,7,1,5,2,1,0,0,3.25,3.25,2.25,3.2,3.25,2.3,,,,3.43,3.29,2.28,,,,,,,3.45,3.33,2.3,3.3,3.25,2.26,2.2,1.67,2.35,1.65,2.25,1.67,2.2,1.64,0.25,1.93,1.93,1.94,1.96,1.93,1.93,1.89,1.83,3.4,3.25,2.15,3.4,3.2,2.2,,,,3.57,3.23,2.28,,,,,,,3.75,3.33,2.23,3.48,3.22,2.19,2.3,1.62,2.37,1.65,2.3,1.67,2.26,1.62,0.25,1.95,1.9,1.97,1.95,1.96,1.9,1.93,1.79,2526,,,,,,,3.55,3.35,2.32,2.4,1.69,2.0,1.98,,,,,,,3.7,3.35,2.28,2.4,1.68,2.04,1.95,3.3,3.25,2.3,3.45,3.3,2.23,3.3,3.25,2.25,3.2,3.25,2.3,3.2,3.2,2.3,3.75,3.25,2.1,3.6,3.25,2.2,3.4,3.25,2.2,3.4,3.2,2.2,3.4,3.2,2.2,,,,,,,,,,,,,,
E0,18/10/2025,15:00,Crystal Palace,Bournemouth,3,3,D,0,2,A,J Gillett,20,8,7,5,8,16,6,5,1,4,0,0,2.2,3.4,3.25,2.25,3.4,3.1,,,,2.23,3.4,3.43,,,,,,,2.3,3.4,3.35,2.25,3.35,3.22,1.95,1.9,1.96,1.93,2.02,1.91,1.92,1.85,-0.25,1.95,1.9,1.93,1.98,1.95,1.95,1.9,1.87,2.15,3.3,3.5,2.15,3.4,3.4,,,,2.24,3.41,3.47,,,,,,,2.15,3.5,3.6,2.13,3.39,3.44,1.8,2.0,1.87,2.05,1.84,2.08,1.8,1.99,-0.25,1.85,2.0,1.93,1.99,1.85,2.0,1.8,1.96,2526,,,,,,,2.32,3.45,3.5,2.0,1.96,1.99,1.98,,,,,,,2.22,3.4,3.8,1.89,2.1,1.89,2.11,2.25,3.4,3.3,2.28,3.3,3.3,2.25,3.4,3.13,2.25,3.4,3.1,2.25,3.4,3.1,2.15,3.5,3.5,2.12,3.5,3.5,2.15,3.4,3.4,2.15,3.4,3.4,2.1,3.4,3.4,,,,,,,,,,,,,,
E0,18/10/2025,15:00,Man City,Everton,2,0,H,0,0,D,T Harrington,19,5,7,1,8,14,11,3,0,2,0,0,1.4,5.0,7.0,1.41,4.8,7.25,,,,1.39,5.29,7.71,,,,,,,1.41,5.25,9.0,1.38,4.92,7.91,1.73,2.1,1.73,2.18,1.73,2.2,1.69,2.12,-1.25,1.88,1.98,1.88,2.02,1.9,2.02,1.81,1.96,1.42,4.33,8.5,1.46,4.6,6.5,,,,1.44,4.55,8.31,,,,,,,1.48,4.8,8.5,1.44,4.46,7.29,1.67,2.2,1.71,2.22,1.71,2.25,1.67,2.17,-1.25,2.05,1.8,2.03,1.9,2.05,1.93,1.93,1.85,2526,,,,,,,1.42,5.3,8.8,1.74,2.28,1.93,2.01,,,,,,,1.45,4.6,10.0,1.78,2.26,2.1,1.89,1.4,5.0,8.5,1.37,5.1,9.0,1.36,5.0,8.5,1.4,4.8,7.5,1.4,4.8,7.0,1.44,4.5,7.5,1.43,4.8,7.5,1.44,4.5,7.0,1.48,4.6,6.5,1.44,4.6,6.5,,,,,,,,,,,,,,
E0,18/10/2025,15:00,Sunderland,Wolves,2,0,H,1,0,H,R Jones,8,16,2,3,5,12,3,2,0,0,0,0,2.5,3.0,3.1,2.45,3.1,3.1,,,,2.5,3.07,3.25,,,,,,,2.5,3.15,3.25,2.46,3.07,3.13,2.5,1.53,2.56,1.55,2.55,1.55,2.43,1.53,-0.25,2.1,1.78,2.12,1.81,2.1,1.78,2.03,1.75,2.5,3.0,3.1,2.5,3.0,3.0,,,,2.65,3.03,3.12,,,,,,,2.54,3.1,3.15,2.49,3.03,3.08,2.38,1.57,2.48,1.57,2.5,1.6,2.37,1.56,-0.25,2.13,1.75,2.23,1.74,2.14,1.75,2.08,1.73,2526,,,,,,,2.56,3.15,3.3,2.62,1.6,2.17,1.83,,,,,,,2.62,3.15,3.25,2.52,1.64,2.2,1.82,2.5,3.1,3.1,2.48,3.1,3.15,2.45,3.1,3.1,2.45,3.1,3.1,2.4,3.1,3.1,2.5,3.1,3.1,2.5,3.1,3.1,2.5,3.0,3.13,2.5,3.0,3.0,2.5,3.0,3.0,,,,,,,,,,,,,,
E0,18/10/2025,17:30,Fulham,Arsenal,0,1,A,0,0,D,A Taylor,9,16,0,5,11,4,6,10,0,0,0,0,5.75,4.1,1.55,6.0,4.1,1.55,,,,5.98,4.46,1.55,,,,,,,6.5,4.4,1.57,6.14,4.13,1.54,1.98,1.88,1.99,1.89,1.98,1.96,1.89,1.87,1.0,1.88,1.98,1.93,1.97,1.93,1.98,1.88,1.9,6.25,4.2,1.5,6.25,4.2,1.52,,,,7.25,4.15,1.54,,,,,,,7.5,4.35,1.53,6.77,4.18,1.5,1.95,1.9,1.96,1.94,2.0,1.91,1.91,1.86,1.0,1.98,1.88,1.99,1.93,2.06,1.88,1.98,1.81,2526,,,,,,,6.8,4.5,1.57,2.04,1.93,1.96,2.02,,,,,,,7.8,4.5,1.52,2.04,1.94,2.07,1.91,6.5,4.2,1.53,6.4,4.3,1.53,6.5,4.0,1.53,6.0,4.0,1.55,6.0,4.0,1.55,7.5,4.2,1.5,7.5,4.35,1.47,6.5,4.2,1.5,6.5,4.2,1.53,6.0,4.2,1.5,,,,,,,,,,,,,,
E0,19/10/2025,14:00,Tottenham,Aston Villa,1,2,A,1,1,D,S Hooper,9,8,3,2,11,7,6,6,2,0,0,0,2.05,3.5,3.5,2.05,3.6,3.4,,,,2.07,3.77,3.5,,,,,,,2.15,3.7,3.5,2.06,3.56,3.42,1.83,2.03,1.85,2.04,1.83,2.08,1.78,1.99,-0.5,2.03,1.83,2.08,1.84,2.07,1.83,2.01,1.75,2.2,3.4,3.1,2.25,3.4,3.2,,,,2.32,3.44,3.27,,,,,,,2.3,3.5,3.4,2.24,3.36,3.21,1.88,1.98,1.88,2.02,1.89,2.0,1.83,1.95,-0.25,1.98,1.88,2.0,1.93,1.98,1.91,1.91,1.87,2526,,,,,,,2.16,3.8,3.6,1.92,2.06,2.16,1.84,,,,,,,2.36,3.5,3.4,1.91,2.08,2.02,1.96,2.15,3.5,3.5,2.12,3.65,3.4,2.0,3.5,3.5,2.1,3.6,3.4,2.05,3.5,3.3,2.25,3.5,3.25,2.25,3.3,3.4,2.25,3.3,3.2,2.2,3.3,3.3,2.2,3.3,3.25,,,,,,,,,,,,,,
E0,19/10/2025,16:30,Liverpool,Man United,1,2,A,0,1,A,M Oliver,19,12,6,4,8,14,9,4,0,2,0,0,1.6,4.5,5.0,1.61,4.4,4.8,,,,1.63,4.27,5.32,,,,,,,1.62,4.7,5.1,1.6,4.4,4.89,1.44,2.75,1.44,2.81,1.47,2.8,1.43,2.71,-1.0,2.0,1.85,2.01,1.89,2.0,1.87,1.93,1.84,1.7,4.2,4.2,1.66,4.33,4.5,,,,1.63,4.46,5.12,,,,,,,1.73,4.35,5.0,1.67,4.3,4.55,1.44,2.75,1.49,2.69,1.5,2.88,1.44,2.69,-0.75,1.9,1.95,1.78,2.15,1.9,2.1,1.8,1.98,2526,,,,,,,1.64,4.6,5.5,1.48,2.96,2.06,1.92,,,,,,,1.75,4.6,4.6,1.51,2.94,1.94,2.04,1.62,4.5,5.0,1.6,4.6,5.0,1.57,4.33,4.8,1.61,4.4,4.8,1.6,4.33,4.8,1.73,4.33,4.6,1.7,4.25,4.6,1.65,4.33,4.6,1.65,4.33,4.6,1.65,4.33,4.5,,,,,,,,,,,,,,
E0,20/10/2025,20:00,West Ham,Brentford,0,2,A,0,1,A,A Madley,7,22,1,7,10,10,6,10,1,1,0,0,2.5,3.25,2.88,2.5,3.3,2.8,,,,2.54,3.43,2.87,,,,,,,2.5,3.55,2.95,2.46,3.37,2.82,1.9,1.95,1.94,1.94,1.91,1.95,1.85,1.91,0.0,1.8,2.05,1.84,2.08,1.8,2.17,1.71,2.06,2.8,3.25,2.55,2.75,3.3,2.55,,,,2.63,3.31,2.9,,,,,,,2.88,3.4,2.63,2.75,3.29,2.57,1.93,1.93,2.0,1.91,1.93,1.93,1.9,1.88,0.0,2.03,1.83,1.87,2.06,2.03,2.17,1.83,1.95,2526,,,,,,,2.68,3.5,2.9,1.92,1.98,1.91,2.07,,,,,,,2.94,3.4,2.7,2.0,1.98,2.08,1.91,2.5,3.4,2.88,2.4,3.55,2.9,2.4,3.4,2.75,2.5,3.3,2.8,2.45,3.3,2.8,2.63,3.4,2.63,2.75,3.4,2.6,2.75,3.25,2.6,2.75,3.3,2.6,2.7,3.3,2.5,,,,,,,,,,,,,,
E0,24/10/2025,20:00,Leeds,West Ham,2,1,H,2,0,H,S Attwell,13,9,5,3,12,11,3,4,3,3,0,0,1.8,3.5,4.75,1.8,3.6,4.5,,,,1.82,3.72,4.72,,,,,,,1.83,3.65,5.0,1.81,3.57,4.59,2.1,1.73,2.1,1.79,2.14,1.8,2.04,1.76,-0.5,1.78,2.03,1.82,2.1,1.83,2.05,1.76,2.01,1.8,3.6,4.5,1.78,3.6,4.5,,,,1.81,3.71,4.79,,,,,,,1.83,3.85,5.1,1.79,3.64,4.56,2.03,1.83,2.05,1.87,2.05,1.91,1.97,1.81,-0.75,2.03,1.78,2.07,1.86,2.03,1.9,1.97,1.81,2526,,,,,,,1.87,3.75,4.9,2.16,1.85,1.87,2.13,,,,,,,1.85,3.85,4.9,2.06,1.92,2.12,1.87,1.8,3.6,5.0,1.81,3.6,4.7,1.8,3.6,4.6,1.8,3.6,4.5,1.8,3.6,4.4,1.8,3.75,4.5,1.72,3.85,5.0,1.83,3.6,4.4,1.8,3.6,4.6,1.8,3.5,4.5,,,,,,,,,,,,,,
E0,25/10/2025,15:00,Chelsea,Sunderland,1,2,A,1,1,D,A Madley,16,10,7,4,15,13,9,1,1,1,0,0,1.36,4.75,9.0,1.38,5.0,8.0,,,,1.38,5.22,8.0,,,,,,,1.42,5.25,9.5,1.37,4.99,8.31,1.73,2.1,1.76,2.14,1.75,2.2,1.69,2.12,-1.5,2.05,1.8,2.1,1.8,2.1,1.85,2.0,1.78,1.45,4.5,7.0,1.46,4.5,6.75,,,,1.45,4.7,7.85,,,,,,,1.48,4.7,8.0,1.44,4.52,7.2,1.73,2.1,1.71,2.22,1.75,2.2,1.7,2.11,-1.25,2.03,1.83,2.06,1.87,2.03,1.94,1.91,1.86,2526,,,,,,,1.42,5.2,9.4,1.76,2.28,2.19,1.82,,,,,,,1.45,5.1,8.2,1.76,2.28,2.06,1.92,1.36,5.0,9.5,1.36,5.2,9.0,1.36,5.0,8.5,1.36,5.0,8.0,1.36,4.8,8.0,1.44,4.6,7.5,1.41,4.7,8.0,1.44,4.5,7.0,1.48,4.5,6.5,1.44,4.5,6.5,,,,,,,,,,,,,,
E0,25/10/2025,15:00,Newcastle,Fulham,2,1,H,1,0,H,P Bankes,18,12,7,5,11,18,4,3,0,2,0,0,1.62,3.9,5.5,1.63,4.0,5.25,,,,1.65,3.97,5.59,,,,,,,1.64,4.1,6.0,1.62,3.97,5.44,1.93,1.93,1.96,1.93,1.94,2.0,1.85,1.92,-0.75,1.8,2.05,1.84,2.08,1.8,2.05,1.77,2.02,1.6,4.1,5.75,1.61,4.0,5.25,,,,1.61,4.15,6.0,,,,,,,1.62,4.1,6.25,1.6,3.99,5.62,1.83,2.03,1.85,2.07,1.85,2.05,1.8,2.0,-1.0,2.03,1.83,2.06,1.87,2.05,1.88,1.97,1.81,2526,,,,,,,1.68,4.1,6.0,2.0,1.97,1.86,2.12,,,,,,,1.64,4.3,6.2,1.84,2.16,2.07,1.91,1.62,4.0,6.0,1.63,4.0,5.5,1.62,3.9,5.5,1.61,4.0,5.25,1.61,3.9,5.25,1.62,4.0,6.0,1.58,4.1,6.25,1.6,4.1,5.5,1.61,4.0,5.25,1.6,4.0,5.25,,,,,,,,,,,,,,
E0,25/10/2025,17:30,Man United,Brighton,4,2,H,2,0,H,A Taylor,13,17,9,5,4,13,1,6,2,2,0,0,1.95,3.8,3.5,2.0,3.75,3.4,,,,2.0,3.92,3.57,,,,,,,2.05,4.0,3.6,2.0,3.83,3.45,1.53,2.5,1.53,2.6,1.57,2.5,1.53,2.43,-0.5,1.98,1.88,2.01,1.89,1.98,1.88,1.94,1.82,1.95,3.8,3.4,2.0,3.75,3.3,,,,2.03,3.9,3.57,,,,,,,2.05,4.0,3.5,1.99,3.85,3.41,1.5,2.63,1.55,2.55,1.53,2.75,1.5,2.53,-0.5,1.98,1.88,2.04,1.88,2.0,1.88,1.95,1.82,2526,,,,,,,2.06,4.0,3.7,1.54,2.7,2.06,1.92,,,,,,,2.08,3.95,3.7,1.58,2.68,2.08,1.91,2.0,4.0,3.5,2.02,3.9,3.5,2.0,3.9,3.4,2.05,3.75,3.4,2.0,3.7,3.3,2.05,4.0,3.5,2.0,3.95,3.5,1.95,4.0,3.4,2.0,3.75,3.4,2.0,3.75,3.3,,,,,,,,,,,,,,
E0,25/10/2025,20:00,Brentford,Liverpool,3,2,H,2,1,H,S Hooper,17,18,8,5,7,10,5,4,3,2,0,0,4.1,4.2,1.75,4.33,4.2,1.71,,,,4.25,4.18,1.78,,,,,,,4.5,4.2,1.78,4.28,4.13,1.73,1.53,2.5,1.56,2.49,1.58,2.5,1.54,2.41,0.75,1.88,1.98,1.9,2.01,1.92,1.98,1.88,1.89,3.9,4.0,1.83,3.9,4.0,1.82,,,,4.27,3.93,1.85,,,,,,,4.2,4.2,1.86,3.92,4.01,1.82,1.57,2.38,1.58,2.46,1.57,2.55,1.53,2.44,0.5,2.03,1.83,2.08,1.86,2.07,1.9,1.97,1.8,2526,,,,,,,4.5,4.2,1.81,1.58,2.68,1.94,2.03,,,,,,,4.4,4.0,1.89,1.62,2.58,2.11,1.89,4.33,4.2,1.73,4.5,4.2,1.72,4.33,4.1,1.73,4.33,4.2,1.7,4.2,4.2,1.7,4.0,4.0,1.83,4.1,4.2,1.78,3.9,4.0,1.83,3.9,4.0,1.83,3.9,3.9,1.8,,,,,,,,,,,,,,
E0,26/10/2025,14:00,Arsenal,Crystal Palace,1,0,H,1,0,H,T Bramall,10,7,3,1,6,11,4,3,0,0,0,0,1.4,4.75,7.5,1.41,4.75,7.5,,,,1.44,4.71,7.49,,,,,,,1.44,4.75,8.7,1.41,4.6,7.76,1.73,2.1,1.79,2.1,1.8,2.12,1.74,2.05,-1.25,1.95,1.9,1.98,1.92,1.95,1.94,1.88,1.89,1.38,5.0,8.0,1.4,4.8,7.5,,,,1.39,5.0,9.0,,,,,,,1.4,5.1,8.5,1.38,4.91,8.08,1.67,2.2,1.7,2.24,1.71,2.28,1.66,2.18,-1.25,1.88,1.98,1.91,2.01,1.88,2.08,1.79,2.0,2526,,,,,,,1.44,5.0,8.6,1.79,2.2,2.04,1.91,,,,,,,1.41,5.2,9.6,1.76,2.28,1.91,2.07,1.4,4.6,8.5,1.41,4.7,8.0,1.4,4.4,7.5,1.4,4.6,7.5,1.4,4.6,7.5,1.4,5.0,8.5,1.37,5.1,8.5,1.36,5.0,8.0,1.4,4.8,7.5,1.4,4.8,7.5,,,,,,,,,,,,,,
E0,26/10/2025,14:00,Aston Villa,Man City,1,0,H,1,0,H,M Oliver,9,18,3,4,8,16,5,6,1,4,0,0,4.33,3.8,1.8,4.0,3.75,1.85,,,,4.24,4.06,1.81,,,,,,,4.33,4.0,1.89,4.08,3.8,1.83,1.73,2.1,1.81,2.08,1.77,2.1,1.73,2.07,0.5,2.03,1.78,2.1,1.81,2.03,1.85,1.96,1.79,4.2,3.75,1.83,4.1,3.8,1.82,,,,4.27,3.77,1.88,,,,,,,4.5,3.9,1.92,4.16,3.77,1.82,1.67,2.2,1.73,2.2,1.75,2.28,1.68,2.15,0.5,2.0,1.85,2.03,1.89,2.06,1.91,1.98,1.79,2526,,,,,,,4.6,4.0,1.85,1.81,2.18,2.15,1.85,,,,,,,4.5,3.9,1.89,1.8,2.24,2.11,1.89,4.2,3.75,1.83,4.2,3.75,1.88,4.0,3.7,1.8,4.0,3.75,1.85,3.9,3.75,1.85,4.2,3.75,1.8,4.5,3.9,1.79,4.0,3.8,1.83,4.0,3.8,1.83,4.33,3.8,1.75,,,,,,,,,,,,,,
E0,26/10/2025,14:00,Bournemouth,Nott'm Forest,2,0,H,2,0,H,S Barrott,13,8,5,4,17,7,6,4,3,1,0,0,1.8,3.8,4.33,1.8,3.75,4.2,,,,1.79,3.96,4.48,,,,,,,1.81,3.95,4.6,1.79,3.79,4.29,1.88,1.98,1.9,1.98,1.91,2.02,1.84,1.92,-0.75,2.03,1.83,2.05,1.86,2.03,1.83,1.98,1.79,2.0,3.75,3.6,1.98,3.6,3.7,,,,2.02,3.54,3.98,,,,,,,2.0,3.75,4.1,1.95,3.59,3.82,1.8,2.0,1.86,2.05,1.85,2.0,1.81,1.97,-0.5,2.0,1.85,2.03,1.89,2.0,1.9,1.92,1.84,2526,,,,,,,1.84,4.0,4.6,1.94,2.02,2.06,1.9,,,,,,,2.04,3.65,4.2,1.89,2.1,2.04,1.95,1.8,3.75,4.6,1.79,3.95,4.35,1.75,3.7,4.33,1.8,3.75,4.2,1.8,3.7,4.2,1.95,3.6,4.0,1.89,3.75,4.0,2.0,3.6,3.6,2.0,3.6,3.7,1.95,3.6,3.75,,,,,,,,,,,,,,
E0,26/10/2025,14:00,Wolves,Burnley,2,3,A,2,2,D,T Harrington,15,11,7,7,12,7,5,3,1,0,0,0,1.95,3.3,4.2,1.98,3.3,4.0,,,,2.0,3.39,4.18,,,,,,,2.0,3.4,4.25,1.97,3.3,4.06,2.3,1.62,2.34,1.65,2.3,1.71,2.22,1.63,-0.5,1.95,1.9,1.99,1.92,1.95,1.9,1.92,1.85,1.91,3.3,4.33,1.93,3.3,4.2,,,,1.93,3.41,4.55,,,,,,,1.95,3.4,4.5,1.92,3.3,4.34,2.2,1.67,2.32,1.67,2.3,1.68,2.22,1.64,-0.5,1.93,1.93,1.94,1.98,1.93,1.93,1.88,1.88,2526,,,,,,,1.99,3.4,4.7,2.4,1.69,2.0,1.98,,,,,,,2.0,3.5,4.6,2.32,1.74,2.01,1.98,2.0,3.3,4.2,1.97,3.4,4.25,1.95,3.25,3.9,1.95,3.3,4.0,1.95,3.3,4.0,1.95,3.4,4.33,1.92,3.4,4.4,1.9,3.25,4.5,1.95,3.3,4.2,1.95,3.25,4.2,,,,,,,,,,,,,,
E0,26/10/2025,16:30,Everton,Tottenham,0,3,A,0,2,A,C Pawson,12,7,2,4,9,8,9,8,2,0,0,0,2.35,3.4,3.0,2.35,3.4,2.95,,,,2.42,3.33,3.13,,,,,,,2.4,3.4,3.15,2.35,3.38,2.99,1.98,1.88,1.98,1.91,1.98,1.91,1.91,1.85,-0.25,2.03,1.83,2.08,1.84,2.03,1.83,1.97,1.8,2.2,3.5,3.25,2.15,3.25,3.2,,,,2.28,3.39,3.4,,,,,,,2.28,3.5,3.5,2.2,3.34,3.32,1.93,1.93,1.99,1.91,2.0,2.0,1.92,1.89,-0.25,1.85,2.0,1.96,1.96,1.91,2.0,1.86,1.9,2526,,,,,,,2.42,3.45,3.2,2.02,1.96,2.07,1.9,,,,,,,2.32,3.45,3.5,2.0,1.98,1.99,1.99,2.4,3.4,3.0,2.35,3.4,3.1,2.3,3.4,2.9,2.37,3.4,3.0,2.3,3.4,2.9,2.25,3.4,3.3,2.28,3.3,3.35,2.15,3.3,3.5,2.2,3.3,3.3,2.15,3.3,3.3,,,,,,,,,,,,,,
E0,01/11/2025,15:00,Brighton,Leeds,3,0,H,1,0,H,M Oliver,14,5,7,2,10,7,4,7,0,1,0,0,1.85,3.75,4.0,1.83,3.8,4.0,,,,1.89,3.77,4.15,,,,,,,1.91,3.9,4.33,1.85,3.74,4.11,1.85,2.0,1.88,2.01,1.85,2.05,1.79,1.97,-0.5,1.88,1.98,1.9,2.01,1.88,2.02,1.8,1.95,1.91,3.6,3.9,1.93,3.6,3.9,,,,2.03,3.6,3.86,,,,,,,1.95,3.75,4.0,1.93,3.61,3.88,1.83,2.03,1.92,1.99,1.86,2.07,1.82,1.97,-0.5,1.9,1.95,2.04,1.88,1.94,1.95,1.9,1.86,2526,,,,,,,1.94,3.85,4.4,1.9,2.08,1.94,2.05,,,,,,,1.97,3.95,4.1,1.92,2.06,1.97,2.02,1.83,3.75,4.33,1.82,3.9,4.3,1.87,3.7,4.0,1.83,3.8,4.0,1.83,3.75,4.0,1.95,3.6,4.0,1.91,3.7,4.0,1.93,3.6,3.9,1.95,3.6,3.9,1.91,3.5,3.8,,,,,,,,,,,,,,
E0,01/11/2025,15:00,Burnley,Arsenal,0,2,A,0,2,A,C Kavanagh,3,12,0,8,10,13,1,6,2,1,0,0,10.0,6.0,1.27,10.5,5.75,1.29,,,,9.99,6.26,1.28,,,,,,,13.0,6.0,1.29,10.97,5.65,1.28,1.73,2.1,1.78,2.1,1.8,2.14,1.73,2.05,1.5,2.0,1.85,2.05,1.86,2.0,1.85,1.94,1.81,13.0,6.25,1.22,13.0,5.75,1.25,,,,12.24,6.08,1.27,,,,,,,17.0,6.25,1.26,13.66,5.78,1.24,1.9,1.95,1.82,2.08,1.91,2.02,1.85,1.93,1.75,1.75,2.05,1.83,2.09,1.83,2.05,1.78,1.99,2526,,,,,,,12.5,6.2,1.3,1.82,2.16,2.08,1.91,,,,,,,15.5,6.8,1.25,1.98,2.0,1.87,2.11,13.0,5.5,1.29,11.0,5.8,1.28,12.0,5.75,1.25,10.0,5.75,1.28,10.0,5.5,1.28,17.0,5.5,1.25,14.0,6.1,1.24,15.0,5.75,1.22,13.0,5.75,1.25,12.0,5.75,1.25,,,,,,,,,,,,,,
E0,01/11/2025,15:00,Crystal Palace,Brentford,2,0,H,1,0,H,P Bankes,9,6,2,2,7,11,6,5,0,3,0,0,1.91,3.6,3.9,1.93,3.6,3.8,,,,1.94,3.68,4.01,,,,,,,1.95,3.75,4.1,1.92,3.65,3.85,1.73,2.1,1.75,2.16,1.8,2.1,1.74,2.04,-0.5,1.93,1.93,1.95,1.95,1.95,1.93,1.88,1.88,2.05,3.4,3.5,2.05,3.4,3.6,,,,2.07,3.53,3.81,,,,,,,2.15,3.6,3.8,2.06,3.43,3.6,1.88,1.98,1.84,2.05,1.9,2.06,1.82,1.96,-0.5,2.05,1.75,2.08,1.85,2.05,1.79,2.02,1.76,2526,,,,,,,1.99,3.8,4.2,1.8,2.22,1.99,2.0,,,,,,,2.16,3.6,3.85,1.96,2.04,2.16,1.86,1.95,3.75,3.75,1.9,3.7,4.1,1.91,3.75,3.8,1.95,3.6,3.8,1.91,3.6,3.75,2.1,3.6,3.5,2.06,3.45,3.8,2.05,3.6,3.5,2.05,3.4,3.6,2.05,3.4,3.6,,,,,,,,,,,,,,
E0,01/11/2025,15:00,Fulham,Wolves,3,0,H,1,0,H,J Brooks,19,5,6,2,13,14,10,1,1,3,0,1,1.83,3.5,4.5,1.85,3.4,4.4,,,,1.88,3.54,4.56,,,,,,,1.87,3.65,4.8,1.84,3.46,4.51,2.2,1.67,2.29,1.67,2.25,1.71,2.17,1.66,-0.5,1.85,2.0,1.88,2.03,1.85,2.02,1.8,1.96,1.73,3.8,4.5,1.83,3.6,4.2,,,,1.79,3.73,4.92,,,,,,,1.83,3.8,4.6,1.79,3.69,4.44,1.85,2.0,2.08,1.84,1.98,2.0,1.89,1.89,-0.75,2.0,1.85,2.05,1.88,2.05,1.85,1.98,1.79,2526,,,,,,,1.93,3.6,4.8,2.36,1.71,1.93,2.06,,,,,,,1.86,3.9,4.7,1.97,2.0,2.13,1.87,1.83,3.5,4.6,1.81,3.6,4.75,1.85,3.4,4.5,1.85,3.4,4.4,1.85,3.4,4.4,1.8,3.75,4.6,1.81,3.75,4.5,1.75,3.75,4.6,1.83,3.6,4.2,1.83,3.6,4.2,,,,,,,,,,,,,,
E0,01/11/2025,15:00,Nott'm Forest,Man United,2,2,D,0,1,A,D England,17,18,3,7,10,7,8,5,1,1,0,0,3.3,3.75,2.05,3.4,3.6,2.05,,,,3.43,3.87,2.06,,,,,,,3.6,3.8,2.1,3.41,3.67,2.05,1.73,2.1,1.75,2.17,1.73,2.17,1.71,2.09,0.5,1.8,2.05,1.85,2.07,1.83,2.05,1.76,2.0,3.1,3.8,2.1,3.2,3.6,2.15,,,,3.48,3.77,2.1,,,,,,,3.5,3.8,2.2,3.27,3.63,2.12,1.67,2.2,1.79,2.13,1.77,2.2,1.7,2.13,0.25,2.03,1.83,2.1,1.84,2.03,1.83,1.98,1.75,2526,,,,,,,3.65,3.9,2.1,1.81,2.2,1.89,2.12,,,,,,,3.5,3.7,2.24,1.78,2.26,2.05,1.93,3.5,3.6,2.1,3.6,3.65,2.04,3.4,3.7,2.05,3.4,3.6,2.05,3.4,3.6,2.05,3.25,3.6,2.2,3.45,3.6,2.08,3.25,3.7,2.1,3.2,3.6,2.15,3.2,3.6,2.1,,,,,,,,,,,,,,
E0,01/11/2025,17:30,Tottenham,Chelsea,0,1,A,0,1,A,J Gillett,3,15,1,9,14,12,6,5,4,2,0,0,2.7,3.5,2.5,2.75,3.5,2.45,,,,2.73,3.63,2.56,,,,,,,2.8,3.6,2.6,2.71,3.52,2.5,1.73,2.1,1.76,2.15,1.75,2.12,1.7,2.1,0.0,2.0,1.85,2.03,1.88,2.0,1.86,1.94,1.82,3.1,3.5,2.25,3.0,3.4,2.3,,,,2.83,3.51,2.57,,,,,,,3.1,3.6,2.4,3.02,3.44,2.31,1.73,2.1,1.8,2.11,1.81,2.15,1.76,2.04,0.25,1.88,1.98,1.75,2.21,1.88,2.0,1.82,1.91,2526,,,,,,,2.88,3.65,2.62,1.77,2.26,2.09,1.9,,,,,,,3.2,3.55,2.42,1.86,2.14,1.91,2.08,2.75,3.5,2.6,2.8,3.55,2.5,2.63,3.6,2.5,2.75,3.5,2.45,2.75,3.5,2.4,3.0,3.5,2.4,3.05,3.4,2.38,3.0,3.6,2.25,3.0,3.4,2.3,3.0,3.4,2.3,,,,,,,,,,,,,,
E0,01/11/2025,20:00,Liverpool,Aston Villa,2,0,H,1,0,H,S Attwell,16,10,4,3,13,11,1,4,2,3,0,0,1.65,4.33,4.5,1.6,4.4,4.8,,,,1.66,4.21,5.07,,,,,,,1.67,4.5,5.0,1.63,4.32,4.81,1.53,2.5,1.57,2.46,1.56,2.5,1.52,2.44,-1.0,2.05,1.75,2.1,1.8,2.05,1.83,1.99,1.77,1.67,4.33,4.33,1.65,4.2,4.75,,,,1.68,4.34,4.92,,,,,,,1.7,4.5,4.9,1.65,4.28,4.67,1.53,2.5,1.57,2.52,1.55,2.6,1.53,2.46,-1.0,2.08,1.73,2.12,1.8,2.08,1.83,2.02,1.76,2526,,,,,,,1.68,4.5,5.2,1.58,2.66,2.1,1.87,,,,,,,1.7,4.6,5.1,1.6,2.64,2.19,1.82,1.67,4.33,5.0,1.64,4.3,5.0,1.6,4.33,5.0,1.6,4.4,4.8,1.6,4.33,4.8,1.7,4.33,4.5,1.64,4.35,4.9,1.65,4.2,4.75,1.65,4.2,4.8,1.65,4.2,4.6,,,,,,,,,,,,,,
E0,02/11/2025,14:00,West Ham,Newcastle,3,1,H,2,1,H,R Jones,15,12,9,4,5,10,7,6,1,2,0,0,5.25,4.0,1.62,4.8,4.0,1.66,,,,5.07,4.45,1.63,,,,,,,5.5,4.4,1.67,4.99,4.08,1.64,1.8,2.0,1.78,2.1,1.8,2.17,1.74,2.04,0.75,2.05,1.8,2.11,1.82,2.05,1.8,1.99,1.78,4.75,4.2,1.65,5.0,4.1,1.63,,,,5.17,4.22,1.66,,,,,,,5.25,4.35,1.67,4.99,4.08,1.64,1.73,2.1,1.75,2.18,1.74,2.2,1.68,2.15,1.0,1.73,2.08,1.79,2.14,1.83,2.08,1.75,2.04,2526,,,,,,,5.4,4.4,1.68,1.82,2.16,2.15,1.85,,,,,,,5.4,4.4,1.69,1.8,2.22,1.81,2.21,5.5,4.0,1.67,5.0,4.2,1.65,5.25,3.9,1.6,4.8,4.0,1.67,4.8,3.9,1.67,5.0,4.0,1.67,5.2,4.2,1.64,5.0,4.1,1.65,5.0,4.0,1.65,5.0,4.0,1.61,,,,,,,,,,,,,,
E0,02/11/2025,16:30,Man City,Bournemouth,3,1,H,2,1,H,A Taylor,15,8,8,5,8,11,10,4,2,2,0,0,1.5,4.75,5.75,1.5,4.6,5.75,,,,1.51,4.75,6.02,,,,,,,1.5,4.9,6.5,1.49,4.64,5.9,1.53,2.5,1.57,2.5,1.55,2.55,1.52,2.45,-1.25,2.05,1.75,2.11,1.79,2.05,1.83,2.0,1.77,1.42,5.0,7.0,1.42,5.0,6.75,,,,1.43,5.35,6.8,,,,,,,1.42,5.33,7.5,1.41,5.08,6.86,1.5,2.63,1.49,2.71,1.5,2.75,1.47,2.64,-1.25,1.85,2.0,1.91,2.01,1.85,2.02,1.8,1.97,2526,,,,,,,1.55,4.8,6.4,1.59,2.6,2.16,1.8,,,,,,,1.46,5.4,7.6,1.54,2.8,1.95,2.03,1.5,4.6,6.5,1.49,4.8,6.1,1.5,4.4,5.75,1.5,4.6,5.75,1.5,4.6,5.75,1.4,5.0,7.5,1.41,5.25,7.0,1.4,5.0,7.0,1.4,5.0,7.0,1.4,5.0,6.5,,,,,,,,,,,,,,
E0,03/11/2025,20:00,Sunderland,Everton,1,1,D,0,1,A,T Bramall,17,8,3,2,10,12,4,1,3,2,0,0,2.7,3.2,2.7,2.8,3.1,2.6,,,,2.82,3.18,2.75,,,,,,,2.8,3.2,2.8,2.74,3.12,2.67,2.3,1.62,2.42,1.61,2.38,1.62,2.29,1.59,0.0,1.93,1.93,1.98,1.93,1.95,1.93,1.9,1.86,3.3,3.0,2.3,3.2,3.0,2.37,,,,3.32,3.2,2.42,,,,,,,3.4,3.2,2.5,3.24,3.09,2.37,2.38,1.57,2.5,1.57,2.45,1.64,2.35,1.58,0.25,1.85,2.0,1.87,2.06,1.85,2.0,1.8,1.91,2526,,,,,,,2.9,3.2,2.86,2.46,1.66,1.99,1.97,,,,,,,3.35,3.25,2.48,2.54,1.63,1.9,2.1,2.75,3.1,2.8,2.8,3.2,2.65,2.7,3.1,2.63,2.8,3.2,2.6,2.75,3.1,2.6,3.4,3.1,2.5,3.3,3.05,2.43,3.13,3.2,2.38,3.2,3.1,2.37,3.2,3.0,2.37,,,,,,,,,,,,,,
E0,08/11/2025,12:30,Tottenham,Man United,2,2,D,0,1,A,S Barrott,10,5,4,2,10,8,5,3,5,1,0,0,2.63,3.6,2.5,2.6,3.6,2.5,,,,2.72,3.59,2.58,,,,,,,2.75,3.7,2.6,2.65,3.58,2.52,1.67,2.2,1.69,2.27,1.67,2.3,1.64,2.23,0.0,1.98,1.88,2.01,1.9,1.98,1.88,1.94,1.83,2.9,3.4,2.35,2.87,3.4,2.37,,,,3.01,3.59,2.43,,,,,,,3.0,3.6,2.5,2.9,3.47,2.38,1.73,2.1,1.72,2.21,1.73,2.2,1.68,2.15,0.25,1.8,2.05,1.84,2.1,1.8,2.08,1.77,1.96,2526,,,,,,,2.82,3.65,2.66,1.72,2.36,2.05,1.93,,,,,,,3.0,3.65,2.5,1.76,2.28,1.84,2.17,2.75,3.6,2.5,2.7,3.6,2.6,2.63,3.7,2.5,2.62,3.6,2.5,2.6,3.6,2.5,2.9,3.6,2.5,3.0,3.5,2.38,2.9,3.5,2.38,2.87,3.5,2.37,2.87,3.4,2.37,,,,,,,,,,,,,,
E0,08/11/2025,15:00,Everton,Fulham,2,0,H,1,0,H,A Madley,14,8,5,4,11,14,7,5,2,2,0,0,2.2,3.3,3.4,2.15,3.25,3.4,,,,2.26,3.35,3.41,,,,,,,2.25,3.35,3.5,2.2,3.28,3.4,2.2,1.67,2.22,1.71,2.3,1.71,2.17,1.66,-0.25,1.9,1.95,1.94,1.96,1.9,1.95,1.86,1.91,2.3,3.3,3.2,2.3,3.2,3.25,,,,2.38,3.24,3.35,,,,,,,2.38,3.3,3.35,2.31,3.21,3.23,2.1,1.73,2.18,1.75,2.23,1.73,2.12,1.7,-0.25,2.0,1.85,2.03,1.89,2.0,1.85,1.94,1.83,2526,,,,,,,2.32,3.4,3.55,2.26,1.78,1.96,2.03,,,,,,,2.42,3.3,3.45,2.24,1.79,2.05,1.94,2.25,3.25,3.5,2.2,3.35,3.45,2.2,3.3,3.4,2.2,3.25,3.4,2.15,3.25,3.4,2.38,3.25,3.2,2.33,3.2,3.35,2.3,3.3,3.13,2.3,3.2,3.25,2.25,3.2,3.25,,,,,,,,,,,,,,
E0,08/11/2025,15:00,West Ham,Burnley,3,2,H,1,1,D,M Salisbury,15,16,6,7,15,13,7,4,2,2,0,0,1.91,3.5,4.0,1.93,3.5,3.9,,,,1.95,3.58,4.12,,,,,,,2.0,3.6,4.1,1.94,3.5,3.98,2.0,1.8,2.08,1.83,2.02,1.85,1.96,1.8,-0.5,1.93,1.93,1.96,1.94,1.94,1.93,1.89,1.87,1.85,3.6,4.1,1.85,3.5,4.2,,,,1.88,3.66,4.44,,,,,,,1.91,3.7,4.5,1.86,3.56,4.23,1.98,1.88,2.0,1.91,2.0,1.88,1.95,1.83,-0.5,1.85,2.0,1.89,2.03,1.93,2.0,1.83,1.94,2526,,,,,,,1.98,3.7,4.4,2.12,1.86,1.99,2.0,,,,,,,1.93,3.75,4.5,2.04,1.94,1.93,2.06,2.0,3.5,4.0,1.97,3.45,4.1,1.93,3.5,4.0,1.95,3.5,3.9,1.95,3.5,3.8,1.83,3.6,4.5,1.84,3.7,4.35,1.87,3.6,4.1,1.85,3.5,4.2,1.85,3.5,4.2,,,,,,,,,,,,,,
E0,08/11/2025,17:30,Sunderland,Arsenal,2,2,D,1,0,H,C Pawson,6,17,2,7,13,13,2,2,2,1,0,0,7.5,5.0,1.38,8.25,4.6,1.39,,,,7.56,5.01,1.41,,,,,,,9.5,5.0,1.4,8.39,4.67,1.39,2.05,1.8,2.09,1.79,2.08,1.8,2.0,1.78,1.25,1.93,1.93,1.93,1.97,1.93,1.95,1.88,1.89,7.5,4.33,1.44,6.5,4.2,1.5,,,,8.0,4.5,1.47,,,,,,,8.5,4.33,1.5,7.33,4.23,1.46,2.2,1.67,2.2,1.72,2.2,1.73,2.13,1.69,1.0,1.95,1.9,2.07,1.86,2.14,1.9,2.02,1.77,2526,,,,,,,9.2,5.1,1.42,2.16,1.84,1.94,2.01,,,,,,,8.8,4.6,1.49,2.28,1.76,2.11,1.89,9.5,4.6,1.4,9.0,4.7,1.38,8.0,4.6,1.4,8.5,4.6,1.4,8.0,4.6,1.4,7.5,4.2,1.44,7.5,4.25,1.46,7.0,4.33,1.45,6.5,4.2,1.5,6.5,4.2,1.5,,,,,,,,,,,,,,
E0,08/11/2025,20:00,Chelsea,Wolves,3,0,H,0,0,D,A Kitchen,20,3,8,0,12,14,10,1,1,2,0,0,1.36,4.75,8.5,1.37,5.25,7.5,,,,1.37,5.26,8.42,,,,,,,1.37,5.3,9.0,1.36,5.06,8.27,1.62,2.3,1.66,2.31,1.65,2.33,1.62,2.23,-1.25,1.83,2.03,1.85,2.06,1.83,2.06,1.76,2.01,1.36,5.0,8.0,1.38,5.0,7.75,,,,1.36,5.4,9.2,,,,,,,1.4,5.33,9.0,1.36,5.1,8.12,1.57,2.38,1.62,2.42,1.6,2.55,1.56,2.37,-1.5,2.05,1.8,2.1,1.84,2.05,1.87,1.98,1.79,2526,,,,,,,1.39,5.5,9.4,1.71,2.38,1.86,2.13,,,,,,,1.39,5.5,9.6,1.65,2.5,2.14,1.86,1.36,5.0,9.0,1.35,5.3,8.5,1.36,5.0,8.5,1.36,5.25,7.5,1.36,5.0,7.5,1.4,5.0,8.5,1.38,5.1,8.0,1.33,5.25,8.5,1.4,5.0,7.5,1.36,5.0,7.5,,,,,,,,,,,,,,
E0,09/11/2025,14:00,Aston Villa,Bournemouth,4,0,H,2,0,H,J Brooks,16,13,8,4,8,20,6,9,2,2,0,0,2.2,3.4,3.25,2.15,3.5,3.25,,,,2.25,3.49,3.29,,,,,,,2.28,3.5,3.4,2.19,3.45,3.25,1.88,1.98,1.89,2.0,1.88,2.0,1.82,1.95,-0.25,1.9,1.95,1.95,1.95,1.92,1.95,1.88,1.89,2.3,3.3,3.1,2.25,3.3,3.1,,,,2.37,3.4,3.2,,,,,,,2.38,3.5,3.15,2.3,3.37,3.1,1.88,1.98,1.93,1.98,1.91,2.06,1.83,1.95,-0.25,2.0,1.85,2.05,1.88,2.0,1.85,1.95,1.83,2526,,,,,,,2.28,3.6,3.45,1.91,2.06,1.96,2.0,,,,,,,2.44,3.5,3.25,1.91,2.08,2.09,1.91,2.2,3.5,3.3,2.25,3.45,3.25,2.2,3.5,3.2,2.15,3.5,3.25,2.15,3.5,3.2,2.38,3.4,3.1,2.32,3.5,3.1,2.25,3.5,3.1,2.3,3.4,3.1,2.25,3.3,3.1,,,,,,,,,,,,,,
E0,09/11/2025,14:00,Brentford,Newcastle,3,1,H,0,1,A,S Attwell,15,5,7,1,10,13,6,2,2,1,0,0,2.8,3.5,2.45,2.75,3.4,2.45,,,,2.97,3.39,2.5,,,,,,,2.95,3.5,2.5,2.84,3.4,2.45,1.85,2.0,1.9,1.99,1.88,2.0,1.81,1.95,0.0,2.05,1.8,2.14,1.79,2.05,1.83,2.03,1.73,2.8,3.4,2.5,2.8,3.3,2.5,,,,2.93,3.51,2.49,,,,,,,2.9,3.5,2.55,2.83,3.38,2.47,1.83,2.03,1.79,2.13,1.83,2.04,1.81,1.98,0.0,2.05,1.8,2.14,1.81,2.05,1.83,2.02,1.76,2526,,,,,,,2.96,3.55,2.58,1.93,2.04,2.13,1.86,,,,,,,3.05,3.5,2.54,1.89,2.1,2.19,1.83,2.88,3.4,2.5,2.9,3.4,2.48,2.88,3.5,2.38,2.75,3.4,2.45,2.75,3.4,2.45,2.88,3.4,2.5,2.85,3.4,2.55,2.8,3.5,2.4,2.8,3.4,2.5,2.75,3.3,2.5,,,,,,,,,,,,,,
E0,09/11/2025,14:00,Crystal Palace,Brighton,0,0,D,0,0,D,T Robinson,10,7,2,3,10,12,4,8,1,4,0,0,2.25,3.5,3.1,2.25,3.6,3.0,,,,2.3,3.62,3.1,,,,,,,2.33,3.6,3.15,2.27,3.52,3.04,1.73,2.1,1.75,2.16,1.78,2.1,1.71,2.08,-0.25,1.98,1.88,2.01,1.9,1.98,1.88,1.94,1.83,2.38,3.4,3.0,2.35,3.4,3.0,,,,2.43,3.45,3.07,,,,,,,2.4,3.5,3.05,2.38,3.39,2.97,1.85,2.0,1.88,2.02,1.85,2.05,1.81,1.98,-0.25,2.05,1.8,2.1,1.84,2.05,1.8,2.01,1.77,2526,,,,,,,2.38,3.6,3.25,1.78,2.24,2.05,1.93,,,,,,,2.48,3.45,3.2,1.94,2.04,2.12,1.88,2.3,3.5,3.1,2.28,3.55,3.1,2.25,3.6,3.0,2.25,3.6,3.0,2.25,3.5,3.0,2.4,3.4,3.0,2.4,3.4,3.0,2.38,3.5,2.9,2.37,3.4,3.0,2.3,3.3,3.0,,,,,,,,,,,,,,
E0,09/11/2025,14:00,Nott'm Forest,Leeds,3,1,H,1,1,D,J Gillett,14,10,6,3,10,11,6,4,2,1,0,0,2.25,3.25,3.3,2.2,3.3,3.25,,,,2.29,3.45,3.27,,,,,,,2.25,3.4,3.45,2.22,3.32,3.29,2.1,1.73,2.09,1.8,2.12,1.78,2.04,1.74,-0.25,1.95,1.9,1.98,1.93,1.95,1.91,1.88,1.88,2.2,3.0,3.6,2.2,3.1,3.5,,,,2.23,3.3,3.62,,,,,,,2.3,3.25,3.6,2.23,3.14,3.46,2.38,1.57,2.44,1.59,2.4,1.65,2.3,1.6,-0.25,1.88,1.98,1.91,2.02,1.92,1.98,1.87,1.9,2526,,,,,,,2.32,3.45,3.45,2.16,1.84,2.0,1.97,,,,,,,2.32,3.3,3.7,2.5,1.65,1.97,2.01,2.25,3.3,3.4,2.23,3.35,3.4,2.2,3.4,3.25,2.2,3.3,3.25,2.2,3.3,3.2,2.3,3.2,3.4,2.3,3.15,3.45,2.15,3.25,3.5,2.2,3.1,3.5,2.2,3.1,3.5,,,,,,,,,,,,,,
E0,09/11/2025,16:30,Man City,Liverpool,3,0,H,2,0,H,C Kavanagh,14,7,6,1,14,15,7,7,2,4,0,0,1.9,3.9,3.7,1.9,4.0,3.6,,,,1.88,4.08,3.85,,,,,,,1.91,4.0,4.0,1.88,3.92,3.72,1.5,2.63,1.47,2.73,1.52,2.63,1.48,2.58,-0.5,1.88,1.98,1.89,2.01,1.9,1.98,1.83,1.92,1.85,4.0,3.8,1.85,3.9,3.8,,,,1.94,4.0,3.86,,,,,,,1.95,4.1,3.8,1.89,3.94,3.69,1.5,2.63,1.49,2.69,1.5,2.8,1.46,2.68,-0.5,1.83,2.03,1.94,1.98,1.93,2.03,1.86,1.91,2526,,,,,,,1.94,4.1,4.0,1.51,2.94,1.94,2.05,,,,,,,1.92,4.1,4.1,1.53,2.86,1.94,2.05,1.9,4.0,3.75,1.88,3.95,3.85,1.85,3.9,3.6,1.91,4.0,3.6,1.91,3.9,3.5,1.95,4.0,3.8,1.91,4.0,3.7,1.87,4.1,3.6,1.85,3.9,3.8,1.85,3.9,3.75,,,,,,,,,,,,,,
E0,22/11/2025,12:30,Burnley,Chelsea,0,2,A,0,1,A,P Bankes,8,15,2,5,13,8,1,9,2,3,0,0,6.25,4.5,1.48,6.5,4.4,1.49,,,,6.45,4.73,1.49,,,,,,,7.0,4.75,1.52,6.56,4.45,1.48,1.8,2.0,1.8,2.09,1.8,2.1,1.76,2.01,1.0,2.05,1.8,2.09,1.83,2.1,1.8,2.02,1.76,5.0,4.2,1.6,5.5,4.2,1.57,,,,5.8,4.25,1.61,,,,,,,6.0,4.35,1.62,5.46,4.14,1.58,1.67,2.2,1.71,2.23,1.72,2.2,1.67,2.16,1.0,1.8,2.05,1.87,2.06,1.91,2.05,1.84,1.94,2526,,,,,,,7.6,4.8,1.5,1.81,2.2,2.16,1.83,,,,,,,6.0,4.5,1.63,1.75,2.32,1.91,2.07,7.0,4.5,1.5,7.0,4.7,1.46,6.5,4.2,1.5,6.5,4.4,1.5,6.5,4.33,1.48,5.5,4.2,1.6,6.0,4.3,1.55,5.5,4.2,1.57,5.5,4.2,1.57,5.0,4.0,1.53,,,,,,,,,,,,,,
E0,22/11/2025,15:00,Bournemouth,West Ham,2,2,D,0,2,A,T Bramall,28,5,10,2,9,10,9,2,3,2,0,0,1.62,4.2,4.75,1.63,4.1,5.0,,,,1.65,4.16,5.26,,,,,,,1.64,4.2,5.5,1.62,4.09,5.14,1.67,2.2,1.67,2.28,1.67,2.25,1.65,2.19,-0.75,1.8,2.05,1.83,2.09,1.8,2.05,1.76,2.01,1.65,4.1,4.75,1.66,3.9,5.0,,,,1.68,4.09,5.12,,,,,,,1.7,4.1,5.5,1.67,3.97,4.95,1.67,2.2,1.69,2.27,1.7,2.22,1.67,2.16,-0.75,1.83,2.03,1.88,2.05,1.85,2.03,1.81,1.97,2526,,,,,,,1.67,4.4,5.7,1.72,2.32,1.84,2.17,,,,,,,1.72,4.2,5.3,1.74,2.32,1.92,2.06,1.62,4.2,5.5,1.64,4.2,5.25,1.62,4.1,5.25,1.61,4.0,5.0,1.61,4.0,5.0,1.67,4.0,5.5,1.67,4.1,5.0,1.65,3.9,5.25,1.67,3.9,5.0,1.67,3.9,4.8,,,,,,,,,,,,,,
E0,22/11/2025,15:00,Brighton,Brentford,2,1,H,0,1,A,C Kavanagh,14,10,5,4,10,9,7,4,4,2,0,0,1.91,3.6,4.0,1.93,3.7,3.75,,,,1.96,3.6,4.05,,,,,,,1.96,3.75,4.0,1.93,3.66,3.82,1.73,2.1,1.74,2.18,1.73,2.2,1.68,2.13,-0.5,1.93,1.93,1.97,1.93,1.95,1.93,1.89,1.87,2.15,3.4,3.4,2.1,3.4,3.4,,,,2.17,3.47,3.59,,,,,,,2.15,3.6,3.65,2.1,3.44,3.47,1.73,2.1,1.78,2.14,1.75,2.15,1.72,2.08,-0.25,1.85,2.0,1.87,2.06,1.85,2.02,1.78,1.99,2526,,,,,,,2.0,3.8,4.1,1.75,2.28,2.0,1.98,,,,,,,2.2,3.55,3.7,1.8,2.2,1.89,2.1,1.95,3.75,3.75,1.93,3.7,3.95,1.93,3.75,3.75,1.91,3.7,3.75,1.91,3.7,3.7,2.1,3.6,3.5,2.07,3.5,3.6,2.1,3.5,3.5,2.1,3.4,3.4,2.1,3.4,3.4,,,,,,,,,,,,,,
E0,22/11/2025,15:00,Fulham,Sunderland,1,0,H,0,0,D,D England,24,4,6,2,5,13,7,4,3,3,0,0,2.1,3.25,3.75,2.1,3.25,3.6,,,,2.12,3.24,3.95,,,,,,,2.15,3.3,3.9,2.1,3.24,3.74,2.2,1.67,2.3,1.67,2.32,1.67,2.19,1.65,-0.25,1.8,2.05,1.81,2.12,1.8,2.05,1.75,2.02,2.0,3.4,4.0,2.05,3.25,3.75,,,,2.07,3.38,4.0,,,,,,,2.1,3.5,4.1,2.02,3.33,3.81,2.1,1.73,2.13,1.78,2.1,1.83,2.06,1.74,-0.5,2.0,1.85,2.08,1.85,2.1,1.85,1.99,1.78,2526,,,,,,,2.2,3.35,3.95,2.38,1.68,1.87,2.12,,,,,,,2.12,3.5,4.0,2.18,1.82,2.12,1.87,2.15,3.3,3.75,2.14,3.25,3.75,2.0,3.3,3.9,2.1,3.3,3.6,2.1,3.25,3.6,2.05,3.4,4.0,2.02,3.45,3.85,1.87,3.5,4.1,2.0,3.1,3.5,2.0,3.1,3.5,,,,,,,,,,,,,,
E0,22/11/2025,15:00,Liverpool,Nott'm Forest,0,3,A,0,1,A,A Madley,21,15,4,7,11,8,8,6,2,0,0,0,1.44,5.0,6.25,1.44,4.75,6.75,,,,1.45,4.9,6.9,,,,,,,1.44,5.0,7.5,1.42,4.86,6.97,1.53,2.5,1.57,2.51,1.56,2.5,1.53,2.43,-1.25,1.95,1.9,2.0,1.9,1.95,1.96,1.86,1.91,1.45,4.5,7.0,1.47,4.6,6.25,,,,1.47,4.69,6.97,,,,,,,1.48,4.8,7.0,1.45,4.6,6.58,1.57,2.38,1.64,2.34,1.62,2.48,1.56,2.37,-1.25,2.03,1.83,2.08,1.85,2.03,1.92,1.92,1.85,2526,,,,,,,1.46,5.1,8.0,1.61,2.56,2.02,1.94,,,,,,,1.48,5.1,7.6,1.64,2.52,2.08,1.9,1.4,5.0,7.5,1.41,5.0,7.5,1.4,5.0,7.0,1.44,4.8,7.0,1.44,4.6,6.5,1.44,4.6,7.0,1.44,4.8,7.0,1.44,4.75,6.5,1.44,4.33,5.5,1.48,4.6,6.0,,,,,,,,,,,,,,
E0,22/11/2025,15:00,Wolves,Crystal Palace,0,2,A,0,0,D,A Taylor,8,10,1,4,13,9,1,4,2,3,0,0,3.8,3.6,1.95,3.7,3.5,2.0,,,,3.92,3.62,1.99,,,,,,,4.1,3.6,2.0,3.86,3.5,1.97,2.05,1.8,2.08,1.82,2.1,1.8,1.99,1.78,0.5,1.88,1.98,1.91,2.0,1.9,1.98,1.84,1.91,4.5,3.9,1.75,4.2,3.6,1.83,,,,4.53,3.8,1.82,,,,,,,4.75,3.9,1.86,4.43,3.65,1.81,1.9,1.95,1.96,1.94,2.02,1.95,1.93,1.84,0.75,1.85,2.0,1.85,2.09,1.85,2.02,1.78,1.99,2526,,,,,,,4.2,3.65,2.0,2.12,1.86,1.98,2.01,,,,,,,4.7,3.95,1.86,2.02,1.96,1.87,2.13,4.0,3.5,2.0,4.0,3.55,1.96,3.9,3.5,1.95,3.7,3.5,2.0,3.7,3.4,2.0,4.5,3.6,1.83,4.6,3.65,1.82,4.6,3.6,1.8,4.2,3.6,1.83,4.2,3.6,1.83,,,,,,,,,,,,,,
E0,22/11/2025,17:30,Newcastle,Man City,2,1,H,0,0,D,S Barrott,9,17,5,4,13,8,5,9,1,3,0,0,3.6,3.8,1.95,3.4,3.8,1.98,,,,3.69,3.8,2.0,,,,,,,3.65,3.8,2.0,3.54,3.75,1.98,1.67,2.2,1.73,2.2,1.71,2.2,1.68,2.13,0.5,1.9,1.95,1.9,2.01,1.9,1.96,1.83,1.93,3.8,3.75,1.91,3.6,3.7,1.95,,,,4.06,3.85,1.93,,,,,,,3.85,3.8,2.0,3.67,3.7,1.95,1.62,2.3,1.61,2.42,1.68,2.4,1.6,2.29,0.5,1.9,1.95,1.99,1.93,1.9,1.95,1.86,1.9,2526,,,,,,,3.85,3.85,2.06,1.78,2.26,1.92,2.06,,,,,,,4.1,3.9,1.96,1.64,2.52,2.02,1.97,3.6,3.75,2.0,3.65,3.75,1.98,3.6,3.75,1.95,3.4,3.8,2.0,3.4,3.75,2.0,3.5,3.6,1.95,3.85,3.7,1.95,3.4,3.8,2.0,3.6,3.7,1.95,3.6,3.7,1.95,,,,,,,,,,,,,,
E0,23/11/2025,14:00,Leeds,Aston Villa,1,2,A,1,0,H,R Jones,14,14,5,3,18,16,3,3,5,1,0,0,3.0,3.3,2.4,3.1,3.25,2.3,,,,3.05,3.27,2.51,,,,,,,3.15,3.35,2.45,3.04,3.25,2.37,2.1,1.73,2.23,1.71,2.23,1.73,2.12,1.69,0.25,1.78,2.1,1.79,2.15,1.82,2.1,1.78,1.94,3.2,3.3,2.25,3.2,3.2,2.3,,,,3.3,3.46,2.29,,,,,,,3.3,3.4,2.4,3.22,3.3,2.27,2.1,1.73,2.15,1.77,2.12,1.78,2.07,1.74,0.25,1.93,1.93,1.94,1.98,1.93,1.93,1.86,1.85,2526,,,,,,,3.15,3.35,2.54,2.22,1.76,1.84,2.16,,,,,,,3.45,3.5,2.32,2.26,1.78,1.99,2.0,3.1,3.25,2.4,3.15,3.35,2.35,2.9,3.25,2.38,3.1,3.25,2.3,3.1,3.25,2.3,3.0,3.4,2.4,3.3,3.35,2.28,3.2,3.4,2.25,3.2,3.2,2.3,3.2,3.2,2.3,,,,,,,,,,,,,,
E0,23/11/2025,16:30,Arsenal,Tottenham,4,1,H,2,0,H,M Oliver,17,3,8,2,11,15,4,1,1,3,0,0,1.42,4.75,7.5,1.4,4.6,8.0,,,,1.43,4.75,7.88,,,,,,,1.42,4.9,8.5,1.39,4.66,8.03,1.8,2.0,1.85,2.05,1.83,2.06,1.77,2.0,-1.25,1.95,1.9,1.98,1.93,1.95,1.95,1.87,1.9,1.48,4.33,7.0,1.47,4.33,6.75,,,,1.47,4.47,7.69,,,,,,,1.5,4.4,8.0,1.47,4.29,7.15,1.98,1.88,2.0,1.9,2.0,1.91,1.92,1.86,-1.0,1.8,2.05,1.83,2.12,1.83,2.1,1.74,2.06,2526,,,,,,,1.44,5.0,9.4,1.9,2.08,2.0,1.95,,,,,,,1.5,4.6,8.2,2.02,1.97,1.84,2.16,1.4,4.6,8.5,1.38,4.9,8.5,1.36,4.5,8.0,1.4,4.6,8.0,1.4,4.6,8.0,1.44,4.33,8.0,1.47,4.25,7.5,1.44,4.4,8.0,1.48,4.33,7.0,1.48,4.33,6.5,,,,,,,,,,,,,,
E0,24/11/2025,20:00,Man United,Everton,0,1,A,0,1,A,T Harrington,25,3,6,1,12,9,9,1,2,0,0,1,1.75,4.0,4.33,1.72,3.8,4.6,,,,1.8,3.76,4.68,,,,,,,1.78,4.1,4.6,1.74,3.83,4.49,1.73,2.1,1.78,2.1,1.8,2.1,1.74,2.04,-0.75,2.0,1.85,2.03,1.88,2.0,1.86,1.92,1.84,1.85,3.6,4.1,1.85,3.7,4.1,,,,1.9,3.87,4.08,,,,,,,1.91,3.75,4.35,1.86,3.69,4.09,1.85,2.0,1.85,2.06,1.85,2.1,1.78,2.01,-0.5,1.88,1.98,1.91,2.01,1.95,1.98,1.83,1.93,2526,,,,,,,1.8,4.1,4.8,1.79,2.18,2.04,1.93,,,,,,,1.92,3.95,4.3,1.9,2.08,1.92,2.07,1.73,4.0,4.6,1.76,4.0,4.5,1.7,3.8,4.5,1.73,3.8,4.6,1.73,3.8,4.6,1.91,3.75,4.33,1.84,3.75,4.35,1.87,3.75,3.9,1.85,3.7,4.0,1.83,3.6,4.0,,,,,,,,,,,,,,
E0,29/11/2025,15:00,Brentford,Burnley,3,1,H,0,0,D,S Barrott,14,6,4,2,7,7,5,6,0,2,0,0,1.45,4.5,7.0,1.49,4.4,6.5,,,,1.47,4.72,6.95,,,,,,,1.49,4.8,7.5,1.45,4.54,6.96,1.73,2.1,1.81,2.07,1.83,2.1,1.78,1.99,-1.25,2.03,1.83,2.06,1.85,2.03,22.0,1.97,4.32,1.48,4.33,6.5,1.5,4.4,6.25,,,,1.5,4.55,7.05,,,,,,,1.52,4.5,7.0,1.48,4.36,6.61,1.8,2.0,1.85,2.07,1.83,2.08,1.77,2.02,-1.0,1.8,2.05,1.83,2.11,1.83,2.06,1.77,2.02,2526,,,,,,,1.51,4.7,7.8,1.85,2.14,2.11,1.87,,,,,,,1.53,4.7,7.2,1.83,2.18,1.87,2.11,1.44,4.5,7.5,1.44,4.8,7.5,1.44,4.5,7.0,1.48,4.4,6.5,1.48,4.4,6.5,1.44,4.5,7.0,1.49,4.4,6.75,1.45,4.4,7.0,1.5,4.4,6.5,1.5,4.33,6.0,,,,,,,,,,,,,,
E0,29/11/2025,15:00,Man City,Leeds,3,2,H,2,0,H,P Bankes,18,9,9,4,17,11,8,1,4,1,0,0,1.22,6.5,12.0,1.24,6.5,11.0,,,,1.25,6.77,10.58,,,,,,,1.25,6.5,13.0,1.23,6.42,11.78,1.53,2.5,1.53,2.57,1.55,2.5,1.52,2.46,-1.75,1.88,1.98,1.9,1.99,1.88,22.0,1.84,4.43,1.2,7.5,11.0,1.25,6.75,10.0,,,,1.22,7.5,13.5,,,,,,,1.25,7.5,13.0,1.22,6.58,11.56,1.4,3.0,1.42,2.91,1.46,3.0,1.41,2.83,-1.75,1.83,2.03,1.87,2.04,1.83,2.03,1.79,1.99,2526,,,,,,,1.26,7.0,14.0,1.57,2.68,1.94,2.01,,,,,,,1.25,7.6,13.5,1.47,3.05,1.9,2.09,1.22,6.5,13.0,1.24,6.4,12.5,1.22,6.5,12.0,1.25,6.5,11.0,1.22,6.5,11.0,1.22,6.5,13.0,1.23,6.75,12.5,1.22,6.5,12.0,1.25,6.5,10.0,1.22,6.0,9.0,,,,,,,,,,,,,,
E0,29/11/2025,15:00,Sunderland,Bournemouth,3,2,H,1,2,A,T Robinson,12,18,6,6,14,13,6,3,5,5,0,1,3.2,3.3,2.3,2.95,3.3,2.37,,,,3.14,3.4,2.38,,,,,,,3.2,3.4,2.43,3.04,3.3,2.35,2.0,1.85,2.02,1.87,2.07,1.85,1.96,1.81,0.25,1.85,2.0,1.86,2.05,1.85,22.0,1.79,4.16,3.2,3.3,2.3,3.1,3.3,2.35,,,,3.29,3.43,2.31,,,,,,,3.25,3.4,2.38,3.14,3.3,2.3,2.0,1.85,2.02,1.89,2.0,1.87,1.96,1.82,0.25,1.88,1.98,1.93,2.0,1.88,1.98,1.84,1.88,2526,,,,,,,3.25,3.5,2.44,2.02,1.94,1.91,2.07,,,,,,,3.4,3.45,2.36,2.08,1.91,1.96,2.02,3.1,3.3,2.4,3.0,3.35,2.43,3.1,3.4,2.3,2.8,3.2,2.3,2.9,3.3,2.37,3.1,3.3,2.38,3.25,3.35,2.33,3.13,3.4,2.3,2.9,3.1,2.25,3.1,3.25,2.3,,,,,,,,,,,,,,
E0,29/11/2025,17:30,Everton,Newcastle,1,4,A,0,3,A,C Pawson,10,13,2,8,4,6,8,7,0,0,0,0,2.8,3.25,2.63,2.8,3.3,2.5,,,,2.79,3.38,2.64,,,,,,,2.95,3.4,2.63,2.79,3.31,2.55,2.0,1.8,2.04,1.85,2.0,1.84,1.96,1.8,0.0,1.98,1.88,2.01,1.9,1.98,22.0,1.93,5.19,2.63,3.3,2.7,2.7,3.3,2.6,,,,2.75,3.36,2.73,,,,,,,2.8,3.4,2.75,2.68,3.3,2.65,1.88,1.98,1.92,1.99,1.95,1.98,1.87,1.91,0.0,1.9,1.95,1.97,1.95,1.91,1.95,1.88,1.89,2526,,,,,,,2.86,3.4,2.74,2.12,1.87,2.05,1.93,,,,,,,2.8,3.45,2.8,1.95,2.04,2.0,1.99,2.8,3.3,2.6,2.9,3.4,2.48,2.7,3.4,2.55,2.8,3.3,2.5,2.8,3.25,2.5,2.63,3.4,2.75,2.75,3.35,2.65,2.7,3.25,2.63,2.7,3.3,2.62,2.7,3.25,2.6,,,,,,,,,,,,,,
E0,29/11/2025,20:00,Tottenham,Fulham,1,2,A,0,2,A,S Attwell,14,7,2,3,11,7,8,2,3,2,0,0,2.2,3.3,3.3,2.15,3.4,3.3,,,,2.3,3.31,3.38,,,,,,,2.25,3.55,3.6,2.18,3.39,3.33,1.95,1.9,1.98,1.9,1.95,2.0,1.87,1.9,-0.25,1.93,1.93,1.97,1.93,1.93,22.0,1.84,4.44,2.38,3.4,3.0,2.35,3.3,3.0,,,,2.4,3.44,3.12,,,,,,,2.38,3.4,3.15,2.34,3.35,3.04,1.8,2.0,1.86,2.05,1.86,2.0,1.82,1.96,-0.25,2.05,1.8,2.07,1.86,2.05,1.82,1.98,1.8,2526,,,,,,,2.3,3.5,3.5,2.0,1.96,1.97,2.0,,,,,,,2.46,3.5,3.2,1.89,2.1,2.1,1.88,2.2,3.4,3.4,2.1,3.5,3.55,2.2,3.5,3.2,2.2,3.4,3.3,2.15,3.4,3.25,2.38,3.4,3.1,2.35,3.4,3.1,2.3,3.3,3.1,2.37,3.3,3.0,2.3,3.3,3.0,,,,,,,,,,,,,,
E0,30/11/2025,12:00,Crystal Palace,Man United,1,2,A,1,0,H,R Jones,14,14,3,6,14,14,4,4,3,2,0,0,2.3,3.4,3.1,2.35,3.4,2.9,,,,2.29,3.62,3.11,,,,,,,2.38,3.75,3.1,2.32,3.51,2.93,1.73,2.1,1.79,2.11,1.75,2.18,1.71,2.08,-0.25,2.0,1.85,2.0,1.91,2.02,22.0,1.97,4.32,2.05,3.7,3.4,2.05,3.6,3.4,,,,2.1,3.75,3.56,,,,,,,2.12,3.7,3.5,2.07,3.6,3.4,1.73,2.1,1.75,2.19,1.76,2.15,1.71,2.1,-0.5,2.05,1.75,2.1,1.83,2.35,1.81,2.1,1.71,2526,,,,,,,2.36,3.7,3.2,1.79,2.2,2.04,1.93,,,,,,,2.14,3.8,3.6,1.8,2.22,2.15,1.86,2.38,3.5,3.0,2.35,3.7,2.88,2.25,3.5,2.9,2.37,3.4,2.9,2.37,3.4,2.87,2.1,3.6,3.4,2.12,3.55,3.45,2.1,3.7,3.3,2.05,3.6,3.4,2.05,3.6,3.4,,,,,,,,,,,,,,
E0,30/11/2025,14:05,Aston Villa,Wolves,1,0,H,0,0,D,C Kavanagh,16,9,6,4,13,21,7,3,0,4,0,0,1.5,4.33,6.5,1.5,4.4,6.25,,,,1.48,4.76,6.56,,,,,,,1.5,4.6,7.5,1.48,4.39,6.57,1.8,2.0,1.86,2.03,1.83,2.08,1.78,1.98,-1.0,1.83,2.03,1.85,2.06,1.83,22.0,1.76,4.24,1.5,4.5,6.25,1.5,4.4,6.25,,,,1.47,4.65,7.25,,,,,,,1.5,4.75,7.5,1.46,4.46,6.83,1.8,2.0,1.82,2.07,1.8,2.18,1.75,2.04,-1.25,2.05,1.75,2.12,1.82,2.05,1.88,1.98,1.79,2526,,,,,,,1.51,4.8,7.2,1.87,2.1,1.85,2.12,,,,,,,1.51,4.7,7.8,1.82,2.16,2.18,1.83,1.44,4.33,7.5,1.48,4.6,6.75,1.45,4.33,6.5,1.5,4.4,6.0,1.5,4.33,6.0,1.44,4.5,7.0,1.45,4.6,7.5,1.45,4.5,7.0,1.5,4.4,6.0,1.5,4.33,6.0,,,,,,,,,,,,,,
E0,30/11/2025,14:05,Nott'm Forest,Brighton,0,2,A,0,1,A,M Oliver,19,17,3,6,11,10,9,2,0,1,0,0,2.75,3.3,2.63,2.7,3.4,2.55,,,,2.81,3.46,2.58,,,,,,,2.8,3.4,2.63,2.72,3.36,2.54,1.91,1.91,1.95,1.93,1.92,1.92,1.88,1.88,0.0,1.98,1.88,2.04,1.87,1.98,22.0,1.93,5.18,3.0,3.3,2.45,2.85,3.3,2.45,,,,2.95,3.35,2.57,,,,,,,3.0,3.4,2.65,2.85,3.29,2.51,1.91,1.91,1.98,1.92,1.94,1.98,1.9,1.88,0.0,2.1,1.7,2.11,1.83,2.1,1.83,2.03,1.74,2526,,,,,,,2.82,3.5,2.74,1.99,1.97,2.03,1.95,,,,,,,3.05,3.4,2.64,1.98,2.0,2.12,1.87,2.75,3.4,2.6,2.75,3.35,2.6,2.63,3.4,2.5,2.7,3.4,2.5,2.7,3.4,2.5,2.88,3.4,2.5,2.8,3.3,2.63,2.9,3.25,2.5,2.87,3.3,2.5,2.8,3.25,2.45,,,,,,,,,,,,,,
E0,30/11/2025,14:05,West Ham,Liverpool,0,2,A,0,0,D,D England,7,9,0,5,12,14,7,2,1,0,1,0,4.33,4.33,1.67,4.2,4.1,1.72,,,,4.45,4.22,1.74,,,,,,,4.45,4.33,1.8,4.28,4.06,1.74,1.53,2.5,1.55,2.55,1.56,2.5,1.51,2.47,0.75,1.95,1.9,1.98,1.93,1.95,22.0,1.87,4.42,4.75,4.5,1.57,5.0,4.4,1.6,,,,5.15,4.75,1.6,,,,,,,5.33,4.6,1.67,5.07,4.49,1.58,1.5,2.63,1.55,2.55,1.53,2.7,1.49,2.57,1.0,1.93,1.93,1.95,1.97,1.93,1.93,1.88,1.9,2526,,,,,,,4.5,4.4,1.79,1.57,2.68,1.99,1.98,,,,,,,5.4,4.8,1.63,1.54,2.8,1.98,2.01,4.33,4.0,1.8,4.35,4.0,1.78,4.33,4.1,1.67,4.2,4.2,1.73,4.2,4.0,1.73,5.0,4.5,1.67,5.1,4.6,1.6,5.25,4.5,1.55,5.0,4.4,1.6,5.0,4.33,1.6,,,,,,,,,,,,,,
E0,30/11/2025,16:30,Chelsea,Arsenal,1,1,D,0,0,D,A Taylor,11,8,4,4,12,13,3,3,1,6,1,0,3.4,3.3,2.2,3.3,3.3,2.2,,,,3.47,3.33,2.25,,,,,,,3.45,3.45,2.25,3.33,3.35,2.18,1.98,1.88,2.03,1.87,1.98,1.91,1.92,1.84,0.25,1.95,1.9,1.97,1.93,1.95,22.0,1.93,4.04,2.88,3.2,2.55,3.0,3.1,2.4,,,,3.19,3.17,2.51,,,,,,,3.1,3.25,2.55,3.01,3.14,2.46,2.05,1.8,2.11,1.78,2.14,1.8,2.05,1.75,0.25,1.68,2.15,1.81,2.14,1.75,2.15,1.71,2.02,2526,,,,,,,3.55,3.45,2.3,2.02,1.93,2.02,1.96,,,,,,,3.3,3.25,2.54,2.14,1.86,1.86,2.15,3.3,3.4,2.25,3.4,3.45,2.18,3.2,3.4,2.05,3.3,3.3,2.2,3.3,3.3,2.2,3.0,3.25,2.3,3.0,3.25,2.5,3.0,3.2,2.45,3.0,3.1,2.45,3.0,3.1,2.4,,,,,,,,,,,,,,
E0,02/12/2025,19:30,Bournemouth,Everton,0,1,A,0,0,D,M Salisbury,5,13,2,3,14,14,1,6,3,3,0,0,2.2,3.25,3.3,2.15,3.3,3.4,,,,2.28,3.36,3.43,,,,,,,2.25,3.4,3.45,2.2,3.29,3.38,1.98,1.88,1.99,1.92,1.98,1.91,1.92,1.86,-0.25,1.93,1.93,1.96,1.96,1.93,1.94,1.88,1.9,2.15,3.5,3.3,2.2,3.4,3.3,,,,2.23,3.5,3.41,,,,,,,2.23,3.5,3.4,2.17,3.4,3.34,1.8,2.0,1.83,2.07,1.83,2.05,1.79,1.99,-0.25,1.88,1.98,1.93,2.0,1.88,1.98,1.85,1.92,2526,,,,,,,2.32,3.4,3.55,1.99,2.0,1.98,2.0,,,,,,,2.28,3.6,3.5,1.87,2.12,1.96,2.03,2.2,3.4,3.4,2.23,3.35,3.45,2.2,3.25,3.4,2.15,3.3,3.4,2.15,3.3,3.4,2.15,3.5,3.4,2.23,3.4,3.4,2.15,3.4,3.4,2.2,3.4,3.3,2.15,3.3,3.3,,,,,,,,,,,,,,
E0,02/12/2025,19:30,Fulham,Man City,4,5,A,1,3,A,C Pawson,12,11,6,4,9,7,7,2,0,1,0,0,4.33,4.1,1.73,4.5,4.1,1.68,,,,4.73,4.13,1.72,,,,,,,5.0,4.2,1.73,4.66,4.04,1.69,1.67,2.2,1.7,2.26,1.67,2.28,1.65,2.2,0.75,1.95,1.9,1.99,1.93,1.96,1.9,1.92,1.84,5.0,4.2,1.62,5.0,4.0,1.63,,,,5.3,4.12,1.66,,,,,,,5.5,4.2,1.67,5.14,4.08,1.63,1.73,2.1,1.75,2.17,1.73,2.3,1.68,2.15,0.75,2.05,1.8,2.08,1.85,2.08,1.8,2.04,1.75,2526,,,,,,,5.1,4.3,1.74,1.71,2.36,2.04,1.93,,,,,,,5.9,4.3,1.66,1.78,2.26,2.17,1.83,5.0,4.0,1.67,4.9,4.1,1.68,4.75,4.1,1.67,4.5,4.2,1.7,4.5,4.0,1.67,5.0,4.0,1.67,5.5,4.2,1.61,5.25,4.1,1.62,5.0,4.0,1.65,5.0,4.0,1.65,,,,,,,,,,,,,,
E0,02/12/2025,20:15,Newcastle,Tottenham,2,2,D,0,0,D,T Bramall,19,8,7,2,5,12,11,8,0,3,0,0,1.83,3.8,4.1,1.8,3.75,4.2,,,,1.85,3.87,4.29,,,,,,,1.83,3.9,4.5,1.8,3.78,4.24,1.73,2.1,1.78,2.13,1.75,2.14,1.72,2.09,-0.5,1.83,2.03,1.86,2.07,1.83,2.1,1.76,2.02,1.85,3.75,4.0,1.83,3.75,4.1,,,,1.85,3.89,4.3,,,,,,,1.9,3.95,4.4,1.83,3.78,4.07,1.67,2.2,1.72,2.22,1.71,2.28,1.66,2.18,-0.5,1.85,2.0,1.86,2.07,1.9,2.1,1.79,1.98,2526,,,,,,,1.88,3.95,4.5,1.81,2.2,1.88,2.12,,,,,,,1.9,3.95,4.4,1.74,2.32,1.9,2.09,1.8,3.6,4.2,1.78,3.9,4.5,1.8,3.8,4.2,1.8,3.75,4.2,1.8,3.75,4.2,1.8,3.6,4.0,1.79,3.9,4.35,1.83,3.8,4.1,1.83,3.75,4.0,1.83,3.75,4.0,,,,,,,,,,,,,,
E0,03/12/2025,19:30,Arsenal,Brentford,2,0,H,1,0,H,T Harrington,15,6,7,1,7,9,4,8,0,1,0,0,1.36,5.0,8.5,1.37,5.0,8.0,,,,1.35,5.41,8.75,,,,,,,1.37,5.25,10.5,1.35,4.97,8.94,1.73,2.1,1.78,2.11,1.78,2.1,1.73,2.06,-1.5,2.08,1.73,2.11,1.79,2.08,2.02,1.94,1.82,1.42,4.5,7.5,1.46,4.6,6.75,,,,1.44,4.65,8.07,,,,,,,1.48,4.75,8.0,1.43,4.53,7.43,1.93,1.93,1.94,1.96,1.93,2.02,1.85,1.93,-1.25,2.1,1.78,2.11,1.83,2.1,1.93,1.93,1.84,2526,,,,,,,1.37,5.6,10.5,1.8,2.18,2.13,1.84,,,,,,,1.46,4.8,8.8,1.97,2.02,2.11,1.88,1.36,5.0,9.5,1.34,5.1,10.0,1.36,4.8,9.0,1.36,5.0,8.0,1.36,5.0,8.0,1.44,4.5,8.0,1.42,4.7,8.0,1.44,4.33,7.5,1.44,4.6,7.0,1.44,4.5,6.5,,,,,,,,,,,,,,
E0,03/12/2025,19:30,Brighton,Aston Villa,3,4,A,2,2,D,A Madley,16,14,7,10,10,9,5,6,2,2,0,0,2.15,3.5,3.4,2.15,3.4,3.3,,,,2.18,3.58,3.37,,,,,,,2.17,3.65,3.4,2.15,3.48,3.33,1.88,1.98,1.9,1.99,1.9,2.04,1.82,1.94,-0.25,1.85,2.0,1.9,2.01,1.86,2.0,1.83,1.94,2.25,3.4,3.2,2.25,3.4,3.1,,,,2.31,3.45,3.27,,,,,,,2.32,3.5,3.33,2.25,3.42,3.17,1.83,2.03,1.91,2.0,1.86,2.03,1.83,1.96,-0.25,1.93,1.93,2.0,1.93,1.95,1.93,1.91,1.86,2526,,,,,,,2.22,3.65,3.55,1.94,2.04,1.91,2.06,,,,,,,2.34,3.55,3.35,1.91,2.06,2.02,1.96,2.15,3.5,3.4,2.16,3.65,3.3,2.15,3.5,3.3,2.15,3.4,3.3,2.15,3.4,3.3,2.25,3.4,3.25,2.3,3.45,3.15,2.25,3.5,3.13,2.25,3.4,3.1,2.2,3.4,3.1,,,,,,,,,,,,,,
E0,03/12/2025,19:30,Burnley,Crystal Palace,0,1,A,0,1,A,T Kirk,11,3,4,3,9,8,3,4,0,0,0,0,4.5,3.8,1.75,4.6,3.7,1.77,,,,4.64,3.81,1.79,,,,,,,4.75,3.8,1.8,4.57,3.71,1.77,2.0,1.8,2.09,1.79,2.0,1.86,1.97,1.8,0.75,1.83,2.03,1.85,2.06,1.83,2.03,1.8,1.97,4.75,3.75,1.73,5.0,3.6,1.75,,,,5.05,3.77,1.76,,,,,,,5.33,3.8,1.8,4.99,3.62,1.73,2.2,1.67,2.22,1.72,2.2,1.75,2.14,1.69,0.75,1.88,1.98,1.92,2.01,1.9,1.98,1.87,1.9,2526,,,,,,,4.9,3.85,1.86,2.08,1.89,1.87,2.12,,,,,,,5.4,3.85,1.79,2.28,1.77,1.94,2.03,4.6,3.6,1.8,4.6,3.8,1.78,4.75,3.7,1.75,4.6,3.7,1.75,4.5,3.7,1.75,5.0,3.6,1.8,5.1,3.75,1.72,5.0,3.6,1.73,5.0,3.6,1.75,4.8,3.5,1.73,,,,,,,,,,,,,,
E0,03/12/2025,19:30,Wolves,Nott'm Forest,0,1,A,0,0,D,T Robinson,5,10,1,3,19,11,3,9,2,2,0,0,3.25,3.4,2.25,3.2,3.3,2.2,,,,3.27,3.37,2.32,,,,,,,3.45,3.4,2.3,3.28,3.3,2.24,2.1,1.73,2.17,1.75,2.14,1.75,2.07,1.72,0.25,1.9,1.95,1.91,2.0,1.93,1.95,1.88,1.83,3.1,3.25,2.38,3.0,3.2,2.37,,,,3.17,3.32,2.44,,,,,,,3.2,3.3,2.4,3.1,3.23,2.37,2.1,1.73,2.18,1.75,2.2,1.73,2.12,1.7,0.25,1.8,2.05,1.85,2.09,1.83,2.05,1.79,1.93,2526,,,,,,,3.4,3.5,2.36,2.2,1.8,1.96,2.02,,,,,,,3.25,3.45,2.44,2.26,1.78,1.89,2.1,3.4,3.3,2.25,3.45,3.35,2.23,3.25,3.3,2.25,3.25,3.3,2.25,3.2,3.3,2.2,3.2,3.25,2.38,3.2,3.25,2.4,3.1,3.3,2.3,3.0,3.25,2.37,3.0,3.2,2.37,,,,,,,,,,,,,,
E0,03/12/2025,20:15,Leeds,Chelsea,3,1,H,2,0,H,D England,17,14,5,2,10,13,4,2,1,1,0,0,4.1,4.1,1.8,4.33,3.8,1.78,,,,4.27,4.05,1.8,,,,,,,4.5,4.1,1.8,4.31,3.87,1.78,1.83,2.03,1.85,2.04,1.84,2.03,1.81,1.96,0.75,1.83,2.03,1.85,2.07,1.83,2.03,1.8,1.97,3.9,3.5,1.95,3.9,3.4,1.98,,,,4.11,3.53,1.99,,,,,,,4.2,3.6,2.0,3.94,3.45,1.95,2.0,1.8,2.09,1.83,2.0,1.92,1.96,1.81,0.5,1.88,1.98,1.93,2.0,2.05,1.98,1.89,1.88,2526,,,,,,,4.4,4.0,1.87,1.88,2.1,1.85,2.13,,,,,,,4.3,3.65,2.02,2.08,1.9,1.97,2.02,4.5,3.75,1.8,4.35,3.95,1.79,4.5,3.8,1.75,4.33,3.8,1.8,4.2,3.8,1.75,4.0,3.5,1.95,4.1,3.55,1.92,3.8,3.5,1.95,3.9,3.4,2.0,3.8,3.4,1.95,,,,,,,,,,,,,,
E0,03/12/2025,20:15,Liverpool,Sunderland,1,1,D,0,0,D,S Attwell,23,9,4,6,10,5,7,3,1,1,0,0,1.36,5.25,7.0,1.34,5.5,8.25,,,,1.37,5.44,8.12,,,,,,,1.37,5.5,8.5,1.35,5.29,8.05,1.57,2.38,1.59,2.45,1.57,2.48,1.55,2.38,-1.5,2.0,1.85,2.06,1.85,2.0,1.93,1.92,1.84,1.36,5.5,7.0,1.37,5.25,7.75,,,,1.36,5.47,8.52,,,,,,,1.37,5.5,8.5,1.35,5.25,7.98,1.62,2.3,1.65,2.32,1.62,2.43,1.59,2.31,-1.5,2.03,1.83,2.08,1.85,2.03,1.93,1.93,1.83,2526,,,,,,,1.39,5.7,9.2,1.61,2.54,2.06,1.89,,,,,,,1.38,5.9,9.0,1.67,2.48,2.09,1.89,1.3,5.0,8.5,1.35,5.4,8.5,1.33,5.25,8.5,1.35,5.5,8.0,1.33,5.25,8.0,1.33,5.5,8.5,1.35,5.5,8.0,1.33,5.25,8.5,1.36,5.25,7.5,1.36,5.0,7.5,,,,,,,,,,,,,,
E0,04/12/2025,20:00,Man United,West Ham,1,1,D,0,0,D,A Kitchen,17,11,4,3,13,9,6,6,2,2,0,0,1.45,5.0,6.0,1.46,4.75,6.25,,,,1.47,4.9,6.52,,,,,,,1.46,5.1,7.0,1.43,4.81,6.59,1.53,2.5,1.55,2.52,1.53,2.7,1.49,2.53,-1.25,1.98,1.88,2.02,1.88,1.98,1.94,1.89,1.88,1.4,5.25,6.5,1.41,5.0,7.0,,,,1.39,5.2,8.25,,,,,,,1.41,5.25,7.5,1.4,5.03,7.21,1.5,2.63,1.55,2.59,1.53,2.63,1.5,2.52,-1.25,1.85,2.0,1.87,2.06,1.85,2.0,1.79,1.98,2526,,,,,,,1.48,5.2,7.4,1.59,2.62,2.03,1.93,,,,,,,1.43,5.5,8.0,1.57,2.72,1.9,2.09,1.44,5.0,7.0,1.42,5.0,7.0,1.4,4.75,6.5,1.44,4.8,6.5,1.44,4.8,6.5,1.4,5.0,7.5,1.4,5.1,7.5,1.4,5.25,7.0,1.4,5.0,7.0,1.4,4.8,7.0,,,,,,,,,,,,,,
E0,06/12/2025,12:30,Aston Villa,Arsenal,2,1,H,1,0,H,P Bankes,15,15,6,9,10,8,3,3,0,2,0,0,4.2,3.5,1.9,4.0,3.4,1.93,,,,4.32,3.53,1.92,,,,,,,4.2,3.5,1.95,4.13,3.45,1.91,2.1,1.73,2.14,1.76,2.1,1.76,2.06,1.74,0.5,1.95,1.9,1.98,1.93,1.95,1.9,1.89,1.86,4.2,3.5,1.9,4.1,3.5,1.9,,,,4.5,3.54,1.93,,,,,,,4.4,3.5,1.91,4.18,3.47,1.9,2.1,1.73,2.1,1.81,2.1,1.8,2.04,1.76,0.5,1.95,1.9,2.0,1.93,1.95,1.9,1.9,1.85,2526,,,,,,,4.4,3.6,1.99,2.16,1.82,1.98,2.0,,,,,,,4.7,3.6,1.95,2.14,1.86,2.05,1.94,4.2,3.5,1.91,4.2,3.5,1.94,4.1,3.5,1.9,4.0,3.4,1.91,4.0,3.4,1.91,4.2,3.5,1.91,4.4,3.45,1.9,4.1,3.5,1.9,4.0,3.5,1.91,4.0,3.5,1.91,,,,,,,,,,,,,,
E0,06/12/2025,15:00,Bournemouth,Chelsea,0,0,D,0,0,D,M Oliver,13,11,5,4,15,13,5,0,0,2,0,0,3.1,3.75,2.15,3.2,3.6,2.15,,,,3.15,3.83,2.2,,,,,,,3.25,3.75,2.2,3.14,3.67,2.16,1.62,2.3,1.65,2.32,1.67,2.3,1.63,2.2,0.25,1.95,1.9,1.97,1.93,1.95,1.9,1.92,1.8,3.3,3.75,2.05,3.25,3.7,2.05,,,,3.38,3.85,2.12,,,,,,,3.55,3.9,2.1,3.33,3.75,2.05,1.57,2.38,1.64,2.38,1.66,2.45,1.59,2.32,0.25,2.03,1.78,2.08,1.86,2.1,1.81,2.03,1.71,2526,,,,,,,3.35,3.85,2.22,1.69,2.4,2.04,1.93,,,,,,,3.55,3.9,2.14,1.67,2.46,2.13,1.87,3.2,3.6,2.2,3.25,3.7,2.15,3.13,3.7,2.15,3.2,3.6,2.15,3.1,3.6,2.15,3.4,3.6,2.1,3.55,3.9,1.98,3.3,3.8,2.05,3.25,3.7,2.1,3.25,3.7,2.05,,,,,,,,,,,,,,
E0,06/12/2025,15:00,Everton,Nott'm Forest,3,0,H,2,0,H,C Kavanagh,11,7,5,3,17,15,6,3,4,3,0,0,2.2,3.2,3.5,2.15,3.25,3.5,,,,2.23,3.24,3.63,,,,,,,2.2,3.35,3.65,2.17,3.25,3.52,2.1,1.73,2.19,1.73,2.14,1.73,2.09,1.7,-0.25,1.88,1.98,1.9,2.0,1.88,2.0,1.82,1.96,2.05,3.25,3.9,2.1,3.25,3.7,,,,2.12,3.37,3.84,,,,,,,2.12,3.4,3.95,2.08,3.28,3.72,2.1,1.73,2.13,1.78,2.18,1.75,2.09,1.72,-0.25,1.73,2.08,1.83,2.12,1.76,2.08,1.74,2.04,2526,,,,,,,2.28,3.35,3.75,2.26,1.77,1.94,2.04,,,,,,,2.16,3.4,4.0,2.18,1.82,1.84,2.17,2.15,3.3,3.6,2.14,3.35,3.6,2.2,3.3,3.4,2.15,3.25,3.5,2.15,3.25,3.5,2.1,3.4,3.6,2.07,3.25,3.9,2.05,3.4,3.6,2.1,3.25,3.7,2.1,3.2,3.6,,,,,,,,,,,,,,
E0,06/12/2025,15:00,Man City,Sunderland,3,0,H,2,0,H,A Madley,18,8,6,1,9,10,6,5,1,0,0,1,1.25,6.5,10.0,1.26,6.25,10.5,,,,1.24,6.68,11.08,,,,,,,1.26,6.5,13.0,1.24,6.22,11.38,1.5,2.63,1.51,2.59,1.5,2.65,1.48,2.57,-1.75,1.9,1.95,1.93,1.95,1.9,1.96,1.86,1.91,1.25,6.5,10.0,1.27,6.25,10.0,,,,1.27,6.45,11.0,,,,,,,1.29,6.5,11.5,1.25,6.18,10.59,1.44,2.75,1.45,2.77,1.48,2.88,1.44,2.72,-1.75,1.95,1.9,1.99,1.92,1.95,1.97,1.86,1.91,2526,,,,,,,1.28,6.8,13.0,1.57,2.72,2.0,1.95,,,,,,,1.29,6.6,12.5,1.51,2.92,2.02,1.94,1.22,6.5,13.0,1.25,6.25,12.0,1.22,6.5,12.0,1.25,6.0,10.0,1.25,6.0,10.0,1.29,6.0,10.0,1.25,6.5,11.5,1.25,6.0,11.5,1.25,6.0,10.0,1.25,5.75,9.0,,,,,,,,,,,,,,
E0,06/12/2025,15:00,Newcastle,Burnley,2,1,H,2,0,H,S Attwell,17,9,7,3,9,11,9,9,2,2,0,1,1.27,6.0,9.5,1.29,5.75,9.5,,,,1.27,6.25,10.24,,,,,,,1.3,6.0,11.5,1.28,5.72,10.39,1.57,2.38,1.6,2.41,1.62,2.38,1.58,2.29,-1.75,2.03,1.83,2.05,1.84,2.03,1.83,1.98,1.79,1.3,5.5,9.5,1.32,5.5,9.0,,,,1.33,5.75,9.25,,,,,,,1.33,6.0,11.0,1.3,5.53,9.5,1.57,2.38,1.58,2.46,1.62,2.45,1.57,2.35,-1.5,1.93,1.93,1.94,1.98,1.93,1.93,1.87,1.88,2526,,,,,,,1.3,6.4,12.5,1.63,2.54,2.07,1.89,,,,,,,1.34,6.0,10.5,1.64,2.54,2.02,1.96,1.29,5.5,11.0,1.28,5.8,11.0,1.25,6.0,11.5,1.28,5.75,9.5,1.28,5.75,9.5,1.3,5.5,11.0,1.29,5.8,10.5,1.3,5.5,9.5,1.33,5.5,9.0,1.3,5.5,8.5,,,,,,,,,,,,,,
E0,06/12/2025,15:00,Tottenham,Brentford,2,0,H,2,0,H,R Jones,15,4,7,1,8,9,7,6,3,4,0,0,2.3,3.5,3.0,2.25,3.5,3.0,,,,2.39,3.42,3.09,,,,,,,2.38,3.5,3.2,2.31,3.44,3.03,1.83,2.03,1.89,1.99,1.86,2.03,1.8,1.97,-0.25,2.0,1.85,2.07,1.85,2.0,1.85,1.96,1.81,2.5,3.3,2.88,2.37,3.4,2.9,,,,2.49,3.43,3.0,,,,,,,2.5,3.45,3.05,2.42,3.35,2.9,1.91,1.91,2.02,1.88,1.94,1.92,1.9,1.87,0.0,1.8,2.05,1.79,2.15,1.83,2.1,1.75,2.02,2526,,,,,,,2.4,3.6,3.15,1.9,2.08,2.08,1.9,,,,,,,2.56,3.5,3.05,2.02,1.97,1.83,2.18,2.3,3.4,3.2,2.32,3.5,3.1,2.3,3.5,3.0,2.25,3.5,3.0,2.25,3.5,3.0,2.5,3.3,2.88,2.35,3.45,3.05,2.45,3.4,2.8,2.4,3.4,2.9,2.37,3.3,2.9,,,,,,,,,,,,,,
E0,06/12/2025,17:30,Leeds,Liverpool,3,3,D,0,0,D,A Taylor,12,16,5,7,14,14,5,4,3,3,0,0,3.8,4.0,1.85,4.1,3.8,1.82,,,,3.96,3.85,1.91,,,,,,,4.2,4.2,1.91,3.95,3.9,1.84,1.67,2.2,1.7,2.24,1.67,2.3,1.64,2.2,0.5,2.0,1.85,1.98,1.92,2.0,1.85,1.94,1.8,4.2,4.0,1.75,4.4,3.8,1.77,,,,4.58,4.07,1.76,,,,,,,4.7,4.0,1.83,4.4,3.88,1.76,1.73,2.1,1.79,2.11,1.8,2.1,1.75,2.05,0.75,1.85,2.0,1.93,2.0,1.92,2.0,1.84,1.94,2526,,,,,,,4.1,4.0,1.95,1.7,2.38,2.03,1.95,,,,,,,4.7,4.1,1.81,1.83,2.18,1.95,2.04,4.2,3.75,1.83,4.1,4.0,1.82,3.9,3.8,1.85,4.0,3.8,1.83,4.0,3.75,1.83,4.2,3.75,1.83,4.5,3.95,1.77,4.6,3.9,1.73,4.4,3.8,1.75,4.33,3.8,1.75,,,,,,,,,,,,,,
E0,07/12/2025,14:00,Brighton,West Ham,1,1,D,0,0,D,S Hooper,22,14,4,5,12,8,10,6,2,2,0,0,1.55,4.33,5.75,1.57,4.4,5.25,,,,1.56,4.52,5.73,,,,,,,1.57,4.5,6.0,1.55,4.32,5.63,1.62,2.3,1.65,2.33,1.64,2.3,1.6,2.27,-1.0,1.9,1.95,1.9,2.01,1.9,1.95,1.88,1.9,1.6,4.2,5.25,1.6,4.2,5.0,,,,1.63,4.35,5.35,,,,,,,1.62,4.33,5.5,1.6,4.24,5.16,1.62,2.3,1.61,2.41,1.62,2.4,1.58,2.34,-1.0,2.03,1.83,2.07,1.87,2.03,1.85,1.96,1.82,2526,,,,,,,1.59,4.7,6.0,1.66,2.44,1.95,2.03,,,,,,,1.65,4.5,5.6,1.63,2.54,2.12,1.87,1.53,4.33,6.0,1.56,4.35,5.8,1.53,4.4,5.75,1.57,4.4,5.25,1.57,4.33,5.25,1.6,4.33,5.5,1.6,4.3,5.4,1.6,4.33,5.0,1.6,4.2,5.0,1.6,4.2,5.0,,,,,,,,,,,,,,
E0,07/12/2025,16:30,Fulham,Crystal Palace,1,2,A,1,1,D,S Barrott,12,11,4,5,5,8,6,4,0,0,0,0,2.55,3.3,2.8,2.6,3.25,2.75,,,,2.59,3.35,2.87,,,,,,,2.63,3.4,2.88,2.57,3.27,2.77,2.0,1.8,2.09,1.81,2.1,1.8,2.02,1.76,0.0,1.83,2.03,1.85,2.06,1.85,2.03,1.8,1.95,2.4,3.4,2.9,2.5,3.25,2.8,,,,2.53,3.4,2.96,,,,,,,2.55,3.4,2.95,2.49,3.32,2.85,1.91,1.91,2.01,1.9,2.0,1.91,1.93,1.85,0.0,1.73,2.08,1.82,2.13,1.83,2.08,1.76,2.01,2526,,,,,,,2.68,3.4,2.94,2.18,1.82,1.9,2.08,,,,,,,2.6,3.45,3.05,2.04,1.94,1.84,2.17,2.6,3.25,2.8,2.63,3.4,2.75,2.5,3.25,2.7,2.6,3.25,2.75,2.6,3.2,2.7,2.5,3.4,2.88,2.5,3.35,2.9,2.5,3.4,2.8,2.5,3.25,2.8,2.5,3.25,2.8,,,,,,,,,,,,,,
E0,08/12/2025,20:00,Wolves,Man United,1,4,A,1,1,D,M Salisbury,8,27,2,10,17,12,1,9,3,2,0,0,4.2,4.0,1.75,4.33,3.8,1.78,,,,4.19,4.01,1.83,,,,,,,4.4,4.1,1.8,4.22,3.9,1.77,1.67,2.2,1.72,2.2,1.7,2.2,1.67,2.14,0.75,1.85,2.0,1.89,2.01,1.85,2.0,1.82,1.94,4.75,4.0,1.67,5.0,4.1,1.63,,,,5.35,4.2,1.65,,,,,,,5.5,4.2,1.67,5.04,4.09,1.64,1.73,2.1,1.75,2.17,1.73,2.25,1.68,2.15,0.75,2.0,1.85,2.1,1.84,2.07,1.85,2.02,1.76,2526,,,,,,,4.4,4.1,1.82,1.76,2.26,1.87,2.12,,,,,,,5.6,4.2,1.7,1.77,2.28,2.12,1.85,4.33,3.75,1.8,4.4,4.1,1.76,4.2,3.8,1.75,4.33,3.8,1.8,4.2,3.75,1.8,5.5,4.2,1.62,5.4,4.2,1.62,5.0,4.1,1.65,4.8,4.0,1.67,4.8,4.0,1.65,,,,,,,,,,,,,,
E0,13/12/2025,15:00,Chelsea,Everton,2,0,H,2,0,H,T Bramall,17,11,5,2,13,11,4,7,1,0,0,0,1.67,3.8,5.25,1.65,4.0,5.0,,,,1.67,4.04,5.3,,,,,,,1.7,4.0,5.5,1.66,3.9,5.09,1.88,1.98,1.89,2.0,1.91,1.98,1.84,1.91,-0.75,1.85,2.0,1.87,2.04,1.85,2.0,1.82,1.95,1.73,3.75,4.75,1.71,3.9,4.6,,,,1.75,3.91,4.86,,,,,,,1.75,3.95,5.1,1.71,3.84,4.77,1.85,2.0,1.91,2.0,1.86,2.0,1.82,1.95,-0.75,1.93,1.93,1.98,1.94,1.93,1.95,1.87,1.9,2526,,,,,,,1.72,4.1,5.6,1.92,2.06,1.92,2.06,,,,,,,1.78,4.0,5.2,1.92,2.06,2.01,1.97,1.67,3.75,5.5,1.68,3.95,5.1,1.65,3.9,5.25,1.65,4.0,5.0,1.65,4.0,4.8,1.73,3.75,5.0,1.68,3.95,5.1,1.7,3.9,4.8,1.7,3.9,4.6,1.7,3.9,4.6,,,,,,,,,,,,,,
E0,13/12/2025,15:00,Liverpool,Brighton,2,0,H,1,0,H,C Pawson,18,14,4,1,8,15,2,2,1,2,0,0,1.67,4.0,4.75,1.68,4.2,4.4,,,,1.69,4.32,4.68,,,,,,,1.7,4.3,5.0,1.67,4.17,4.62,1.53,2.5,1.53,2.62,1.53,2.6,1.5,2.48,-0.75,1.83,2.03,1.88,2.03,1.83,2.03,1.8,1.96,1.75,3.9,4.33,1.72,4.0,4.33,,,,1.8,4.1,4.28,,,,,,,1.76,4.0,4.6,1.74,3.98,4.37,1.62,2.3,1.67,2.32,1.66,2.45,1.58,2.32,-0.75,1.98,1.88,2.04,1.89,1.98,1.88,1.92,1.85,2526,,,,,,,1.73,4.4,5.0,1.58,2.66,1.91,2.07,,,,,,,1.82,4.2,4.6,1.67,2.46,2.04,1.95,1.67,4.2,5.0,1.67,4.3,4.8,1.67,4.2,4.6,1.7,4.2,4.4,1.67,4.2,4.4,1.73,4.0,4.5,1.75,4.0,4.6,1.75,4.0,4.33,1.73,4.0,4.33,1.73,4.0,4.33,,,,,,,,,,,,,,
E0,13/12/2025,17:30,Burnley,Fulham,2,3,A,1,2,A,M Oliver,16,6,8,4,8,8,10,4,1,2,0,0,4.0,3.5,1.91,3.9,3.5,1.93,,,,3.98,3.59,1.98,,,,,,,4.0,3.6,2.0,3.93,3.48,1.95,2.1,1.73,2.1,1.79,2.1,1.78,2.04,1.74,0.5,1.9,1.95,1.92,1.99,1.9,1.95,1.84,1.89,3.9,3.5,1.95,3.9,3.4,1.98,,,,4.06,3.51,2.01,,,,,,,4.1,3.5,2.05,3.88,3.41,1.99,2.1,1.73,2.14,1.78,2.1,1.78,2.05,1.74,0.5,1.85,2.0,1.91,2.02,1.85,2.0,1.8,1.93,2526,,,,,,,4.1,3.6,2.04,2.12,1.87,1.94,2.04,,,,,,,4.1,3.65,2.04,2.2,1.83,1.94,2.04,4.0,3.4,2.0,4.0,3.5,1.96,4.0,3.5,1.93,3.9,3.5,1.95,3.9,3.5,1.95,3.75,3.4,2.05,4.1,3.45,1.97,3.8,3.4,2.0,3.9,3.4,2.0,3.9,3.3,2.0,,,,,,,,,,,,,,
E0,13/12/2025,20:00,Arsenal,Wolves,2,1,H,0,0,D,R Jones,16,3,2,2,7,15,8,0,0,4,0,0,1.13,8.5,21.0,1.13,9.5,20.0,,,,1.14,8.77,21.15,,,,,,,1.14,9.5,26.0,1.12,8.62,22.31,1.53,2.5,1.51,2.57,1.53,2.65,1.51,2.48,-2.25,1.93,1.93,1.96,1.93,1.95,1.94,1.88,1.89,1.11,9.0,21.0,1.12,9.5,20.0,,,,1.13,9.55,27.0,,,,,,,1.14,9.5,28.0,1.12,8.9,22.31,1.5,2.63,1.45,2.72,1.5,2.75,1.47,2.61,-2.25,1.88,1.98,1.89,2.02,1.9,1.98,1.83,1.94,2526,,,,,,,1.14,10.5,30.0,1.57,2.68,1.99,1.95,,,,,,,1.15,10.0,29.0,1.54,2.82,1.94,2.04,1.13,8.5,26.0,1.12,9.0,23.0,1.1,9.0,26.0,1.12,9.5,19.0,1.12,9.5,19.0,1.11,9.0,26.0,1.12,9.5,25.0,1.1,9.5,26.0,1.12,9.5,19.0,1.12,9.5,19.0,,,,,,,,,,,,,,
E0,14/12/2025,14:00,Crystal Palace,Man City,0,3,A,0,1,A,D England,16,7,4,6,9,6,2,2,2,0,0,0,3.9,3.9,1.85,4.0,3.7,1.87,,,,4.05,3.99,1.86,,,,,,,4.2,4.0,1.88,3.98,3.81,1.83,1.67,2.2,1.68,2.27,1.71,2.2,1.66,2.16,0.5,2.03,1.83,2.04,1.87,2.03,1.83,1.94,1.79,4.0,3.8,1.85,4.0,3.7,1.87,,,,4.23,3.82,1.9,,,,,,,4.2,3.8,1.9,4.01,3.73,1.85,1.73,2.1,1.75,2.17,1.75,2.25,1.69,2.13,0.5,2.0,1.85,2.02,1.9,2.0,1.95,1.9,1.83,2526,,,,,,,4.3,4.1,1.89,1.7,2.38,2.11,1.89,,,,,,,4.4,3.85,1.94,1.81,2.2,2.05,1.94,4.2,3.75,1.83,4.1,3.9,1.84,3.9,3.8,1.8,4.0,3.7,1.85,4.0,3.6,1.85,4.2,3.75,1.83,4.2,3.8,1.85,3.9,3.8,1.87,4.0,3.7,1.85,3.9,3.7,1.85,,,,,,,,,,,,,,
E0,14/12/2025,14:00,Nott'm Forest,Tottenham,3,0,H,1,0,H,S Barrott,15,6,6,1,9,13,3,3,1,3,0,0,2.55,3.3,2.8,2.55,3.3,2.75,,,,2.6,3.4,2.82,,,,,,,2.63,3.35,2.88,2.55,3.28,2.76,2.03,1.83,2.04,1.85,2.03,1.86,1.95,1.8,0.0,1.88,1.98,1.88,2.03,1.88,2.0,1.81,1.94,2.7,3.3,2.7,2.6,3.3,2.7,,,,2.75,3.35,2.74,,,,,,,2.7,3.4,2.8,2.62,3.31,2.7,1.91,1.91,1.99,1.92,2.0,1.91,1.92,1.85,0.0,1.93,1.93,1.96,1.96,1.93,1.95,1.86,1.89,2526,,,,,,,2.7,3.45,2.88,2.06,1.91,1.93,2.06,,,,,,,2.82,3.45,2.78,2.0,1.96,2.01,1.98,2.5,3.3,2.88,2.6,3.35,2.75,2.5,3.3,2.7,2.5,3.3,2.75,2.5,3.3,2.75,2.63,3.3,2.75,2.65,3.4,2.75,2.63,3.4,2.63,2.6,3.3,2.7,2.6,3.3,2.7,,,,,,,,,,,,,,
E0,14/12/2025,14:00,Sunderland,Newcastle,1,0,H,0,0,D,P Bankes,5,6,1,2,10,10,3,6,5,4,0,0,3.3,3.3,2.25,3.2,3.4,2.2,,,,3.43,3.33,2.26,,,,,,,3.35,3.4,2.28,3.26,3.33,2.22,1.91,1.91,2.0,1.89,1.96,1.91,1.91,1.84,0.25,1.93,1.93,1.96,1.94,1.93,1.93,1.89,1.84,3.4,3.4,2.2,3.3,3.4,2.2,,,,3.61,3.43,2.18,,,,,,,3.55,3.5,2.25,3.41,3.35,2.16,1.91,1.91,1.95,1.95,1.95,1.93,1.89,1.87,0.25,1.98,1.88,2.05,1.88,2.0,1.88,1.95,1.77,2526,,,,,,,3.5,3.4,2.32,2.04,1.93,1.98,1.99,,,,,,,3.65,3.55,2.22,1.97,2.02,2.09,1.9,3.3,3.4,2.25,3.3,3.4,2.25,3.2,3.4,2.15,3.2,3.4,2.2,3.2,3.4,2.2,3.4,3.5,2.2,3.55,3.35,2.17,3.5,3.3,2.15,3.3,3.4,2.2,3.25,3.3,2.15,,,,,,,,,,,,,,
E0,14/12/2025,14:00,West Ham,Aston Villa,2,3,A,2,1,H,A Taylor,10,7,3,4,18,13,5,3,1,2,0,0,3.75,3.5,2.0,3.5,3.5,2.05,,,,3.76,3.57,2.05,,,,,,,3.9,3.65,2.05,3.63,3.51,2.0,1.8,2.0,1.86,2.03,1.83,2.0,1.78,1.97,0.5,1.83,2.03,1.85,2.06,1.83,2.03,1.77,1.96,3.3,3.4,2.2,3.2,3.4,2.2,,,,3.35,3.57,2.23,,,,,,,3.6,3.5,2.2,3.31,3.42,2.18,1.8,2.0,1.81,2.09,1.83,2.17,1.75,2.04,0.25,1.95,1.9,1.99,1.93,1.95,1.9,1.93,1.8,2526,,,,,,,3.85,3.7,2.08,1.92,2.04,1.89,2.08,,,,,,,3.5,3.6,2.26,1.82,2.2,2.02,1.97,3.75,3.6,2.0,3.85,3.65,1.97,3.5,3.5,2.0,3.5,3.5,2.05,3.5,3.5,2.0,3.3,3.5,2.2,3.4,3.45,2.2,3.3,3.4,2.2,3.2,3.4,2.2,3.2,3.4,2.2,,,,,,,,,,,,,,
E0,14/12/2025,16:30,Brentford,Leeds,1,1,D,0,0,D,J Brooks,7,18,2,4,8,9,0,3,0,0,0,0,1.91,3.6,4.0,1.98,3.5,3.75,,,,1.97,3.69,3.89,,,,,,,2.0,3.7,4.0,1.94,3.54,3.85,1.9,1.95,1.92,1.97,1.91,1.95,1.86,1.89,-0.5,1.93,1.93,1.98,1.93,1.95,1.93,1.88,1.85,2.15,3.3,3.6,2.1,3.2,3.6,,,,2.23,3.33,3.59,,,,,,,2.23,3.4,3.75,2.14,3.25,3.56,2.1,1.73,2.2,1.74,2.2,1.91,2.09,1.71,-0.25,1.83,2.03,1.91,2.02,1.85,2.03,1.81,1.96,2526,,,,,,,2.02,3.75,4.1,1.95,2.02,2.02,1.96,,,,,,,2.22,3.4,3.8,2.22,1.8,1.9,2.09,1.95,3.6,4.0,1.92,3.65,4.0,1.9,3.5,3.8,2.0,3.5,3.75,1.95,3.5,3.7,2.15,3.3,3.6,2.2,3.2,3.6,2.1,3.4,3.5,2.15,3.2,3.6,2.1,3.2,3.6,,,,,,,,,,,,,,
E0,15/12/2025,20:00,Man United,Bournemouth,4,4,D,2,1,H,S Hooper,25,14,9,9,15,12,5,4,2,3,0,0,1.83,4.0,3.8,1.83,3.9,3.8,,,,1.84,4.21,3.93,,,,,,,1.85,4.25,4.0,1.82,3.98,3.84,1.57,2.38,1.56,2.54,1.57,2.45,1.55,2.36,-0.5,1.83,2.03,1.85,2.07,1.86,2.03,1.79,1.95,1.73,4.33,4.2,1.75,4.2,4.0,,,,1.81,4.15,4.2,,,,,,,1.83,4.33,4.33,1.76,4.18,4.1,1.44,2.75,1.49,2.7,1.5,2.8,1.47,2.64,-0.75,1.93,1.93,2.04,1.88,1.98,1.93,1.92,1.87,2526,,,,,,,1.88,4.2,4.1,1.6,2.56,1.88,2.12,,,,,,,1.81,4.3,4.5,1.52,2.88,2.01,1.96,1.83,4.0,4.0,1.8,4.2,3.95,1.8,3.9,3.8,1.83,3.9,3.8,1.83,3.9,3.8,1.83,4.2,4.33,1.74,4.2,4.3,1.75,4.2,4.1,1.75,4.2,4.0,1.75,4.2,4.0,,,,,,,,,,,,,,
E0,20/12/2025,12:30,Newcastle,Chelsea,2,2,D,2,0,H,A Madley,11,13,5,4,13,14,6,4,3,6,0,0,2.75,3.6,2.45,2.65,3.5,2.5,,,,2.87,3.41,2.55,,,,,,,2.85,3.65,2.6,2.73,3.51,2.47,1.67,2.2,1.71,2.22,1.67,2.28,1.66,2.18,0.0,2.03,1.83,2.06,1.86,2.03,1.83,1.98,1.79,2.8,3.6,2.3,2.75,3.5,2.45,,,,2.87,3.55,2.52,,,,,,,2.9,3.6,2.5,2.79,3.53,2.41,1.67,2.2,1.7,2.27,1.67,2.38,1.63,2.23,0.0,2.1,1.7,2.1,1.84,2.12,1.83,2.0,1.76,2526,,,,,,,2.9,3.65,2.56,1.72,2.34,2.09,1.89,,,,,,,2.94,3.7,2.52,1.71,2.38,2.15,1.85,2.75,3.5,2.6,2.85,3.65,2.4,2.7,3.6,2.45,2.62,3.5,2.5,2.62,3.5,2.5,2.8,3.5,2.5,2.85,3.5,2.45,2.63,3.6,2.5,2.75,3.5,2.45,2.7,3.5,2.4,,,,,,,,,,,,,,
E0,20/12/2025,15:00,Bournemouth,Burnley,1,1,D,0,0,D,C Kavanagh,16,4,1,1,11,11,5,3,1,1,0,0,1.48,4.33,6.5,1.47,4.6,6.25,,,,1.48,4.65,6.73,,,,,,,1.5,4.75,7.0,1.47,4.44,6.59,1.67,2.2,1.68,2.26,1.72,2.2,1.68,2.13,-1.25,2.05,1.8,2.08,1.84,2.05,1.81,2.02,1.77,1.48,4.5,6.25,1.49,4.6,6.0,,,,1.48,4.8,6.95,,,,,,,1.5,4.75,7.0,1.47,4.62,6.47,1.62,2.3,1.59,2.48,1.62,2.43,1.57,2.35,-1.25,2.03,1.83,2.07,1.86,2.03,1.87,1.95,1.83,2526,,,,,,,1.52,4.7,7.4,1.73,2.32,2.12,1.85,,,,,,,1.51,5.0,7.2,1.64,2.54,2.09,1.88,1.5,4.5,7.0,1.5,4.3,7.0,1.45,4.5,7.0,1.48,4.6,6.5,1.44,4.2,5.75,1.5,4.6,7.0,1.47,4.7,7.0,1.45,4.75,6.5,1.5,4.6,6.0,1.48,4.6,5.75,,,,,,,,,,,,,,
E0,20/12/2025,15:00,Brighton,Sunderland,0,0,D,0,0,D,D England,16,14,4,6,11,15,3,4,2,2,0,0,1.67,4.0,5.25,1.65,4.0,5.0,,,,1.63,4.15,5.5,,,,,,,1.7,4.2,5.5,1.65,3.95,5.16,1.85,2.0,1.86,2.03,1.85,2.02,1.8,1.96,-0.75,1.85,2.0,1.81,2.11,1.85,2.05,1.8,1.97,1.85,3.7,4.1,1.82,3.7,4.2,,,,1.88,3.63,4.64,,,,,,,1.95,3.8,4.6,1.83,3.65,4.27,1.88,1.98,1.91,2.0,1.88,2.0,1.83,1.94,-0.5,1.83,2.03,1.88,2.05,1.91,2.03,1.78,1.96,2526,,,,,,,1.69,4.2,5.7,1.87,2.12,1.87,2.11,,,,,,,1.89,3.75,4.8,1.96,2.02,1.89,2.11,1.67,4.0,5.5,1.67,4.0,5.2,1.65,3.9,5.25,1.65,4.0,5.0,1.65,4.0,5.0,1.8,3.75,4.5,1.82,3.6,4.6,1.8,3.7,4.33,1.8,3.7,4.2,1.8,3.7,4.2,,,,,,,,,,,,,,
E0,20/12/2025,15:00,Man City,West Ham,3,0,H,2,0,H,P Tierney,17,7,8,3,16,10,6,0,1,1,0,0,1.22,8.0,10.0,1.22,7.5,10.5,,,,1.2,7.87,12.43,,,,,,,1.22,8.0,13.0,1.2,7.36,11.88,1.36,3.2,1.34,3.25,1.36,3.25,1.34,3.13,-2.0,1.93,1.93,1.94,1.94,1.93,1.95,1.87,1.91,1.2,7.5,11.0,1.22,7.5,10.5,,,,1.19,8.25,14.0,,,,,,,1.22,8.0,14.0,1.2,7.44,12.02,1.33,3.4,1.34,3.31,1.35,3.4,1.34,3.17,-2.0,1.98,1.88,1.97,1.93,1.98,2.04,1.86,1.93,2526,,,,,,,1.22,8.2,14.5,1.38,3.45,1.97,1.97,,,,,,,1.22,8.6,15.0,1.38,3.55,2.04,1.95,1.2,7.5,13.0,1.2,7.5,13.0,1.18,7.5,13.0,1.22,7.5,10.0,1.22,7.5,10.0,1.2,7.5,13.0,1.18,8.0,14.0,1.18,7.5,13.0,1.22,7.5,10.0,1.22,7.5,10.0,,,,,,,,,,,,,,
E0,20/12/2025,15:00,Wolves,Brentford,0,2,A,0,0,D,M Donohue,9,7,2,6,12,15,3,4,2,4,0,0,3.5,3.6,2.05,3.6,3.5,2.05,,,,3.66,3.56,2.08,,,,,,,3.75,3.6,2.1,3.59,3.48,2.05,2.0,1.85,2.05,1.85,2.0,1.91,1.93,1.83,0.5,1.8,2.05,1.83,2.09,1.8,2.05,1.75,1.99,3.4,3.4,2.1,3.3,3.4,2.15,,,,3.47,3.48,2.21,,,,,,,3.55,3.4,2.2,3.42,3.37,2.15,2.0,1.85,2.05,1.86,2.0,1.86,1.96,1.81,0.25,2.03,1.83,2.01,1.91,2.03,1.85,1.95,1.77,2526,,,,,,,3.8,3.65,2.12,2.06,1.9,1.86,2.12,,,,,,,3.65,3.5,2.26,2.1,1.89,2.06,1.93,3.6,3.5,2.1,3.7,3.5,2.06,3.6,3.5,2.05,3.6,3.5,2.05,3.6,3.5,2.0,3.5,3.4,2.2,3.5,3.35,2.18,3.4,3.4,2.15,3.3,3.4,2.15,3.3,3.4,2.15,,,,,,,,,,,,,,
E0,20/12/2025,17:30,Tottenham,Liverpool,1,2,A,0,0,D,J Brooks,15,8,4,4,9,7,2,6,3,3,2,0,3.5,3.75,2.0,3.4,3.7,2.05,,,,3.42,3.8,2.09,,,,,,,3.5,3.85,2.1,3.36,3.71,2.02,1.67,2.2,1.72,2.21,1.67,2.32,1.63,2.2,0.5,1.83,2.03,1.82,2.09,1.83,2.03,1.76,1.97,3.6,3.6,2.0,3.4,3.6,2.05,,,,3.71,3.68,2.05,,,,,,,3.7,3.7,2.1,3.54,3.59,2.02,1.8,2.0,1.83,2.05,1.8,2.07,1.76,2.02,0.5,1.83,2.03,1.87,2.06,1.83,2.03,1.79,1.95,2526,,,,,,,3.55,3.85,2.14,1.73,2.32,1.86,2.14,,,,,,,3.85,3.8,2.08,1.86,2.14,1.91,2.08,3.4,3.75,2.1,3.4,3.85,2.05,3.4,3.75,2.0,3.2,3.5,1.95,3.2,3.5,1.95,3.6,3.6,2.1,3.65,3.6,2.04,3.5,3.7,2.0,3.4,3.6,2.05,3.4,3.6,2.0,,,,,,,,,,,,,,
E0,20/12/2025,20:00,Everton,Arsenal,0,1,A,0,1,A,S Barrott,5,13,1,2,4,5,2,3,2,2,0,0,5.75,4.1,1.57,5.5,3.8,1.62,,,,6.18,4.09,1.58,,,,,,,6.5,4.1,1.62,6.03,3.89,1.57,2.1,1.73,2.16,1.75,2.1,1.77,2.05,1.73,1.0,1.83,2.03,1.87,2.04,1.83,2.03,1.8,1.98,6.25,4.1,1.53,6.0,4.0,1.57,,,,6.65,4.2,1.56,,,,,,,7.0,4.2,1.57,6.26,4.02,1.54,1.95,1.9,2.03,1.88,2.06,1.9,1.94,1.82,1.0,1.93,1.93,1.95,1.97,1.93,1.93,1.86,1.91,2526,,,,,,,6.6,4.2,1.62,2.18,1.82,1.9,2.07,,,,,,,6.8,4.4,1.58,2.08,1.92,1.99,2.0,6.5,4.0,1.57,6.25,3.9,1.6,6.5,3.9,1.55,5.0,3.6,1.57,5.5,3.8,1.61,7.0,4.2,1.53,6.25,4.1,1.56,6.5,4.0,1.53,6.0,4.0,1.57,5.75,3.9,1.57,,,,,,,,,,,,,,
E0,20/12/2025,20:00,Leeds,Crystal Palace,4,1,H,2,0,H,T Bramall,20,9,8,3,5,10,9,5,1,3,0,0,2.6,3.3,2.75,2.55,3.3,2.75,,,,2.66,3.32,2.81,,,,,,,2.7,3.3,2.88,2.6,3.25,2.76,2.1,1.73,2.1,1.79,2.1,1.77,2.05,1.73,0.0,1.88,1.98,1.9,2.01,1.88,1.98,1.83,1.93,2.88,3.1,2.63,2.8,3.1,2.65,,,,2.93,3.11,2.74,,,,,,,2.88,3.13,2.75,2.83,3.06,2.66,2.38,1.57,2.53,1.57,2.5,1.6,2.35,1.57,0.0,2.0,1.85,2.03,1.89,2.0,1.85,1.94,1.82,2526,,,,,,,2.76,3.4,2.9,2.14,1.86,1.94,2.05,,,,,,,2.98,3.2,2.8,2.5,1.66,2.05,1.94,2.63,3.25,2.88,2.65,3.25,2.8,2.6,3.3,2.7,2.5,3.3,2.75,2.5,3.25,2.75,2.88,3.1,2.75,2.85,3.1,2.7,2.88,3.1,2.63,2.8,3.1,2.7,2.8,3.0,2.62,,,,,,,,,,,,,,
E0,21/12/2025,16:30,Aston Villa,Man United,2,1,H,1,1,D,M Oliver,12,15,4,6,11,14,5,5,1,2,0,0,2.1,3.6,3.3,2.1,3.7,3.25,,,,2.08,3.73,3.49,,,,,,,2.15,3.75,3.4,2.1,3.64,3.26,1.67,2.2,1.66,2.31,1.67,2.28,1.63,2.21,-0.25,1.83,2.03,1.81,2.09,1.84,2.03,1.8,1.96,2.0,3.7,3.6,1.98,3.7,3.5,,,,2.04,3.75,3.76,,,,,,,2.15,3.8,3.7,2.01,3.67,3.53,1.67,2.2,1.64,2.33,1.68,2.43,1.61,2.26,-0.5,2.0,1.85,2.04,1.88,2.0,1.85,1.96,1.79,2526,,,,,,,2.16,3.75,3.6,1.68,2.42,1.87,2.12,,,,,,,2.06,3.8,3.85,1.69,2.42,2.08,1.91,2.15,3.75,3.3,2.14,3.7,3.25,2.05,3.6,3.2,2.1,3.7,3.25,2.1,3.6,3.25,2.15,3.75,3.5,2.02,3.7,3.6,2.0,3.8,3.4,2.0,3.7,3.5,2.0,3.7,3.5,,,,,,,,,,,,,,
E0,22/12/2025,20:00,Fulham,Nott'm Forest,1,0,H,1,0,H,A Taylor,11,12,1,2,5,9,1,5,5,4,0,0,2.4,3.25,3.0,2.37,3.4,2.95,,,,2.51,3.29,3.01,,,,,,,2.5,3.4,3.1,2.42,3.27,2.93,2.05,1.8,2.09,1.81,2.1,1.8,1.99,1.76,-0.25,2.1,1.78,2.15,1.78,2.1,1.78,2.06,1.73,2.63,3.3,2.75,2.5,3.4,2.75,,,,2.66,3.35,2.83,,,,,,,2.63,3.4,2.85,2.55,3.33,2.75,1.91,1.91,1.94,1.96,1.91,1.96,1.88,1.88,0.0,1.88,1.98,1.9,2.03,1.88,1.98,1.84,1.92,2526,,,,,,,2.58,3.4,3.05,2.1,1.85,2.21,1.81,,,,,,,2.72,3.45,2.88,2.0,1.98,1.93,2.05,2.4,3.3,3.1,2.48,3.35,2.95,2.38,3.25,2.88,2.37,3.4,2.9,2.37,3.3,2.9,2.6,3.4,2.8,2.55,3.4,2.8,2.55,3.4,2.7,2.5,3.4,2.75,2.5,3.3,2.75,,,,,,,,,,,,,,
E0,26/12/2025,20:00,Man United,Newcastle,1,0,H,1,0,H,A Taylor,10,16,4,3,9,5,2,11,2,1,0,0,2.55,3.6,2.6,2.45,3.6,2.65,,,,2.57,3.71,2.67,,,,,,,2.55,3.75,2.8,2.47,3.58,2.67,1.67,2.2,1.65,2.34,1.67,2.32,1.62,2.22,0.0,1.9,1.95,1.92,1.99,1.9,1.95,1.83,1.92,2.5,3.7,2.6,2.4,3.6,2.7,,,,2.49,3.77,2.71,,,,,,,2.5,3.75,2.75,2.47,3.64,2.66,1.57,2.38,1.62,2.37,1.62,2.45,1.58,2.32,0.0,1.88,1.98,1.88,2.05,1.88,2.0,1.84,1.93,2526,,,,,,,2.64,3.75,2.8,1.69,2.4,1.93,2.05,,,,,,,2.62,3.85,2.78,1.64,2.54,1.93,2.06,2.5,3.6,2.75,2.48,3.55,2.8,2.45,3.6,2.55,2.5,3.6,2.7,2.45,3.5,2.62,2.5,3.6,2.75,2.5,3.75,2.65,2.5,3.75,2.55,2.45,3.6,2.7,2.4,3.6,2.7,,,,,,,,,,,,,,
E0,27/12/2025,12:30,Nott'm Forest,Man City,1,2,A,0,0,D,R Jones,7,16,2,5,5,13,5,5,1,2,0,0,5.0,4.33,1.6,5.0,4.33,1.6,,,,5.26,4.53,1.6,,,,,,,5.6,4.4,1.6,5.21,4.24,1.59,1.67,2.2,1.66,2.31,1.67,2.38,1.62,2.23,1.0,1.85,2.0,1.85,2.07,1.87,2.0,1.83,1.94,5.0,4.2,1.62,4.6,4.2,1.65,,,,5.55,4.15,1.64,,,,,,,5.6,4.2,1.65,5.17,4.16,1.61,1.62,2.3,1.61,2.43,1.66,2.38,1.6,2.28,1.0,1.75,2.05,1.81,2.12,1.87,2.05,1.82,1.96,2526,,,,,,,5.8,4.6,1.63,1.7,2.38,1.89,2.1,,,,,,,5.8,4.3,1.67,1.66,2.5,1.84,2.14,5.5,4.2,1.6,5.6,4.3,1.6,5.25,4.1,1.57,5.0,4.33,1.6,4.8,4.33,1.6,5.5,4.2,1.62,5.6,4.2,1.6,5.25,4.2,1.6,4.6,4.2,1.65,4.6,4.2,1.65,,,,,,,,,,,,,,
E0,27/12/2025,15:00,Arsenal,Brighton,2,1,H,1,0,H,J Brooks,24,8,6,3,7,13,7,2,2,3,0,0,1.42,4.75,7.0,1.43,4.8,6.75,,,,1.39,5.09,8.08,,,,,,,1.44,5.0,8.0,1.41,4.73,7.34,1.67,2.2,1.66,2.3,1.67,2.25,1.64,2.2,-1.25,1.9,1.95,1.89,2.01,1.9,1.95,1.86,1.9,1.33,5.5,8.0,1.34,5.75,8.0,,,,1.33,5.65,9.7,,,,,,,1.36,5.75,10.0,1.32,5.45,8.87,1.53,2.5,1.58,2.46,1.55,2.6,1.53,2.45,-1.5,1.9,1.95,1.95,1.97,1.91,1.95,1.84,1.87,2526,,,,,,,1.43,5.1,9.0,1.74,2.3,1.91,1.99,,,,,,,1.35,5.9,10.5,1.6,2.62,1.97,2.02,1.44,4.6,8.0,1.43,4.7,8.0,1.36,4.75,7.5,1.44,4.8,7.0,1.44,4.8,6.5,1.33,5.5,10.0,1.35,5.3,8.5,1.29,5.75,10.0,1.33,5.75,8.0,1.33,5.5,8.0,,,,,,,,,,,,,,
E0,27/12/2025,15:00,Brentford,Bournemouth,4,1,H,2,0,H,P Bankes,15,20,7,10,9,8,2,15,2,2,0,0,2.25,3.6,3.0,2.25,3.6,2.95,,,,2.31,3.67,3.05,,,,,,,2.32,3.75,3.1,2.25,3.57,2.98,1.67,2.2,1.7,2.24,1.73,2.2,1.69,2.11,-0.25,1.98,1.88,2.02,1.89,1.98,1.88,1.95,1.83,2.25,3.4,3.2,2.25,3.5,3.0,,,,2.32,3.59,3.15,,,,,,,2.33,3.6,3.2,2.28,3.47,3.04,1.93,1.93,1.87,2.05,1.93,2.12,1.8,1.98,-0.25,1.98,1.88,2.01,1.91,2.0,1.88,1.95,1.82,2526,,,,,,,2.38,3.7,3.2,1.74,2.32,2.05,1.93,,,,,,,2.36,3.65,3.25,1.96,2.02,2.05,1.94,2.3,3.6,3.1,2.32,3.6,3.0,2.2,3.6,2.9,2.3,3.6,3.0,2.25,3.5,2.9,2.3,3.5,3.1,2.32,3.55,3.0,2.25,3.5,3.1,2.25,3.5,3.0,2.25,3.4,3.0,,,,,,,,,,,,,,
E0,27/12/2025,15:00,Burnley,Everton,0,0,D,0,0,D,C Pawson,16,15,0,6,8,8,6,5,0,2,0,0,4.1,3.4,1.95,4.0,3.25,2.0,,,,4.12,3.35,2.03,,,,,,,4.25,3.5,2.0,4.03,3.33,1.96,2.2,1.67,2.28,1.68,2.2,1.71,2.16,1.66,0.5,1.88,1.98,1.87,2.04,1.88,1.98,1.82,1.92,3.6,3.1,2.2,3.75,3.1,2.15,,,,3.74,3.25,2.21,,,,,,,3.8,3.2,2.2,3.66,3.1,2.18,2.63,1.5,2.5,1.57,2.63,1.58,2.41,1.55,0.25,1.98,1.88,2.04,1.88,1.98,1.88,1.95,1.77,2526,,,,,,,4.2,3.45,2.1,2.28,1.72,1.9,2.1,,,,,,,3.85,3.25,2.3,2.6,1.61,2.05,1.94,4.2,3.4,1.95,4.25,3.5,1.93,3.9,3.25,1.95,4.0,3.25,2.0,3.9,3.25,2.0,3.75,3.2,2.2,3.75,3.1,2.18,3.6,3.13,2.2,3.8,3.1,2.15,3.75,3.0,2.15,,,,,,,,,,,,,,
E0,27/12/2025,15:00,Liverpool,Wolves,2,1,H,2,0,H,S Hooper,14,9,4,4,5,13,6,4,0,1,0,0,1.25,6.5,10.0,1.24,6.75,10.5,,,,1.23,7.02,11.7,,,,,,,1.25,6.75,13.0,1.24,6.31,11.25,1.5,2.63,1.48,2.65,1.5,2.75,1.46,2.62,-1.75,1.88,1.98,1.92,1.97,1.88,1.98,1.83,1.94,1.22,7.0,11.0,1.25,6.5,9.5,,,,1.25,6.61,11.61,,,,,,,1.26,7.0,13.0,1.24,6.43,11.22,1.44,2.75,1.47,2.73,1.48,2.8,1.45,2.7,-1.75,1.88,1.98,1.93,1.97,1.88,2.05,1.81,1.97,2526,,,,,,,1.25,7.6,14.0,1.54,2.76,1.92,2.04,,,,,,,1.26,7.4,13.5,1.5,2.98,1.94,2.04,1.25,6.5,13.0,1.24,6.5,12.0,1.22,6.0,12.0,1.25,6.5,10.0,1.25,6.5,10.0,1.25,6.5,12.0,1.23,6.75,13.0,1.22,6.5,12.0,1.25,6.5,9.5,1.25,6.5,9.5,,,,,,,,,,,,,,
E0,27/12/2025,15:00,West Ham,Fulham,0,1,A,0,0,D,C Kavanagh,11,15,2,4,8,8,5,4,1,3,0,0,2.63,3.4,2.6,2.65,3.4,2.55,,,,2.69,3.49,2.67,,,,,,,2.8,3.5,2.75,2.65,3.38,2.59,1.8,2.0,1.81,2.08,1.83,2.04,1.78,1.98,0.0,1.95,1.9,1.96,1.94,1.95,1.91,1.9,1.87,3.0,3.3,2.35,2.85,3.4,2.4,,,,3.06,3.38,2.47,,,,,,,3.1,3.4,2.45,2.98,3.33,2.39,1.95,1.9,2.0,1.9,1.95,2.0,1.86,1.9,0.25,1.8,2.05,1.82,2.13,1.8,2.05,1.77,1.96,2526,,,,,,,2.8,3.5,2.74,1.84,2.1,2.01,1.96,,,,,,,3.1,3.5,2.5,2.02,1.96,1.85,2.16,2.63,3.4,2.75,2.75,3.45,2.55,2.6,3.4,2.5,2.62,3.4,2.6,2.62,3.4,2.6,3.0,3.4,2.4,3.0,3.4,2.43,3.1,3.25,2.38,2.87,3.4,2.4,2.87,3.4,2.4,,,,,,,,,,,,,,
E0,27/12/2025,17:30,Chelsea,Aston Villa,1,2,A,1,0,H,S Attwell,14,11,3,8,16,8,6,7,5,3,0,0,1.83,3.9,4.0,1.83,3.9,3.9,,,,1.85,3.95,4.1,,,,,,,1.89,4.0,4.2,1.84,3.82,3.97,1.67,2.2,1.72,2.2,1.72,2.2,1.68,2.12,-0.5,1.85,2.0,1.87,2.05,1.9,2.0,1.8,1.93,1.75,4.0,4.2,1.77,3.9,4.2,,,,1.79,4.14,4.31,,,,,,,1.81,4.0,4.33,1.77,3.94,4.23,1.67,2.2,1.7,2.25,1.71,2.25,1.67,2.16,-0.75,1.98,1.88,2.03,1.9,1.98,1.88,1.95,1.82,2526,,,,,,,1.92,4.0,4.3,1.74,2.28,1.92,2.07,,,,,,,1.83,4.3,4.5,1.71,2.38,2.06,1.93,1.83,4.0,4.2,1.87,3.85,4.0,1.8,3.75,4.0,1.83,3.9,3.9,1.83,3.9,3.9,1.8,4.0,4.33,1.8,3.9,4.3,1.75,4.0,4.33,1.75,3.9,4.2,1.75,3.9,4.2,,,,,,,,,,,,,,
E0,28/12/2025,14:00,Sunderland,Leeds,1,1,D,1,0,H,T Harrington,8,17,3,6,7,9,3,9,1,0,0,0,2.5,3.1,2.88,2.5,3.25,2.85,,,,2.63,3.31,2.86,,,,,,,2.7,3.25,2.88,2.56,3.18,2.8,2.2,1.67,2.31,1.66,2.28,1.67,2.19,1.64,0.0,1.83,2.03,1.87,2.04,1.85,2.03,1.79,1.96,2.9,3.2,2.55,2.75,3.1,2.65,,,,3.01,3.15,2.65,,,,,,,2.9,3.2,2.75,2.84,3.1,2.63,2.38,1.57,2.43,1.6,2.38,1.62,2.31,1.58,0.0,2.05,1.8,2.1,1.84,2.05,1.85,1.98,1.78,2526,,,,,,,2.68,3.35,2.98,2.28,1.74,1.89,2.1,,,,,,,3.0,3.2,2.76,2.5,1.65,2.08,1.9,2.63,3.2,2.88,2.7,3.2,2.8,2.55,3.13,2.75,2.5,3.25,2.8,2.5,3.2,2.8,2.88,3.1,2.75,2.88,3.1,2.7,2.88,3.2,2.55,2.75,3.1,2.7,2.75,3.1,2.62,,,,,,,,,,,,,,
E0,28/12/2025,16:30,Crystal Palace,Tottenham,0,1,A,0,1,A,J Gillett,15,8,2,4,7,5,3,2,3,2,0,0,2.25,3.25,3.2,2.25,3.4,3.1,,,,2.29,3.34,3.36,,,,,,,2.3,3.45,3.35,2.25,3.33,3.19,2.0,1.8,2.05,1.85,2.02,1.83,1.96,1.8,-0.25,1.98,1.88,1.97,1.93,1.98,1.91,1.9,1.87,2.2,3.4,3.25,2.2,3.4,3.2,,,,2.29,3.45,3.33,,,,,,,2.25,3.45,3.3,2.23,3.38,3.22,1.93,1.93,1.97,1.93,1.93,2.0,1.86,1.91,-0.25,1.95,1.9,1.97,1.95,1.95,1.9,1.91,1.86,2526,,,,,,,2.36,3.45,3.45,2.08,1.9,2.01,1.96,,,,,,,2.34,3.55,3.35,2.0,1.97,2.01,1.97,2.3,3.4,3.25,2.23,3.45,3.3,2.25,3.3,3.1,2.25,3.4,3.1,2.25,3.4,3.1,2.25,3.4,3.3,2.25,3.45,3.25,2.25,3.3,3.25,2.2,3.4,3.25,2.2,3.4,3.2,,,,,,,,,,,,,,
E0,30/12/2025,19:30,Burnley,Newcastle,1,3,A,1,2,A,R Jones,15,20,4,9,9,3,3,4,2,1,0,0,5.25,4.2,1.6,5.5,3.9,1.61,,,,5.67,4.28,1.61,,,,,,,5.75,4.35,1.62,5.5,4.11,1.59,1.8,2.0,1.83,2.06,1.8,2.05,1.77,2.0,1.0,1.83,2.03,1.88,2.06,1.83,2.03,1.81,1.97,5.5,4.2,1.57,5.75,3.9,1.6,,,,6.0,4.4,1.57,,,,,,,6.0,4.33,1.6,5.71,4.12,1.56,1.8,2.0,1.79,2.11,1.83,2.06,1.77,2.01,1.0,1.85,2.0,1.91,2.01,1.9,2.0,1.85,1.93,2526,,,,,,,5.9,4.3,1.65,1.87,2.12,1.88,2.09,,,,,,,6.2,4.5,1.61,1.83,2.18,1.93,2.03,5.5,4.2,1.57,5.6,4.35,1.58,5.75,4.1,1.57,5.5,3.9,1.61,5.5,3.9,1.61,5.5,4.2,1.57,6.0,4.3,1.56,6.0,4.1,1.55,5.5,3.9,1.55,5.5,3.9,1.55,,,,,,,,,,,,,,
E0,30/12/2025,19:30,Chelsea,Bournemouth,2,2,D,2,2,D,S Barrott,17,17,3,6,5,12,12,3,1,1,0,0,1.5,4.75,5.75,1.53,4.6,5.5,,,,1.53,4.74,5.95,,,,,,,1.53,4.75,6.5,1.51,4.56,5.81,1.5,2.63,1.51,2.68,1.5,2.7,1.49,2.58,-1.0,1.78,2.03,1.84,2.1,1.83,2.05,1.78,2.0,1.62,4.5,5.0,1.57,4.5,5.0,,,,1.59,4.5,5.6,,,,,,,1.62,4.6,5.8,1.56,4.45,5.25,1.4,3.0,1.47,2.8,1.5,3.0,1.45,2.7,-1.0,1.98,1.88,1.98,1.94,1.98,1.94,1.87,1.9,2526,,,,,,,1.54,4.9,6.6,1.53,2.82,1.85,2.13,,,,,,,1.65,4.5,5.6,1.49,3.0,2.03,1.94,1.5,4.6,6.5,1.52,4.5,6.25,1.5,4.6,5.75,1.53,4.6,5.5,1.53,4.6,5.25,1.57,4.5,5.5,1.56,4.5,5.75,1.57,4.6,5.0,1.53,4.5,5.0,1.53,4.4,5.0,,,,,,,,,,,,,,
E0,30/12/2025,19:30,Nott'm Forest,Everton,0,2,A,0,1,A,M Oliver,21,11,6,3,11,9,9,2,1,0,0,0,2.1,3.25,3.7,2.1,3.2,3.7,,,,2.13,3.31,3.88,,,,,,,2.2,3.25,3.8,2.12,3.21,3.7,2.3,1.62,2.4,1.64,2.33,1.62,2.28,1.6,-0.25,1.8,2.05,1.83,2.11,1.81,2.05,1.79,1.99,1.83,3.5,4.2,1.93,3.4,4.2,,,,1.92,3.49,4.54,,,,,,,1.95,3.5,4.4,1.9,3.37,4.29,2.2,1.67,2.3,1.68,2.3,1.67,2.21,1.65,-0.5,1.85,2.0,1.93,2.0,1.91,2.0,1.83,1.89,2526,,,,,,,2.2,3.3,4.0,2.42,1.69,1.87,2.12,,,,,,,1.97,3.6,4.6,2.34,1.72,1.97,2.02,2.2,3.2,3.75,2.15,3.25,3.75,2.1,3.25,3.7,2.1,3.2,3.7,2.1,3.2,3.6,1.95,3.4,4.33,1.94,3.35,4.4,1.83,3.5,4.4,1.91,3.4,4.2,1.91,3.3,4.2,,,,,,,,,,,,,,
E0,30/12/2025,19:30,West Ham,Brighton,2,2,D,2,1,H,M Salisbury,10,16,4,6,11,18,5,5,3,5,0,0,3.4,3.75,2.0,3.25,3.6,2.1,,,,3.6,3.82,2.05,,,,,,,3.6,3.75,2.1,3.41,3.67,2.04,1.67,2.2,1.69,2.29,1.67,2.25,1.65,2.19,0.5,1.8,2.05,1.88,2.06,1.81,2.05,1.76,1.98,3.4,3.7,2.1,3.25,3.6,2.1,,,,3.53,3.65,2.12,,,,,,,3.4,3.75,2.15,3.32,3.59,2.1,1.73,2.1,1.75,2.19,1.75,2.3,1.69,2.13,0.25,2.03,1.83,2.09,1.85,2.03,1.83,1.98,1.75,2526,,,,,,,3.65,3.9,2.1,1.73,2.32,1.89,2.11,,,,,,,3.55,3.75,2.18,1.76,2.28,2.09,1.89,3.25,3.6,2.1,3.55,3.7,2.04,3.4,3.7,2.05,3.25,3.6,2.1,3.25,3.6,2.1,3.4,3.6,2.15,3.35,3.75,2.1,3.3,3.6,2.1,3.25,3.6,2.1,3.25,3.6,2.1,,,,,,,,,,,,,,
E0,30/12/2025,20:15,Arsenal,Aston Villa,4,1,H,0,0,D,D England,22,11,7,3,18,9,3,3,2,3,0,0,1.42,4.75,7.0,1.44,4.75,6.5,,,,1.43,4.97,7.51,,,,,,,1.45,5.0,7.5,1.43,4.68,7.02,1.67,2.2,1.69,2.26,1.68,2.23,1.67,2.17,-1.25,1.93,1.93,1.96,1.96,1.96,1.93,1.91,1.87,1.36,5.25,7.5,1.4,5.0,7.0,,,,1.37,5.5,8.25,,,,,,,1.4,5.25,9.0,1.37,5.03,7.76,1.67,2.2,1.73,2.2,1.71,2.25,1.66,2.17,-1.25,1.83,2.03,1.83,2.09,1.87,2.03,1.8,1.97,2526,,,,,,,1.47,5.0,8.0,1.74,2.32,2.0,1.96,,,,,,,1.41,5.6,8.6,1.76,2.28,1.9,2.09,1.44,4.6,7.0,1.44,4.7,7.5,1.4,5.0,7.0,1.44,4.8,6.5,1.44,4.6,6.5,1.36,5.0,9.0,1.37,5.1,8.5,1.36,5.25,7.5,1.36,5.0,7.0,1.36,5.0,7.0,,,,,,,,,,,,,,
E0,30/12/2025,20:15,Man United,Wolves,1,1,D,1,1,D,T Bramall,15,11,6,4,9,12,8,4,0,2,0,0,1.36,5.25,8.0,1.37,5.25,7.5,,,,1.37,5.38,8.33,,,,,,,1.4,5.25,9.0,1.37,5.06,8.09,1.62,2.3,1.62,2.34,1.63,2.4,1.58,2.32,-1.25,1.83,2.03,1.85,2.08,1.83,2.08,1.77,2.02,1.36,5.25,7.0,1.4,5.0,7.0,,,,1.38,5.4,8.25,,,,,,,1.4,5.25,8.5,1.37,5.04,7.63,1.53,2.5,1.54,2.61,1.57,2.55,1.53,2.45,-1.25,1.85,2.0,1.87,2.06,1.85,2.06,1.77,2.01,2526,,,,,,,1.39,5.5,9.4,1.66,2.48,1.88,2.09,,,,,,,1.42,5.4,8.6,1.59,2.66,1.92,2.05,1.4,5.0,8.5,1.37,5.1,9.0,1.36,5.0,8.0,1.36,5.25,7.5,1.36,5.25,7.5,1.4,5.0,8.5,1.37,5.2,8.5,1.36,5.0,8.0,1.36,5.0,7.0,1.36,5.0,7.0,,,,,,,,,,,,,,
E0,01/01/2026,17:30,Crystal Palace,Fulham,1,1,D,1,0,H,T Harrington,11,17,2,5,7,10,6,3,0,5,0,0,2.15,3.3,3.4,2.15,3.4,3.3,,,,2.2,3.34,3.59,,,,,,,2.2,3.4,3.5,2.17,3.34,3.4,2.1,1.73,2.11,1.79,2.1,1.78,2.01,1.74,-0.25,1.88,1.98,1.88,2.02,1.88,1.98,1.83,1.94,2.2,3.25,3.4,2.2,3.25,3.3,,,,2.29,3.31,3.47,,,,,,,2.28,3.4,3.5,2.22,3.27,3.34,2.1,1.73,2.15,1.77,2.1,1.82,2.06,1.73,-0.25,1.9,1.95,1.96,1.96,1.91,1.95,1.88,1.9,2526,,,,,,,2.28,3.45,3.6,2.16,1.84,1.95,2.03,,,,,,,2.38,3.35,3.5,2.18,1.83,2.02,1.95,2.2,3.3,3.5,2.17,3.4,3.5,2.15,3.4,3.4,2.15,3.4,3.3,2.15,3.4,3.3,2.25,3.3,3.4,2.25,3.35,3.35,2.2,3.4,3.3,2.2,3.25,3.3,2.2,3.2,3.3,,,,,,,,,,,,,,
E0,01/01/2026,17:30,Liverpool,Leeds,0,0,D,0,0,D,C Kavanagh,19,4,4,2,10,8,8,3,0,2,0,0,1.55,4.5,5.5,1.53,4.5,5.5,,,,1.55,4.45,5.94,,,,,,,1.55,4.6,6.4,1.53,4.41,5.83,1.62,2.3,1.64,2.35,1.62,2.38,1.59,2.29,-1.0,1.88,1.98,1.93,1.97,1.91,2.02,1.83,1.95,1.48,4.5,6.5,1.49,4.5,6.5,,,,1.48,4.65,7.25,,,,,,,1.5,4.6,7.0,1.47,4.45,6.68,1.73,2.1,1.77,2.15,1.75,2.25,1.69,2.13,-1.0,1.75,2.05,1.82,2.13,1.77,2.07,1.74,2.05,2526,,,,,,,1.57,4.7,6.6,1.65,2.5,1.93,2.05,,,,,,,1.51,4.7,7.8,1.8,2.22,1.84,2.16,1.53,4.5,6.0,1.5,4.6,6.4,1.53,4.4,5.75,1.53,4.5,5.5,1.53,4.4,5.5,1.5,4.5,7.0,1.48,4.5,6.75,1.45,4.5,7.0,1.48,4.5,6.5,1.48,4.4,6.5,,,,,,,,,,,,,,
E0,01/01/2026,20:00,Brentford,Tottenham,0,0,D,0,0,D,A Madley,7,9,2,3,8,10,3,1,1,2,0,0,2.1,3.6,3.2,2.1,3.5,3.3,,,,2.18,3.49,3.48,,,,,,,2.15,3.6,3.5,2.11,3.49,3.35,1.93,1.93,1.95,1.93,1.93,1.96,1.87,1.88,-0.25,1.85,2.0,1.88,2.03,1.85,2.0,1.81,1.96,2.4,3.5,2.88,2.35,3.4,2.95,,,,2.52,3.45,2.94,,,,,,,2.5,3.55,3.0,2.4,3.4,2.91,1.98,1.88,2.04,1.88,2.0,1.94,1.91,1.86,0.0,1.73,2.08,1.82,2.13,1.8,2.08,1.74,2.02,2526,,,,,,,2.22,3.7,3.55,2.0,1.98,1.9,2.08,,,,,,,2.54,3.5,3.05,2.08,1.92,1.83,2.19,2.15,3.5,3.5,2.14,3.55,3.4,2.15,3.5,3.3,2.1,3.5,3.3,2.1,3.5,3.3,2.5,3.3,3.0,2.38,3.5,3.0,2.45,3.4,2.8,2.3,3.4,3.0,2.3,3.4,2.9,,,,,,,,,,,,,,
E0,01/01/2026,20:00,Sunderland,Man City,0,0,D,0,0,D,J Gillett,10,14,4,4,9,6,3,5,1,1,0,0,7.5,4.75,1.38,7.25,4.6,1.42,,,,7.71,5.15,1.4,,,,,,,8.5,5.0,1.44,7.81,4.82,1.39,1.62,2.3,1.67,2.3,1.65,2.3,1.62,2.22,1.25,2.0,1.85,2.04,1.88,2.0,1.86,1.95,1.82,7.0,5.0,1.42,6.5,4.6,1.46,,,,7.75,4.9,1.44,,,,,,,8.0,5.0,1.46,7.23,4.7,1.42,1.62,2.3,1.69,2.27,1.68,2.3,1.63,2.24,1.25,1.88,1.98,1.89,2.04,1.93,1.98,1.86,1.92,2526,,,,,,,8.8,5.2,1.43,1.7,2.36,2.03,1.92,,,,,,,8.2,5.1,1.46,1.7,2.4,1.92,2.06,8.5,5.0,1.4,8.5,4.9,1.4,8.0,5.0,1.36,7.5,4.6,1.44,7.0,4.6,1.4,8.0,4.6,1.44,7.5,4.8,1.43,7.5,4.8,1.4,6.5,4.6,1.44,6.5,4.6,1.44,,,,,,,,,,,,,,
E0,03/01/2026,12:30,Aston Villa,Nott'm Forest,3,1,H,1,0,H,S Hooper,11,10,4,5,10,20,4,4,1,2,0,0,1.75,3.9,4.5,1.77,3.75,4.4,,,,1.76,3.86,4.83,,,,,,,1.8,3.9,4.75,1.76,3.74,4.54,1.8,2.0,1.83,2.05,1.85,2.0,1.8,1.97,-0.75,1.98,1.88,1.98,1.93,2.0,1.88,1.94,1.83,1.91,3.5,4.0,1.9,3.6,4.0,,,,1.96,3.49,4.29,,,,,,,1.95,3.6,4.4,1.9,3.51,4.1,1.88,1.98,1.93,1.98,1.91,2.0,1.83,1.93,-0.5,1.93,1.93,1.97,1.95,1.93,1.95,1.86,1.88,2526,,,,,,,1.8,3.95,5.0,1.88,2.1,2.02,1.94,,,,,,,1.98,3.55,4.6,1.94,2.04,1.97,2.02,1.8,3.75,4.6,1.77,3.8,4.7,1.73,3.8,4.6,1.75,3.75,4.4,1.75,3.7,4.4,1.91,3.6,4.2,1.91,3.5,4.35,1.95,3.6,3.8,1.91,3.6,4.0,1.91,3.5,4.0,,,,,,,,,,,,,,
E0,03/01/2026,15:00,Brighton,Burnley,2,0,H,1,0,H,T Robinson,15,5,4,3,7,17,4,4,0,4,0,0,1.48,4.33,7.0,1.49,4.4,6.25,,,,1.5,4.54,6.59,,,,,,,1.5,4.5,7.0,1.49,4.35,6.56,1.73,2.1,1.72,2.21,1.76,2.15,1.7,2.1,-1.0,1.75,2.05,1.81,2.1,1.83,2.05,1.77,2.01,1.44,4.5,7.0,1.47,4.6,6.25,,,,1.47,4.6,7.55,,,,,,,1.48,4.6,7.5,1.45,4.51,7.0,1.73,2.1,1.74,2.19,1.73,2.28,1.67,2.16,-1.25,2.03,1.83,2.08,1.85,2.03,1.9,1.94,1.83,2526,,,,,,,1.51,4.7,7.4,1.76,2.26,1.81,2.18,,,,,,,1.49,4.8,8.2,1.74,2.32,2.12,1.88,1.5,4.5,7.0,1.49,4.35,7.0,1.5,4.4,6.5,1.5,4.4,6.5,1.5,4.33,6.0,1.44,4.6,7.5,1.45,4.6,7.5,1.44,4.5,7.0,1.48,4.6,6.5,1.44,4.5,6.5,,,,,,,,,,,,,,
E0,03/01/2026,15:00,Wolves,West Ham,3,0,H,3,0,H,P Bankes,11,6,8,0,11,10,6,7,1,0,0,0,2.5,3.3,2.88,2.5,3.4,2.75,,,,2.53,3.44,2.88,,,,,,,2.52,3.5,2.95,2.48,3.37,2.82,1.98,1.88,1.99,1.9,1.98,1.91,1.91,1.85,0.0,1.8,2.05,1.83,2.09,1.83,2.05,1.77,1.99,2.6,3.4,2.63,2.6,3.4,2.65,,,,2.73,3.4,2.72,,,,,,,2.7,3.5,2.75,2.63,3.36,2.66,1.9,1.95,1.89,2.01,1.96,2.1,1.86,1.91,0.0,1.93,1.93,1.96,1.96,1.93,1.93,1.89,1.88,2526,,,,,,,2.62,3.45,2.98,2.04,1.93,1.87,2.12,,,,,,,2.76,3.55,2.76,1.93,2.06,1.97,2.02,2.5,3.4,2.88,2.45,3.4,2.95,2.5,3.4,2.8,2.5,3.4,2.75,2.45,3.4,2.75,2.63,3.4,2.75,2.65,3.3,2.75,2.63,3.5,2.6,2.6,3.4,2.62,2.6,3.4,2.62,,,,,,,,,,,,,,
E0,03/01/2026,17:30,Bournemouth,Arsenal,2,3,A,1,1,D,C Kavanagh,15,12,3,5,13,8,7,5,3,1,0,0,6.5,4.75,1.44,6.0,4.4,1.52,,,,6.16,5.04,1.48,,,,,,,6.5,5.0,1.53,6.13,4.57,1.48,1.62,2.3,1.65,2.34,1.66,2.3,1.62,2.22,1.25,1.75,2.05,1.81,2.12,1.75,2.07,1.73,2.04,6.0,4.5,1.5,5.75,4.4,1.53,,,,6.3,4.55,1.53,,,,,,,6.5,4.6,1.54,5.95,4.43,1.51,1.62,2.3,1.65,2.31,1.66,2.4,1.61,2.27,1.0,1.93,1.93,2.01,1.92,2.07,1.93,1.98,1.81,2526,,,,,,,6.6,5.1,1.53,1.7,2.38,1.82,2.2,,,,,,,6.6,4.8,1.55,1.72,2.38,2.06,1.93,6.0,4.6,1.5,6.25,4.6,1.52,6.5,4.5,1.45,6.0,4.4,1.53,5.75,4.33,1.5,6.5,4.5,1.5,6.25,4.6,1.49,6.0,4.5,1.5,5.75,4.4,1.53,5.5,4.4,1.53,,,,,,,,,,,,,,
E0,04/01/2026,12:30,Leeds,Man United,1,1,D,0,0,D,J Gillett,11,15,3,2,9,9,6,4,0,1,0,0,2.7,3.3,2.63,2.7,3.5,2.5,,,,2.71,3.57,2.61,,,,,,,2.8,3.5,2.63,2.68,3.44,2.56,1.83,2.03,1.85,2.05,1.85,2.03,1.8,1.96,0.0,1.98,1.88,1.99,1.92,1.98,1.88,1.92,1.84,2.8,3.2,2.6,2.65,3.3,2.6,,,,2.77,3.4,2.68,,,,,,,2.8,3.4,2.65,2.73,3.3,2.59,2.0,1.8,2.04,1.87,2.0,1.87,1.95,1.82,0.0,2.0,1.85,1.99,1.93,2.0,1.87,1.94,1.82,2526,,,,,,,2.82,3.6,2.7,1.89,2.08,2.03,1.95,,,,,,,2.86,3.5,2.72,2.06,1.93,2.05,1.94,2.8,3.4,2.6,2.7,3.5,2.6,2.63,3.5,2.6,2.7,3.5,2.5,2.7,3.5,2.5,2.8,3.3,2.63,2.75,3.35,2.63,2.7,3.4,2.55,2.7,3.3,2.6,2.62,3.3,2.6,,,,,,,,,,,,,,
E0,04/01/2026,15:00,Everton,Brentford,2,4,A,0,1,A,A Taylor,14,11,6,7,9,8,4,5,0,2,0,0,2.35,3.25,3.1,2.35,3.25,3.0,,,,2.45,3.16,3.24,,,,,,,2.4,3.25,3.25,2.36,3.19,3.1,2.2,1.67,2.25,1.69,2.3,1.67,2.19,1.64,-0.25,2.03,1.83,2.09,1.83,2.03,1.83,1.98,1.79,2.45,3.2,3.1,2.45,3.1,3.0,,,,2.53,3.24,3.09,,,,,,,2.55,3.3,3.15,2.46,3.16,3.01,2.2,1.67,2.21,1.73,2.2,1.73,2.15,1.68,-0.25,2.1,1.78,2.16,1.79,2.1,1.78,2.05,1.74,2526,,,,,,,2.5,3.3,3.25,2.32,1.74,2.13,1.86,,,,,,,2.54,3.3,3.25,2.28,1.77,2.16,1.85,2.4,3.2,3.25,2.38,3.25,3.2,2.3,3.2,3.0,2.37,3.25,3.0,2.37,3.25,3.0,2.5,3.25,3.0,2.5,3.1,3.1,2.4,3.25,3.0,2.45,3.1,3.0,2.45,3.1,3.0,,,,,,,,,,,,,,
E0,04/01/2026,15:00,Newcastle,Crystal Palace,2,0,H,0,0,D,J Brooks,12,11,7,1,5,12,8,6,1,3,0,0,1.7,3.9,4.75,1.68,3.9,4.8,,,,1.71,4.04,4.86,,,,,,,1.7,4.1,5.3,1.67,3.92,4.89,1.8,2.0,1.81,2.08,1.8,2.12,1.75,2.02,-0.75,1.88,1.98,1.93,1.98,1.88,2.0,1.81,1.96,1.67,4.1,4.75,1.7,3.9,4.75,,,,1.69,4.0,5.19,,,,,,,1.73,4.1,5.1,1.68,3.93,4.9,1.73,2.1,1.78,2.13,1.75,2.2,1.71,2.09,-0.75,1.85,2.0,1.9,2.03,1.86,2.0,1.82,1.96,2526,,,,,,,1.72,4.1,5.3,1.84,2.1,1.92,2.03,,,,,,,1.73,4.1,5.3,1.79,2.24,1.93,2.04,1.7,4.0,5.0,1.65,4.1,5.3,1.65,3.8,4.8,1.7,3.9,4.8,1.67,3.9,4.8,1.73,4.0,5.0,1.7,3.9,5.1,1.65,4.1,5.0,1.7,3.9,4.8,1.7,3.9,4.6,,,,,,,,,,,,,,
E0,04/01/2026,15:00,Tottenham,Sunderland,1,1,D,1,0,H,S Attwell,13,10,5,3,10,6,3,5,2,3,0,0,1.8,3.6,4.5,1.82,3.7,4.2,,,,1.83,3.85,4.39,,,,,,,1.84,3.8,4.7,1.8,3.65,4.37,2.0,1.8,2.11,1.78,2.05,1.8,2.0,1.77,-0.5,1.8,2.05,1.83,2.09,1.83,2.05,1.76,1.97,1.95,3.5,3.9,1.95,3.4,3.9,,,,2.01,3.46,4.22,,,,,,,2.02,3.5,4.2,1.97,3.39,3.95,2.1,1.73,2.16,1.76,2.25,1.75,2.09,1.72,-0.5,1.98,1.88,2.01,1.92,1.98,1.88,1.9,1.83,2526,,,,,,,1.86,3.85,4.8,2.1,1.86,1.86,2.15,,,,,,,2.04,3.5,4.3,2.2,1.82,2.04,1.94,1.8,3.6,4.5,1.79,3.75,4.7,1.8,3.5,4.4,1.83,3.7,4.2,1.83,3.7,4.2,2.0,3.5,4.0,2.02,3.4,4.0,2.0,3.4,3.9,1.95,3.4,3.9,1.95,3.4,3.9,,,,,,,,,,,,,,
E0,04/01/2026,15:15,Fulham,Liverpool,2,2,D,1,0,H,C Pawson,8,10,2,2,11,4,3,8,1,1,0,0,3.8,3.75,1.91,3.7,3.75,1.93,,,,3.75,3.84,1.97,,,,,,,3.95,3.8,1.96,3.74,3.68,1.92,1.8,2.0,1.85,2.05,1.82,2.02,1.77,2.0,0.5,1.9,1.95,1.93,1.98,1.9,1.95,1.85,1.88,4.0,3.75,1.85,3.9,3.6,1.9,,,,4.39,3.67,1.91,,,,,,,4.25,3.75,1.91,4.07,3.61,1.88,1.85,2.0,1.99,1.92,1.95,2.0,1.87,1.89,0.5,1.98,1.88,2.01,1.91,1.98,1.88,1.91,1.82,2526,,,,,,,3.9,3.85,2.02,1.87,2.08,1.94,2.03,,,,,,,4.5,3.75,1.94,2.02,1.96,2.06,1.93,3.75,3.75,1.95,3.95,3.65,1.94,3.7,3.6,1.91,3.7,3.75,1.91,3.7,3.7,1.91,4.2,3.6,1.91,4.2,3.65,1.89,4.1,3.7,1.85,3.9,3.6,1.91,3.9,3.6,1.91,,,,,,,,,,,,,,
E0,04/01/2026,17:30,Man City,Chelsea,1,1,D,1,0,H,M Oliver,14,8,3,3,12,14,8,2,3,3,0,0,1.6,4.75,4.5,1.66,4.4,4.4,,,,1.65,4.66,4.64,,,,,,,1.67,4.75,5.1,1.63,4.39,4.66,1.5,2.63,1.5,2.67,1.5,2.63,1.49,2.55,-0.75,1.78,2.03,1.83,2.08,1.78,2.07,1.74,2.02,1.5,5.0,5.5,1.49,5.0,5.5,,,,1.48,5.05,6.35,,,,,,,1.5,5.0,6.5,1.47,4.9,5.88,1.36,3.2,1.38,3.15,1.4,3.2,1.37,3.02,-1.25,2.0,1.85,2.02,1.91,2.0,1.9,1.93,1.84,2526,,,,,,,1.68,4.7,5.1,1.55,2.72,1.85,2.14,,,,,,,1.5,5.2,6.8,1.41,3.4,2.04,1.95,1.67,4.33,5.0,1.62,4.35,5.1,1.62,4.2,4.6,1.67,4.4,4.4,1.65,4.33,4.4,1.44,5.0,6.5,1.48,5.0,6.0,1.45,5.0,6.0,1.48,5.0,5.5,1.48,5.0,5.5,,,,,,,,,,,,,,
E0,06/01/2026,20:00,West Ham,Nott'm Forest,1,2,A,1,0,H,T Harrington,14,13,3,5,15,9,6,5,3,0,0,0,2.88,3.25,2.2,3.0,3.4,2.3,,,,3.29,3.37,2.34,,,,,,,3.25,3.4,2.38,3.1,3.33,2.3,1.98,1.88,2.01,1.89,1.98,1.91,1.91,1.86,0.25,1.88,1.98,1.92,2.01,1.88,1.98,1.84,1.88,2.9,3.5,2.35,2.9,3.4,2.35,,,,3.05,3.5,2.41,,,,,,,3.0,3.5,2.45,2.92,3.39,2.39,1.8,2.0,1.88,2.02,1.91,2.0,1.83,1.93,0.25,1.8,2.05,1.85,2.09,1.8,2.06,1.76,1.97,2526,,,,,,,3.3,3.5,2.4,2.04,1.94,1.92,2.05,,,,,,,3.1,3.6,2.48,1.9,2.1,1.86,2.13,3.1,3.4,2.38,3.2,3.35,2.28,3.1,3.4,2.3,3.0,3.4,2.3,3.0,3.3,2.3,3.0,3.4,2.38,2.95,3.4,2.45,2.88,3.5,2.38,2.9,3.4,2.37,2.87,3.4,2.37,,,,,,,,,,,,,,
E0,07/01/2026,19:30,Bournemouth,Tottenham,3,2,H,2,1,H,D England,11,16,3,4,19,10,3,7,3,3,0,0,2.1,3.6,3.3,2.1,3.7,3.25,,,,2.14,3.72,3.36,,,,,,,2.18,3.75,3.4,2.11,3.62,3.27,1.73,2.1,1.75,2.17,1.73,2.2,1.69,2.11,-0.25,1.85,2.0,1.87,2.04,1.86,2.0,1.83,1.94,2.2,3.6,3.1,2.15,3.6,3.2,,,,2.25,3.64,3.23,,,,,,,2.25,3.6,3.33,2.17,3.51,3.21,1.73,2.1,1.77,2.13,1.79,2.1,1.72,2.07,-0.25,1.93,1.93,1.96,1.96,1.93,1.96,1.87,1.91,2526,,,,,,,2.2,3.8,3.45,1.78,2.24,1.91,2.07,,,,,,,2.26,3.7,3.4,1.79,2.24,1.95,2.02,2.1,3.75,3.4,2.17,3.6,3.3,2.1,3.7,3.25,2.1,3.7,3.25,2.1,3.6,3.2,2.2,3.6,3.3,2.18,3.55,3.3,2.2,3.4,3.2,2.15,3.6,3.2,2.15,3.5,3.1,,,,,,,,,,,,,,
E0,07/01/2026,19:30,Brentford,Sunderland,3,0,H,1,0,H,M Donohue,18,11,6,3,13,13,7,4,2,1,0,0,1.85,3.5,4.33,1.82,3.6,4.33,,,,1.85,3.63,4.56,,,,,,,1.88,3.6,4.5,1.83,3.56,4.36,2.05,1.8,2.08,1.83,2.05,1.85,1.98,1.79,-0.5,1.85,2.0,1.85,2.06,1.85,2.0,1.79,1.94,2.05,3.3,3.75,2.0,3.2,4.0,,,,2.08,3.17,4.3,,,,,,,2.05,3.4,4.6,2.01,3.22,4.07,2.38,1.57,2.45,1.59,2.4,1.66,2.31,1.59,-0.5,2.05,1.8,2.09,1.85,2.05,1.83,1.96,1.78,2526,,,,,,,1.91,3.75,4.7,2.12,1.86,1.91,2.08,,,,,,,2.0,3.4,4.6,2.42,1.69,2.02,1.96,1.83,3.6,4.5,1.87,3.55,4.4,1.83,3.6,4.33,1.83,3.6,4.33,1.8,3.6,4.33,2.05,3.3,4.33,1.89,3.35,4.6,2.05,3.2,3.9,2.0,3.2,4.0,2.05,3.2,3.8,,,,,,,,,,,,,,
E0,07/01/2026,19:30,Crystal Palace,Aston Villa,0,0,D,0,0,D,A Madley,11,15,5,3,8,3,3,5,2,0,0,0,3.1,3.3,2.3,3.0,3.4,2.35,,,,3.14,3.4,2.38,,,,,,,3.2,3.5,2.38,3.08,3.36,2.31,1.93,1.93,1.94,1.94,1.95,1.93,1.9,1.86,0.25,1.85,2.0,1.86,2.05,1.86,2.0,1.83,1.88,2.9,3.4,2.4,3.0,3.4,2.3,,,,3.08,3.4,2.45,,,,,,,3.05,3.4,2.45,2.99,3.33,2.38,1.85,2.0,1.88,2.03,1.91,2.0,1.84,1.93,0.25,1.78,2.1,1.83,2.11,1.83,2.1,1.77,1.97,2526,,,,,,,3.3,3.45,2.42,2.0,1.97,1.91,2.07,,,,,,,3.25,3.45,2.46,1.95,2.02,1.89,2.1,3.1,3.4,2.38,3.2,3.45,2.28,3.0,3.5,2.3,3.0,3.4,2.37,3.0,3.3,2.3,3.0,3.4,2.4,3.05,3.35,2.43,3.0,3.3,2.4,3.0,3.4,2.3,3.0,3.3,2.3,,,,,,,,,,,,,,
E0,07/01/2026,19:30,Everton,Wolves,1,1,D,1,0,H,T Kirk,13,13,2,4,13,15,2,7,1,3,2,0,1.75,3.5,5.0,1.77,3.6,4.6,,,,1.79,3.57,5.06,,,,,,,1.8,3.65,5.25,1.76,3.55,4.85,2.1,1.73,2.12,1.77,2.12,1.75,2.05,1.73,-0.75,2.03,1.83,2.05,1.86,2.03,1.86,1.95,1.82,1.85,3.5,4.33,1.82,3.5,4.5,,,,1.89,3.52,4.6,,,,,,,1.91,3.55,5.0,1.84,3.46,4.51,2.05,1.8,2.06,1.85,2.1,1.86,2.01,1.77,-0.5,1.85,2.0,1.9,2.02,1.95,2.0,1.82,1.92,2526,,,,,,,1.82,3.7,5.4,2.2,1.8,2.07,1.9,,,,,,,1.91,3.65,4.8,2.1,1.89,1.91,2.08,1.8,3.6,5.0,1.74,3.65,5.2,1.75,3.6,4.8,1.75,3.6,4.6,1.75,3.6,4.6,1.83,3.5,4.6,1.79,3.55,4.9,1.85,3.4,4.5,1.83,3.5,4.5,1.8,3.5,4.5,,,,,,,,,,,,,,
E0,07/01/2026,19:30,Fulham,Chelsea,2,1,H,0,0,D,P Bankes,16,14,5,6,11,6,2,11,3,3,0,1,3.4,3.6,2.05,3.3,3.6,2.1,,,,3.45,3.76,2.09,,,,,,,3.5,3.7,2.12,3.38,3.59,2.07,1.8,2.0,1.79,2.1,1.8,2.04,1.77,2.0,0.5,1.8,2.05,1.81,2.09,1.83,2.05,1.73,2.01,3.7,3.5,2.0,3.5,3.5,2.05,,,,3.7,3.58,2.09,,,,,,,3.7,3.8,2.05,3.61,3.56,2.01,1.93,1.93,1.93,1.98,1.93,2.07,1.84,1.93,0.5,1.83,2.03,1.84,2.1,1.83,2.03,1.78,1.96,2526,,,,,,,3.7,3.8,2.12,1.85,2.14,1.87,2.12,,,,,,,3.95,3.7,2.06,1.93,2.06,1.93,2.06,3.5,3.6,2.1,3.5,3.7,2.06,3.4,3.6,2.05,3.3,3.6,2.1,3.25,3.6,2.1,3.5,3.5,2.05,3.7,3.8,1.96,3.7,3.5,2.0,3.5,3.5,2.05,3.5,3.5,2.05,,,,,,,,,,,,,,
E0,07/01/2026,19:30,Man City,Brighton,1,1,D,1,0,H,T Bramall,22,6,6,3,6,16,6,2,1,6,0,0,1.4,5.25,6.5,1.4,5.25,6.75,,,,1.4,5.43,7.17,,,,,,,1.4,5.5,8.5,1.37,5.23,7.27,1.44,2.75,1.42,2.9,1.44,2.88,1.42,2.76,-1.25,1.83,2.03,1.85,2.07,1.83,2.1,1.74,2.04,1.5,4.5,5.75,1.49,4.8,5.5,,,,1.53,4.63,6.1,,,,,,,1.55,5.0,6.4,1.5,4.62,5.79,1.44,2.75,1.47,2.77,1.45,2.95,1.43,2.75,-1.0,1.8,2.05,1.87,2.06,1.83,2.12,1.75,2.05,2526,,,,,,,1.42,5.7,8.2,1.46,3.05,1.86,2.09,,,,,,,1.55,4.9,6.4,1.48,3.0,1.91,2.08,1.4,5.0,7.5,1.37,5.3,8.0,1.36,5.25,7.5,1.4,5.25,6.5,1.4,5.25,6.5,1.5,5.0,6.0,1.49,4.7,6.4,1.5,4.75,5.75,1.5,4.8,5.5,1.48,4.8,5.5,,,,,,,,,,,,,,
E0,07/01/2026,20:15,Burnley,Man United,2,2,D,1,0,H,S Attwell,7,30,1,10,9,8,2,6,2,0,0,0,4.75,4.0,1.7,4.5,4.0,1.71,,,,4.92,4.15,1.69,,,,,,,5.0,4.0,1.75,4.68,3.95,1.7,1.73,2.1,1.75,2.16,1.76,2.1,1.71,2.08,0.75,1.98,1.88,2.02,1.89,1.98,1.91,1.91,1.87,4.75,3.9,1.7,4.6,3.7,1.75,,,,4.98,3.87,1.74,,,,,,,5.2,3.9,1.75,4.8,3.76,1.72,1.8,2.0,1.87,2.04,1.85,2.05,1.81,1.96,0.75,1.93,1.93,1.95,1.97,1.93,1.93,1.88,1.89,2526,,,,,,,5.4,4.2,1.73,1.82,2.18,2.05,1.92,,,,,,,5.3,4.0,1.75,1.92,2.08,2.02,1.97,5.0,4.0,1.7,4.8,3.9,1.74,4.8,4.0,1.67,4.5,4.0,1.73,4.5,3.9,1.7,5.0,3.75,1.73,5.1,3.7,1.73,4.8,3.9,1.7,4.6,3.7,1.75,4.6,3.7,1.75,,,,,,,,,,,,,,
E0,07/01/2026,20:15,Newcastle,Leeds,4,3,H,1,2,A,M Salisbury,18,14,8,6,11,10,8,4,3,2,0,0,1.67,3.8,5.0,1.68,3.9,4.8,,,,1.7,3.89,5.19,,,,,,,1.73,4.1,5.5,1.67,3.87,5.02,1.83,2.03,1.81,2.07,1.83,2.04,1.79,1.98,-0.75,1.88,1.98,1.9,2.01,1.88,2.02,1.81,1.96,1.6,3.9,6.0,1.63,4.0,5.25,,,,1.65,4.04,5.57,,,,,,,1.64,4.0,6.0,1.61,3.94,5.56,1.8,2.0,1.85,2.07,1.83,2.06,1.78,1.99,-0.75,1.75,2.05,1.84,2.1,1.78,2.05,1.74,2.04,2526,,,,,,,1.73,4.1,5.6,1.86,2.14,1.92,2.06,,,,,,,1.67,4.1,6.0,1.89,2.1,1.86,2.14,1.73,3.75,5.0,1.63,4.1,5.5,1.67,3.9,5.0,1.67,3.9,4.8,1.67,3.9,4.8,1.62,4.0,6.0,1.63,4.0,5.6,1.57,3.9,6.0,1.61,4.0,5.25,1.61,3.9,5.25,,,,,,,,,,,,,,
E0,08/01/2026,20:00,Arsenal,Liverpool,0,0,D,0,0,D,A Taylor,9,8,4,0,10,9,3,0,2,2,0,0,1.6,4.1,5.0,1.6,4.33,5.0,,,,1.6,4.35,5.49,,,,,,,1.64,4.33,5.6,1.6,4.11,5.25,1.73,2.1,1.78,2.1,1.76,2.1,1.71,2.07,-1.0,2.05,1.8,2.08,1.83,2.1,1.8,2.02,1.77,1.57,4.1,5.75,1.58,4.2,5.25,,,,1.59,4.4,5.75,,,,,,,1.6,4.3,6.4,1.57,4.16,5.65,1.83,2.03,1.82,2.07,1.83,2.08,1.77,2.01,-1.0,2.0,1.85,2.05,1.88,2.0,1.94,1.93,1.85,2526,,,,,,,1.66,4.4,5.7,1.83,2.16,2.1,1.86,,,,,,,1.62,4.5,6.0,1.87,2.12,2.06,1.93,1.62,4.2,5.5,1.62,4.1,5.5,1.57,4.0,5.25,1.6,4.33,5.0,1.6,4.2,5.0,1.57,4.0,6.0,1.54,4.3,6.4,1.57,4.1,5.75,1.6,4.2,5.25,1.57,4.2,5.25,,,,,,,,,,,,,,
E0,17/01/2026,12:30,Man United,Man City,2,0,H,0,0,D,A Taylor,11,7,7,1,13,8,1,6,2,3,0,0,3.7,3.8,1.91,3.5,3.8,1.95,,,,,,,,,,,,,3.7,4.0,2.0,3.55,3.87,1.94,1.53,2.5,,,1.53,2.63,1.48,2.56,0.5,1.93,1.93,,,1.93,1.95,1.85,1.88,2.9,3.6,2.3,2.95,3.7,2.2,,,,,,,,,,,,,3.25,3.8,2.33,3.01,3.63,2.23,1.53,2.5,,,1.53,2.75,1.5,2.54,0.25,1.83,2.03,,,1.92,2.03,1.86,1.92,2526,,,,,,,3.85,4.0,2.0,1.56,2.76,1.98,2.01,,,,,,,3.1,3.75,2.38,1.56,2.74,1.92,2.06,3.6,4.0,1.95,3.65,3.9,1.95,3.5,4.0,1.93,3.5,3.8,1.95,3.5,3.8,1.95,3.0,3.6,2.3,3.2,3.65,2.2,2.88,3.8,2.25,3.0,3.7,2.2,2.9,3.7,2.2,,,,,,,,,,,,,,
E0,17/01/2026,15:00,Chelsea,Brentford,2,0,H,1,0,H,J Brooks,6,15,2,5,7,10,3,9,3,2,0,0,1.73,4.0,4.75,1.7,4.0,4.5,,,,,,,,,,,,,1.73,4.1,5.1,1.69,3.97,4.75,1.62,2.3,,,1.68,2.3,1.63,2.21,-0.75,1.93,1.93,,,1.93,1.97,1.85,1.92,1.85,3.75,4.1,1.87,3.8,3.8,,,,,,,,,,,,,1.9,3.9,4.2,1.86,3.78,3.93,1.62,2.3,,,1.64,2.4,1.61,2.27,-0.5,1.88,1.98,,,1.88,1.98,1.82,1.92,2526,,,,,,,1.77,4.1,5.1,1.69,2.42,1.97,2.0,,,,,,,1.92,3.9,4.4,1.66,2.48,1.92,2.08,1.7,4.0,5.0,1.67,4.0,5.1,1.7,4.0,4.6,1.7,4.0,4.5,1.7,4.0,4.5,1.9,3.75,4.0,1.85,3.8,4.2,1.87,3.9,3.8,1.85,3.8,3.8,1.85,3.8,3.8,,,,,,,,,,,,,,
E0,17/01/2026,15:00,Leeds,Fulham,1,0,H,0,0,D,C Kavanagh,14,8,5,1,6,11,7,3,1,5,0,0,2.15,3.3,3.5,2.2,3.3,3.3,,,,,,,,,,,,,2.23,3.4,3.5,2.17,3.33,3.41,2.1,1.73,,,2.1,1.77,2.05,1.74,-0.25,1.85,2.0,,,1.86,2.0,1.83,1.94,2.35,3.4,3.0,2.25,3.4,3.1,,,,,,,,,,,,,2.38,3.5,3.25,2.31,3.34,3.1,1.93,1.93,,,1.96,1.93,1.91,1.86,-0.25,2.03,1.83,,,2.03,1.85,1.96,1.82,2526,,,,,,,2.26,3.45,3.65,2.12,1.87,1.93,2.05,,,,,,,2.44,3.4,3.3,2.0,1.98,2.08,1.9,2.2,3.3,3.5,2.2,3.3,3.5,2.15,3.4,3.4,2.2,3.3,3.3,2.2,3.3,3.3,2.38,3.4,3.1,2.32,3.3,3.25,2.3,3.5,3.0,2.25,3.4,3.1,2.25,3.4,3.1,,,,,,,,,,,,,,
E0,17/01/2026,15:00,Liverpool,Burnley,1,1,D,1,0,H,A Madley,32,7,11,1,8,10,9,1,1,2,0,0,1.22,6.5,11.0,1.24,6.5,11.0,,,,,,,,,,,,,1.25,6.75,16.0,1.22,6.4,12.44,1.57,2.38,,,1.57,2.5,1.54,2.39,-1.75,1.93,1.93,,,1.93,2.02,1.84,1.94,1.22,6.5,12.0,1.26,6.5,10.0,,,,,,,,,,,,,1.26,6.75,14.0,1.23,6.38,11.91,1.53,2.5,,,1.56,2.5,1.53,2.44,-1.75,1.93,1.93,,,1.93,1.98,1.86,1.92,2526,,,,,,,1.26,7.0,15.0,1.62,2.56,1.94,2.02,,,,,,,1.25,7.4,14.5,1.61,2.62,1.96,2.01,1.22,6.5,13.0,1.21,6.75,15.0,1.22,6.5,13.0,1.25,6.5,11.0,1.22,6.5,11.0,1.22,6.5,13.0,1.21,6.75,14.0,1.22,6.5,12.0,1.25,6.5,10.0,1.25,6.5,10.0,,,,,,,,,,,,,,
E0,17/01/2026,15:00,Sunderland,Crystal Palace,2,1,H,1,1,D,R Jones,13,6,7,2,8,15,3,4,3,3,0,0,2.75,3.1,2.75,2.6,3.2,2.75,,,,,,,,,,,,,2.75,3.2,2.85,2.69,3.15,2.74,2.2,1.67,,,2.25,1.67,2.2,1.64,0.0,1.93,1.93,,,1.93,1.93,1.88,1.88,2.4,3.2,3.1,2.35,3.1,3.2,,,,,,,,,,,,,2.4,3.2,3.3,2.38,3.13,3.15,2.2,1.67,,,2.33,1.67,2.23,1.63,-0.25,2.05,1.8,,,2.05,1.82,1.99,1.79,2526,,,,,,,2.76,3.25,2.94,2.36,1.72,1.94,2.05,,,,,,,2.52,3.2,3.3,2.36,1.72,2.14,1.86,2.75,3.2,2.75,2.65,3.15,2.85,2.7,3.2,2.7,2.62,3.2,2.75,2.6,3.2,2.75,2.4,3.2,3.1,2.38,3.15,3.3,2.38,3.2,3.1,2.37,3.1,3.2,2.37,3.1,3.1,,,,,,,,,,,,,,
E0,17/01/2026,15:00,Tottenham,West Ham,1,2,A,0,1,A,J Gillett,21,17,6,4,12,17,11,5,5,3,0,0,1.73,4.0,4.5,1.71,3.9,4.6,,,,,,,,,,,,,1.75,4.0,4.9,1.71,3.91,4.63,1.73,2.1,,,1.74,2.12,1.71,2.08,-0.75,1.93,1.93,,,1.93,1.93,1.88,1.89,1.85,3.75,3.9,1.85,3.75,4.0,,,,,,,,,,,,,1.95,3.8,4.4,1.84,3.72,4.13,1.73,2.1,,,1.76,2.15,1.71,2.09,-0.5,1.85,2.0,,,1.95,2.0,1.8,1.95,2526,,,,,,,1.78,4.1,5.0,1.8,2.2,1.99,1.98,,,,,,,1.9,3.8,4.6,1.77,2.28,1.89,2.11,1.73,4.0,4.6,1.71,4.0,4.8,1.7,3.9,4.75,1.7,3.9,4.6,1.7,3.9,4.5,1.83,3.75,4.33,1.82,3.75,4.4,1.83,3.8,4.1,1.85,3.75,4.0,1.83,3.75,4.0,,,,,,,,,,,,,,
E0,17/01/2026,17:30,Nott'm Forest,Arsenal,0,0,D,0,0,D,M Oliver,6,15,0,3,8,14,4,9,1,1,0,0,6.0,4.33,1.53,6.0,4.0,1.57,,,,,,,,,,,,,6.5,4.4,1.57,6.1,4.16,1.54,1.91,1.91,,,1.91,1.96,1.86,1.89,1.0,1.93,1.93,,,1.93,1.95,1.89,1.89,5.5,3.9,1.62,5.5,3.9,1.62,,,,,,,,,,,,,6.2,4.0,1.62,5.79,3.87,1.6,2.0,1.8,,,2.05,1.83,1.99,1.78,1.0,1.73,2.08,,,1.8,2.08,1.75,2.04,2526,,,,,,,6.8,4.5,1.58,1.97,2.0,1.98,1.98,,,,,,,6.8,4.0,1.63,2.14,1.86,1.81,2.2,6.5,4.2,1.53,6.5,4.3,1.53,6.5,4.1,1.53,6.0,4.0,1.57,5.75,4.0,1.57,6.0,4.0,1.57,6.0,3.9,1.61,5.75,3.9,1.6,5.5,3.9,1.61,5.25,3.9,1.61,,,,,,,,,,,,,,
E0,18/01/2026,14:00,Wolves,Newcastle,0,0,D,0,0,D,S Barrott,6,12,2,2,14,8,4,7,2,2,0,0,4.75,4.0,1.7,4.5,4.1,1.7,,,,,,,,,,,,,5.0,4.2,1.73,4.6,3.98,1.7,1.67,2.2,,,1.72,2.2,1.66,2.16,0.75,1.95,1.9,,,1.95,1.9,1.91,1.87,4.5,4.0,1.7,4.33,3.9,1.75,,,,,,,,,,,,,4.7,4.1,1.75,4.5,3.98,1.72,1.62,2.3,,,1.66,2.4,1.6,2.27,0.75,1.95,1.9,,,1.95,1.92,1.89,1.88,2526,,,,,,,4.8,4.2,1.77,1.72,2.34,1.99,1.99,,,,,,,5.0,4.2,1.76,1.68,2.44,2.02,1.97,5.0,4.0,1.7,4.8,3.95,1.72,4.6,3.9,1.67,4.5,4.0,1.7,4.4,4.0,1.7,4.5,4.0,1.75,4.6,4.0,1.74,4.6,4.1,1.7,4.33,3.9,1.75,4.33,3.9,1.75,,,,,,,,,,,,,,
E0,18/01/2026,16:30,Aston Villa,Everton,0,1,A,0,0,D,T Harrington,18,9,5,3,15,13,6,4,1,2,0,0,1.67,3.9,5.25,1.66,4.0,5.0,,,,,,,,,,,,,1.7,4.0,5.5,1.66,3.87,5.09,1.93,1.93,,,1.93,1.93,1.88,1.87,-0.75,1.85,2.0,,,1.85,2.0,1.82,1.95,1.62,3.9,5.75,1.6,4.0,5.5,,,,,,,,,,,,,1.64,4.0,6.5,1.6,3.94,5.77,1.8,2.0,,,1.85,2.0,1.81,1.95,-0.75,1.73,2.08,,,1.83,2.1,1.72,2.08,2526,,,,,,,1.72,4.0,5.7,2.0,1.98,1.92,2.04,,,,,,,1.63,4.1,6.6,1.9,2.08,1.81,2.2,1.7,3.75,5.5,1.66,3.95,5.4,1.65,3.75,5.0,1.67,4.0,5.0,1.67,3.9,4.8,1.62,4.0,5.5,1.6,3.95,6.1,1.55,3.9,6.5,1.6,4.0,5.5,1.6,4.0,5.25,,,,,,,,,,,,,,
E0,19/01/2026,20:00,Brighton,Bournemouth,1,1,D,0,1,A,P Tierney,17,11,5,2,7,6,11,6,2,3,0,0,1.85,3.9,3.8,1.87,3.9,3.7,,,,,,,,,,,,,1.91,4.1,4.1,1.85,3.92,3.75,1.5,2.63,,,1.53,2.65,1.5,2.53,-0.5,1.88,1.98,,,1.88,1.98,1.82,1.91,1.95,3.75,3.7,1.93,3.9,3.5,,,,,,,,,,,,,2.02,3.9,3.75,1.96,3.79,3.55,1.5,2.63,,,1.55,2.7,1.51,2.51,-0.5,1.95,1.9,,,1.96,1.9,1.89,1.84,2526,,,,,,,1.94,4.1,4.0,1.53,2.78,1.94,2.04,,,,,,,2.0,3.9,4.0,1.57,2.72,2.0,1.98,1.9,4.0,3.75,1.83,4.1,4.0,1.85,3.9,3.6,1.85,3.9,3.7,1.85,3.9,3.7,1.91,3.75,3.75,2.0,3.8,3.6,1.95,3.8,3.6,1.91,3.9,3.5,1.91,3.9,3.5,,,,,,,,,,,,,,
E0,24/01/2026,12:30,West Ham,Sunderland,3,1,H,3,0,H,T Bramall,13,7,5,2,9,16,3,3,2,4,0,0,2.5,3.2,2.88,2.45,3.4,2.85,,,,,,,,,,,,,2.6,3.4,2.9,2.51,3.24,2.85,2.1,1.73,,,2.14,1.75,2.08,1.71,0.0,1.8,2.05,,,1.83,2.05,1.76,1.99,2.2,3.3,3.25,2.25,3.3,3.2,,,,,,,,,,,,,2.25,3.4,3.4,2.21,3.32,3.28,2.05,1.8,,,2.1,1.83,2.02,1.76,-0.25,1.93,1.93,,,1.93,1.93,1.88,1.89,2526,,,,,,,2.64,3.35,3.05,2.26,1.78,1.86,2.14,,,,,,,2.34,3.45,3.5,2.14,1.86,2.0,1.99,2.6,3.2,2.88,2.6,3.25,2.85,2.5,3.25,2.88,2.45,3.4,2.87,2.3,3.2,2.7,2.25,3.3,3.4,2.23,3.4,3.3,2.2,3.4,3.2,,,,,,,,,,,,,,,,,,,,
E0,24/01/2026,15:00,Burnley,Tottenham,2,2,D,1,1,D,P Bankes,9,18,4,11,8,9,1,3,1,0,0,0,3.7,3.5,2.05,3.5,3.4,2.05,,,,,,,,,,,,,3.8,3.5,2.1,3.64,3.39,2.05,2.0,1.8,,,2.02,1.81,1.99,1.77,0.5,1.8,2.05,,,1.83,2.05,1.76,1.98,3.9,3.4,2.0,3.6,3.3,2.05,,,,,,,,,,,,,4.0,3.4,2.06,3.85,3.33,2.01,2.1,1.73,,,2.14,1.74,2.1,1.71,0.5,1.83,2.03,,,1.85,2.03,1.79,1.95,2526,,,,,,,3.9,3.6,2.12,2.16,1.84,1.87,2.12,,,,,,,4.1,3.5,2.1,2.24,1.79,1.9,2.1,3.75,3.4,2.05,3.8,3.4,2.06,3.7,3.4,2.05,,,,,,,4.0,3.3,2.0,3.85,3.35,2.06,3.8,3.4,2.0,,,,,,,,,,,,,,,,,,,,
E0,24/01/2026,15:00,Fulham,Brighton,2,1,H,0,1,A,M Oliver,12,13,4,5,10,6,6,6,1,1,0,0,2.6,3.4,2.7,2.45,3.5,2.75,,,,,,,,,,,,,2.6,3.5,2.75,2.54,3.42,2.71,1.73,2.1,,,1.82,2.1,1.76,2.01,0.0,1.88,1.98,,,1.88,1.98,1.82,1.93,2.55,3.3,2.75,2.5,3.4,2.75,,,,,,,,,,,,,2.63,3.4,2.83,2.57,3.28,2.76,1.88,1.98,,,1.93,2.0,1.84,1.93,0.0,1.88,1.98,,,1.88,1.98,1.83,1.93,2526,,,,,,,2.68,3.55,2.88,1.83,2.16,1.92,2.06,,,,,,,2.68,3.45,2.92,1.9,2.08,1.91,2.08,2.6,3.4,2.75,2.6,3.4,2.75,2.5,3.5,2.7,,,,,,,2.6,3.4,2.75,2.6,3.3,2.8,2.63,3.2,2.75,,,,,,,,,,,,,,,,,,,,
E0,24/01/2026,15:00,Man City,Wolves,2,0,H,2,0,H,F Hallam,11,11,4,1,16,14,4,6,1,3,0,0,1.2,7.0,11.0,1.24,6.75,10.0,,,,,,,,,,,,,1.24,7.5,15.0,1.21,6.68,12.0,1.4,3.0,,,1.44,3.0,1.39,2.87,-1.75,1.83,2.03,,,1.83,2.08,1.77,2.0,1.3,5.75,9.0,1.32,5.75,8.25,,,,,,,,,,,,,1.32,6.1,10.5,1.3,5.63,9.5,1.53,2.5,,,1.56,2.5,1.54,2.43,-1.5,1.88,1.98,,,1.9,2.0,1.82,1.91,2526,,,,,,,1.25,7.4,14.0,1.45,3.1,1.87,2.09,,,,,,,1.32,6.2,11.0,1.62,2.58,1.92,2.07,1.22,6.5,13.0,1.21,6.75,15.0,1.22,6.5,12.0,,,,,,,1.3,5.5,10.0,1.29,6.1,10.0,1.29,5.5,10.5,,,,,,,,,,,,,,,,,,,,
E0,24/01/2026,17:30,Bournemouth,Liverpool,3,2,H,2,1,H,M Salisbury,12,14,5,4,7,7,3,11,1,1,0,0,3.75,3.8,1.9,3.7,3.9,1.88,,,,,,,,,,,,,3.85,4.0,1.92,3.73,3.87,1.89,1.62,2.3,,,1.62,2.43,1.57,2.32,0.5,1.95,1.9,,,1.95,1.9,1.89,1.84,4.2,4.0,1.75,3.9,3.9,1.83,,,,,,,,,,,,,4.5,4.1,1.87,4.21,3.98,1.77,1.57,2.38,,,1.57,2.55,1.53,2.44,0.75,1.88,1.98,,,1.89,1.98,1.85,1.93,2526,,,,,,,4.0,4.0,1.99,1.65,2.5,2.0,1.99,,,,,,,4.7,4.1,1.82,1.59,2.66,1.94,2.04,3.75,4.0,1.9,3.8,4.0,1.9,3.7,3.9,1.9,,,,,,,4.2,4.0,1.87,4.5,4.0,1.75,4.2,4.1,1.75,,,,,,,,,,,,,,,,,,,,
E0,25/01/2026,14:00,Brentford,Nott'm Forest,0,2,A,0,1,A,S Barrott,10,7,1,2,11,10,6,5,1,0,0,0,1.91,3.5,4.1,1.9,3.5,4.0,,,,,,,,,,,,,1.95,3.6,4.35,1.9,3.49,4.02,1.98,1.88,,,1.98,1.91,1.92,1.85,-0.5,1.9,1.95,,,1.9,1.95,1.85,1.87,1.85,3.6,4.33,1.85,3.6,4.1,,,,,,,,,,,,,1.9,3.6,4.75,1.84,3.5,4.38,2.0,1.85,,,2.0,1.91,1.93,1.85,-0.5,1.85,2.0,,,1.85,2.0,1.79,1.94,2526,,,,,,,1.95,3.65,4.5,2.04,1.92,1.95,2.03,,,,,,,1.91,3.65,4.8,2.02,1.94,1.92,2.07,1.95,3.5,4.0,1.88,3.55,4.35,1.87,3.5,3.9,,,,,,,1.9,3.6,4.33,1.82,3.6,4.6,1.83,3.13,4.4,,,,,,,,,,,,,,,,,,,,
E0,25/01/2026,14:00,Crystal Palace,Chelsea,1,3,A,0,1,A,D England,13,10,7,6,11,10,4,5,2,2,1,0,3.5,3.8,2.0,3.5,3.7,2.0,,,,,,,,,,,,,3.65,3.8,2.05,3.5,3.66,2.0,1.73,2.1,,,1.8,2.1,1.74,2.04,0.5,1.85,2.0,,,1.85,2.0,1.8,1.93,3.4,3.5,2.1,3.3,3.5,2.1,,,,,,,,,,,,,3.6,3.6,2.2,3.39,3.48,2.11,1.8,2.0,,,1.83,2.05,1.78,2.0,0.5,1.73,2.08,,,1.83,2.14,1.72,2.04,2526,,,,,,,3.8,3.85,2.08,1.83,2.16,1.91,2.08,,,,,,,3.65,3.65,2.16,1.86,2.12,1.84,2.17,3.6,3.6,2.05,3.55,3.75,2.02,3.5,3.6,1.95,,,,,,,3.5,3.5,2.1,3.35,3.5,2.2,3.4,3.6,2.05,,,,,,,,,,,,,,,,,,,,
E0,25/01/2026,14:00,Newcastle,Aston Villa,0,2,A,0,1,A,J Gillett,15,14,4,8,7,12,6,5,1,2,0,0,1.95,3.7,3.7,1.93,3.8,3.6,,,,,,,,,,,,,2.02,3.8,3.7,1.98,3.66,3.54,1.67,2.2,,,1.7,2.25,1.64,2.19,-0.5,1.98,1.88,,,1.98,1.88,1.92,1.81,2.15,3.6,3.3,2.1,3.6,3.3,,,,,,,,,,,,,2.22,3.6,3.35,2.15,3.53,3.26,1.67,2.2,,,1.68,2.3,1.64,2.22,-0.25,1.85,2.0,,,1.9,2.0,1.84,1.93,2526,,,,,,,2.1,3.8,3.8,1.72,2.34,2.1,1.9,,,,,,,2.2,3.85,3.45,1.74,2.34,1.91,2.08,2.0,3.75,3.6,2.02,3.7,3.6,1.95,3.7,3.4,,,,,,,2.2,3.6,3.25,2.2,3.5,3.35,2.15,3.5,3.3,,,,,,,,,,,,,,,,,,,,
E0,25/01/2026,16:30,Arsenal,Man United,2,3,A,1,1,D,C Pawson,15,10,4,3,11,9,9,2,2,0,0,0,1.55,4.2,6.0,1.57,4.1,5.75,,,,,,,,,,,,,1.6,4.2,6.4,1.55,4.08,5.89,1.73,2.1,,,1.73,2.15,1.69,2.1,-1.0,1.93,1.93,,,1.95,1.93,1.89,1.88,1.53,4.5,5.75,1.53,4.5,5.5,,,,,,,,,,,,,1.57,4.5,5.8,1.54,4.32,5.69,1.67,2.2,,,1.71,2.25,1.66,2.18,-1.0,1.88,1.98,,,1.91,1.98,1.88,1.9,2526,,,,,,,1.62,4.2,6.4,1.75,2.28,1.98,1.96,,,,,,,1.57,4.7,6.2,1.75,2.3,1.96,2.03,1.57,4.2,6.0,1.56,4.1,6.4,1.5,4.2,5.75,,,,,,,1.57,4.33,5.5,1.56,4.35,5.75,1.53,4.33,5.75,,,,,,,,,,,,,,,,,,,,
E0,26/01/2026,20:00,Everton,Leeds,1,1,D,0,1,A,S Hooper,10,14,3,4,9,13,4,4,0,3,0,0,2.5,3.25,2.9,2.4,3.2,3.0,,,,,,,,,,,,,2.6,3.25,3.0,2.48,3.15,2.92,2.2,1.67,,,2.32,1.67,2.19,1.64,-0.25,2.1,1.7,,,2.15,1.75,2.09,1.7,2.5,3.2,2.9,2.45,3.1,3.0,,,,,,,,,,,,,2.6,3.2,3.15,2.49,3.07,3.03,2.2,1.67,,,2.3,1.67,2.24,1.63,-0.25,2.1,1.7,,,2.1,1.78,2.07,1.72,2526,,,,,,,2.6,3.25,3.15,2.26,1.75,2.2,1.8,,,,,,,2.64,3.2,3.2,2.44,1.69,2.21,1.81,2.5,3.2,3.0,2.6,3.1,3.0,2.45,3.13,2.88,,,,,,,2.5,3.1,3.1,2.5,3.05,3.15,2.55,3.0,3.0,,,,,,,,,,,,,,,,,,,,
E0,31/01/2026,15:00,Brighton,Everton,1,1,D,0,0,D,C Kavanagh,11,7,2,4,13,14,5,2,1,2,0,0,1.85,3.6,4.1,1.85,3.7,4.0,,,,,,,,,,,,,1.91,3.75,4.3,1.86,3.6,4.13,1.9,1.95,,,1.9,2.0,1.83,1.93,-0.5,1.88,1.98,,,1.88,1.98,1.82,1.91,1.91,3.5,4.0,1.9,3.5,4.0,,,,,,,,,,,,,1.95,3.6,4.2,1.91,3.47,4.08,2.0,1.8,,,2.05,1.92,1.98,1.8,-0.5,1.93,1.93,,,1.93,1.95,1.85,1.88,2526,,,,,,,1.97,3.8,4.3,1.95,2.02,1.97,2.02,,,,,,,1.97,3.7,4.4,2.12,1.88,1.98,2.01,1.9,3.6,4.2,1.84,3.75,4.3,1.87,3.6,4.1,,,,,,,1.91,3.5,4.2,1.91,3.6,4.2,1.9,3.5,4.1,,,,,,,,,,,,,,,,,,,,
E0,31/01/2026,15:00,Leeds,Arsenal,0,4,A,0,2,A,S Attwell,3,14,1,8,10,7,4,12,1,1,0,0,5.75,4.2,1.55,5.75,4.0,1.57,,,,,,,,,,,,,6.75,4.25,1.57,6.16,4.1,1.54,1.98,1.88,,,2.0,1.92,1.92,1.85,1.0,1.88,1.98,,,1.93,1.98,1.87,1.91,5.5,4.2,1.57,5.5,4.0,1.61,,,,,,,,,,,,,6.5,4.2,1.62,5.87,3.99,1.57,1.91,1.91,,,1.92,1.94,1.87,1.89,1.0,1.78,2.1,,,1.88,2.1,1.81,1.97,2526,,,,,,,6.8,4.4,1.59,2.04,1.94,1.92,2.05,,,,,,,6.8,4.3,1.59,2.02,1.97,1.92,2.07,6.5,4.2,1.53,6.75,4.1,1.54,6.5,4.1,1.53,,,,,,,6.0,4.0,1.6,6.5,4.1,1.55,6.0,4.0,1.57,,,,,,,,,,,,,,,,,,,,
E0,31/01/2026,15:00,Wolves,Bournemouth,0,2,A,0,1,A,M Oliver,17,9,7,4,11,15,5,6,3,3,0,0,2.9,3.5,2.3,2.87,3.6,2.35,,,,,,,,,,,,,3.1,3.6,2.38,2.95,3.5,2.31,1.73,2.1,,,1.77,2.1,1.73,2.06,0.25,1.8,2.05,,,1.86,2.05,1.81,1.97,2.8,3.5,2.45,2.9,3.5,2.35,,,,,,,,,,,,,3.0,3.5,2.45,2.94,3.41,2.37,1.8,2.0,,,1.86,2.05,1.79,1.98,0.25,1.7,2.1,,,1.83,2.1,1.77,2.01,2526,,,,,,,3.1,3.7,2.42,1.84,2.16,1.89,2.09,,,,,,,3.1,3.55,2.48,1.87,2.12,1.89,2.11,3.0,3.5,2.38,3.1,3.6,2.25,2.9,3.6,2.3,,,,,,,3.0,3.5,2.38,3.0,3.5,2.35,2.88,3.5,2.38,,,,,,,,,,,,,,,,,,,,
E0,31/01/2026,17:30,Chelsea,West Ham,3,2,H,0,2,A,A Taylor,14,11,6,6,11,13,9,3,3,2,0,1,1.5,4.5,6.0,1.51,4.75,5.5,,,,,,,,,,,,,1.51,4.75,6.5,1.49,4.53,6.05,1.53,2.5,,,1.55,2.5,1.53,2.43,-1.25,2.05,1.8,,,2.05,1.86,2.02,1.76,1.62,4.33,5.0,1.6,4.5,4.8,,,,,,,,,,,,,1.62,4.5,5.5,1.59,4.34,5.11,1.53,2.5,,,1.55,2.63,1.51,2.49,-1.0,2.03,1.83,,,2.03,1.9,1.93,1.84,2526,,,,,,,1.56,4.7,6.6,1.58,2.66,2.13,1.84,,,,,,,1.65,4.6,5.5,1.58,2.68,2.14,1.86,1.5,4.6,6.5,1.5,4.6,6.25,1.5,4.5,6.0,,,,,,,1.6,4.33,5.5,1.57,4.5,5.5,1.6,4.33,5.0,,,,,,,,,,,,,,,,,,,,
E0,31/01/2026,20:00,Liverpool,Newcastle,4,1,H,2,1,H,S Hooper,17,8,7,2,11,7,7,11,1,3,0,0,1.8,3.9,4.1,1.8,4.0,4.0,,,,,,,,,,,,,1.83,4.2,4.2,1.77,3.99,4.12,1.62,2.3,,,1.66,2.3,1.61,2.24,-0.75,2.03,1.83,,,2.03,1.86,1.97,1.82,1.62,4.33,4.75,1.63,4.33,4.75,,,,,,,,,,,,,1.7,4.4,5.0,1.64,4.22,4.78,1.44,2.75,,,1.48,2.8,1.45,2.68,-1.0,2.05,1.8,,,2.08,1.83,2.01,1.78,2526,,,,,,,1.88,4.1,4.3,1.69,2.42,2.12,1.87,,,,,,,1.67,4.4,5.4,1.52,2.9,2.13,1.86,1.8,4.0,4.2,1.77,4.2,4.2,1.75,4.0,4.2,,,,,,,1.7,4.33,5.0,1.66,4.25,4.9,1.62,4.4,4.8,,,,,,,,,,,,,,,,,,,,
E0,01/02/2026,14:00,Aston Villa,Brentford,0,1,A,0,1,A,T Robinson,27,6,5,2,8,8,12,1,0,3,0,0,2.1,3.5,3.4,2.05,3.5,3.5,,,,,,,,,,,,,2.12,3.6,3.6,2.08,3.47,3.46,1.8,2.0,,,1.8,2.06,1.78,1.98,-0.25,1.83,2.03,,,1.83,2.03,1.79,1.99,2.38,3.4,3.0,2.25,3.4,3.1,,,,,,,,,,,,,2.38,3.4,3.3,2.3,3.32,3.13,1.88,1.98,,,1.91,2.0,1.85,1.92,-0.25,2.05,1.8,,,2.05,1.88,1.95,1.83,2526,,,,,,,2.16,3.65,3.65,1.88,2.1,1.86,2.12,,,,,,,2.38,3.45,3.4,1.94,2.04,2.03,1.95,2.1,3.5,3.5,2.08,3.55,3.55,2.05,3.6,3.4,,,,,,,2.3,3.4,3.2,2.28,3.35,3.3,2.3,3.3,3.13,,,,,,,,,,,,,,,,,,,,
E0,01/02/2026,14:00,Man United,Fulham,3,2,H,1,0,H,J Brooks,13,14,6,6,6,9,3,7,2,1,0,0,1.57,4.5,5.0,1.61,4.2,5.0,,,,,,,,,,,,,1.61,4.6,5.5,1.58,4.32,5.2,1.67,2.2,,,1.67,2.25,1.65,2.17,-1.0,1.98,1.88,,,2.0,1.88,1.95,1.82,1.53,4.75,5.25,1.53,4.75,5.25,,,,,,,,,,,,,1.55,4.8,5.75,1.52,4.63,5.47,1.5,2.63,,,1.5,2.75,1.47,2.62,-1.0,1.85,2.0,,,1.85,2.0,1.81,1.96,2526,,,,,,,1.62,4.7,5.8,1.72,2.36,2.04,1.92,,,,,,,1.57,4.9,6.2,1.52,2.88,1.92,2.07,1.6,4.33,5.5,1.57,4.5,5.5,1.57,4.2,5.5,,,,,,,1.53,4.6,5.5,1.52,4.8,5.6,1.5,4.6,5.75,,,,,,,,,,,,,,,,,,,,
E0,01/02/2026,14:00,Nott'm Forest,Crystal Palace,1,1,D,1,1,D,M Salisbury,9,14,1,3,4,12,5,7,1,3,0,0,1.95,3.5,3.9,1.98,3.5,3.7,,,,,,,,,,,,,1.98,3.6,4.0,1.95,3.48,3.88,2.0,1.8,,,2.04,1.8,1.97,1.78,-0.5,1.98,1.88,,,1.98,1.9,1.9,1.83,2.1,3.3,3.6,2.05,3.3,3.7,,,,,,,,,,,,,2.15,3.3,4.0,2.09,3.22,3.73,2.2,1.67,,,2.22,1.76,2.16,1.68,-0.25,1.83,2.03,,,1.83,2.05,1.78,2.02,2526,,,,,,,2.02,3.65,4.1,2.14,1.86,2.03,1.96,,,,,,,2.16,3.4,4.0,2.3,1.76,1.84,2.16,1.95,3.5,4.0,1.97,3.55,4.0,1.95,3.5,3.9,,,,,,,2.15,3.25,3.75,2.12,3.3,3.8,2.1,3.13,3.8,,,,,,,,,,,,,,,,,,,,
E0,01/02/2026,16:30,Tottenham,Man City,2,2,D,0,2,A,R Jones,12,15,6,3,15,12,3,4,3,3,0,0,4.5,4.1,1.73,4.2,4.1,1.73,,,,,,,,,,,,,4.6,4.4,1.75,4.41,4.06,1.71,1.62,2.3,,,1.62,2.32,1.61,2.26,0.75,1.93,1.93,,,1.95,1.93,1.91,1.87,4.75,4.1,1.67,4.6,4.0,1.68,,,,,,,,,,,,,5.5,4.2,1.7,4.98,4.01,1.65,1.62,2.3,,,1.65,2.43,1.61,2.27,0.75,2.03,1.83,,,2.03,1.83,1.99,1.79,2526,,,,,,,4.8,4.3,1.77,1.68,2.42,2.01,1.97,,,,,,,5.4,4.2,1.72,1.68,2.44,2.08,1.9,4.6,4.0,1.73,4.6,4.35,1.68,4.4,4.0,1.67,4.2,4.0,1.75,4.2,4.0,1.73,5.0,4.2,1.7,5.1,4.1,1.66,5.5,4.0,1.62,,,,,,,,,,,,,,,,,,,,
E0,02/02/2026,20:00,Sunderland,Burnley,3,0,H,2,0,H,P Tierney,14,5,5,0,12,10,1,2,1,4,0,0,1.8,3.5,4.75,1.78,3.6,4.6,,,,,,,,,,,,,1.83,3.6,5.0,1.8,3.42,4.73,2.2,1.67,,,2.28,1.67,2.21,1.63,-0.75,2.03,1.78,,,2.05,1.83,2.02,1.75,1.91,3.3,4.33,1.93,3.25,4.4,,,,,,,,,,,,,1.95,3.3,4.75,1.91,3.23,4.46,2.5,1.53,,,2.5,1.57,2.42,1.54,-0.5,1.95,1.9,,,1.95,1.9,1.86,1.87,2526,,,,,,,1.86,3.65,5.0,2.34,1.7,2.13,1.83,,,,,,,2.0,3.45,4.6,2.62,1.61,1.98,2.01,1.8,3.5,5.0,1.81,3.5,4.8,1.8,3.4,4.6,,,,,,,1.91,3.3,4.5,1.94,3.2,4.7,1.85,3.3,4.75,,,,,,,,,,,,,,,,,,,,
E0,06/02/2026,20:00,Leeds,Nott'm Forest,3,1,H,2,0,H,P Bankes,14,16,5,6,9,12,5,10,1,1,0,0,2.2,3.3,3.4,2.2,3.25,3.4,,,,,,,,,,,,,2.33,3.4,3.5,2.21,3.26,3.37,2.1,1.73,,,2.14,1.75,2.08,1.72,-0.25,1.88,1.98,,,1.94,1.98,1.87,1.91,2.1,3.4,3.5,2.1,3.4,3.4,,,,,,,,,,,,,2.22,3.6,3.5,2.14,3.37,3.4,1.91,1.91,,,2.0,1.91,1.91,1.86,-0.25,1.85,2.0,,,1.88,2.0,1.83,1.94,2526,,,,,,,2.3,3.4,3.6,2.2,1.82,1.96,2.02,,,,,,,2.24,3.55,3.6,2.04,1.95,1.92,2.06,2.2,3.4,3.4,2.2,3.4,3.45,2.2,3.2,3.5,,,,,,,2.15,3.6,3.3,2.17,3.45,3.5,2.15,3.3,3.5,,,,,,,,,,,,,,,,,,,,
E0,07/02/2026,12:30,Man United,Tottenham,2,0,H,1,0,H,M Oliver,23,7,10,1,12,11,7,0,1,2,0,1,1.57,4.5,5.0,1.58,4.6,4.75,,,,,,,,,,,,,1.61,4.75,5.4,1.57,4.54,4.97,1.44,2.75,,,1.5,2.75,1.46,2.65,-1.0,1.93,1.93,,,1.95,1.93,1.91,1.86,1.6,4.5,4.75,1.58,4.6,4.8,,,,,,,,,,,,,1.62,4.6,5.3,1.59,4.38,4.95,1.5,2.63,,,1.5,2.75,1.47,2.64,-1.0,2.03,1.83,,,2.03,1.87,1.96,1.82,2526,,,,,,,1.62,4.9,5.5,1.51,2.92,2.0,1.97,,,,,,,1.63,4.6,5.7,1.55,2.78,2.06,1.91,1.6,4.5,5.0,1.57,4.5,5.4,1.55,4.6,5.25,,,,,,,1.6,4.5,5.0,1.6,4.35,5.3,1.6,4.4,5.0,,,,,,,,,,,,,,,,,,,,
E0,07/02/2026,15:00,Arsenal,Sunderland,3,0,H,1,0,H,S Barrott,16,5,5,3,11,8,5,2,1,2,0,0,1.22,6.25,12.0,1.23,6.5,11.5,,,,,,,,,,,,,1.23,6.75,16.0,1.21,6.23,14.08,1.73,2.1,,,1.73,2.23,1.69,2.11,-1.75,1.93,1.93,,,1.93,1.97,1.86,1.91,1.25,6.0,11.0,1.27,5.75,10.5,,,,,,,,,,,,,1.29,6.25,14.0,1.26,5.65,12.04,1.8,2.0,,,1.86,2.06,1.79,1.98,-1.5,1.85,2.0,,,1.85,2.0,1.81,1.92,2526,,,,,,,1.25,7.0,16.0,1.78,2.22,1.98,1.97,,,,,,,1.29,6.4,14.0,1.91,2.06,1.92,2.05,1.22,6.0,15.0,1.2,6.75,16.0,1.2,6.5,15.0,,,,,,,1.29,5.5,13.0,1.23,6.25,14.0,1.25,5.5,13.0,,,,,,,,,,,,,,,,,,,,
E0,07/02/2026,15:00,Bournemouth,Aston Villa,1,1,D,0,1,A,A Taylor,20,7,9,4,4,11,11,4,1,1,0,0,2.7,3.5,2.5,2.65,3.6,2.5,,,,,,,,,,,,,2.8,3.75,2.5,2.68,3.6,2.46,1.67,2.2,,,1.67,2.23,1.66,2.16,0.0,2.0,1.85,,,2.0,1.85,1.95,1.8,2.8,3.6,2.4,2.75,3.6,2.4,,,,,,,,,,,,,2.9,3.75,2.4,2.84,3.58,2.35,1.62,2.3,,,1.67,2.3,1.63,2.23,0.25,1.83,2.03,,,1.83,2.05,1.78,2.0,2526,,,,,,,2.82,3.7,2.64,1.76,2.3,2.06,1.92,,,,,,,2.98,3.75,2.46,1.7,2.4,1.86,2.14,2.63,3.75,2.5,2.7,3.7,2.5,2.7,3.6,2.45,,,,,,,2.8,3.75,2.4,2.9,3.6,2.38,2.88,3.7,2.3,,,,,,,,,,,,,,,,,,,,
E0,07/02/2026,15:00,Burnley,West Ham,0,2,A,0,2,A,D England,18,6,5,4,11,10,5,2,3,1,0,0,3.3,3.5,2.15,3.25,3.4,2.15,,,,,,,,,,,,,3.4,3.6,2.2,3.28,3.5,2.14,1.9,1.95,,,1.93,1.95,1.86,1.89,0.25,1.95,1.9,,,1.96,1.9,1.93,1.83,3.2,3.7,2.15,3.1,3.6,2.2,,,,,,,,,,,,,3.25,3.7,2.25,3.11,3.58,2.19,1.73,2.1,,,1.77,2.2,1.7,2.12,0.25,1.98,1.88,,,1.98,1.93,1.9,1.87,2526,,,,,,,3.5,3.6,2.24,1.95,2.02,2.05,1.94,,,,,,,3.35,3.7,2.28,1.76,2.28,1.99,1.99,3.3,3.6,2.15,3.35,3.6,2.16,3.3,3.5,2.15,,,,,,,3.0,3.6,2.25,3.25,3.6,2.2,3.13,3.7,2.15,,,,,,,,,,,,,,,,,,,,
E0,07/02/2026,15:00,Fulham,Everton,1,2,A,1,0,H,S Attwell,13,16,3,3,11,12,6,6,1,5,0,0,2.1,3.25,3.75,2.1,3.3,3.6,,,,,,,,,,,,,2.15,3.4,3.8,2.1,3.27,3.64,2.2,1.67,,,2.25,1.67,2.18,1.65,-0.25,1.8,2.05,,,1.83,2.05,1.78,2.0,2.1,3.4,3.5,2.15,3.4,3.3,,,,,,,,,,,,,2.17,3.6,3.55,2.13,3.41,3.4,1.91,1.91,,,1.97,1.94,1.89,1.87,-0.25,1.83,2.03,,,1.85,2.03,1.81,1.97,2526,,,,,,,2.2,3.4,3.9,2.32,1.74,1.88,2.11,,,,,,,2.24,3.45,3.7,1.99,2.0,1.92,2.06,2.1,3.4,3.6,2.1,3.35,3.7,2.1,3.3,3.6,,,,,,,2.15,3.6,3.3,2.17,3.35,3.55,2.1,3.5,3.4,,,,,,,,,,,,,,,,,,,,
E0,07/02/2026,15:00,Wolves,Chelsea,1,3,A,0,3,A,J Gillett,11,15,3,6,9,10,3,4,1,1,0,0,5.0,4.0,1.67,5.0,4.0,1.66,,,,,,,,,,,,,5.4,4.2,1.7,4.9,4.05,1.65,1.73,2.1,,,1.73,2.2,1.68,2.12,0.75,2.03,1.83,,,2.04,1.85,1.97,1.8,5.0,4.2,1.6,5.25,4.1,1.61,,,,,,,,,,,,,5.75,4.33,1.62,5.31,4.19,1.58,1.62,2.3,,,1.66,2.3,1.62,2.25,1.0,1.83,2.03,,,1.85,2.03,1.83,1.94,2526,,,,,,,5.4,4.3,1.69,1.78,2.26,2.11,1.88,,,,,,,6.0,4.4,1.64,1.7,2.4,1.91,2.08,5.0,4.2,1.67,5.4,4.2,1.63,5.0,4.0,1.65,,,,,,,5.0,4.2,1.57,5.75,4.2,1.6,5.5,4.33,1.55,,,,,,,,,,,,,,,,,,,,
E0,07/02/2026,17:30,Newcastle,Brentford,2,3,A,1,2,A,A Madley,16,11,4,5,14,18,9,3,2,2,0,0,2.1,3.5,3.5,2.05,3.6,3.4,,,,,,,,,,,,,2.1,3.75,3.75,2.05,3.53,3.51,1.73,2.1,,,1.73,2.2,1.67,2.14,-0.25,1.8,2.05,,,1.83,2.06,1.75,2.02,1.91,3.75,3.75,1.9,3.7,3.75,,,,,,,,,,,,,1.95,4.0,3.9,1.92,3.7,3.77,1.67,2.2,,,1.68,2.38,1.64,2.22,-0.5,1.93,1.93,,,1.93,1.93,1.86,1.86,2526,,,,,,,2.12,3.75,3.75,1.75,2.28,1.84,2.16,,,,,,,2.0,3.85,4.0,1.72,2.36,1.98,2.01,2.05,3.75,3.5,2.06,3.55,3.65,2.05,3.6,3.5,,,,,,,1.95,4.0,3.6,1.95,3.75,3.8,1.93,3.6,3.9,,,,,,,,,,,,,,,,,,,,
E0,08/02/2026,14:00,Brighton,Crystal Palace,0,1,A,0,0,D,T Bramall,7,7,2,4,12,9,3,4,1,3,0,0,1.95,3.5,3.9,2.0,3.5,3.6,,,,,,,,,,,,,2.0,3.75,3.9,1.96,3.57,3.68,1.8,2.0,,,1.85,2.0,1.79,1.96,-0.5,1.98,1.88,,,1.98,1.9,1.92,1.82,2.2,3.3,3.4,2.15,3.4,3.4,,,,,,,,,,,,,2.22,3.4,3.55,2.19,3.27,3.39,1.91,1.91,,,1.97,1.91,1.91,1.85,-0.25,1.9,1.95,,,1.91,1.95,1.85,1.91,2526,,,,,,,2.06,3.7,4.0,1.9,2.08,2.06,1.92,,,,,,,2.3,3.4,3.6,2.02,1.96,1.94,2.03,2.0,3.75,3.6,1.97,3.7,3.8,1.93,3.6,3.6,,,,,,,2.2,3.4,3.4,2.17,3.25,3.55,2.2,3.25,3.4,,,,,,,,,,,,,,,,,,,,
E0,08/02/2026,16:30,Liverpool,Man City,1,2,A,0,0,D,C Pawson,15,17,4,7,13,16,5,4,2,4,1,0,2.38,3.7,2.75,2.35,3.7,2.75,,,,,,,,,,,,,2.42,3.75,2.88,2.34,3.68,2.76,1.57,2.38,,,1.6,2.4,1.56,2.36,-0.25,2.05,1.8,,,2.05,1.83,2.0,1.77,2.1,3.9,3.0,2.1,3.8,3.0,,,,,,,,,,,,,2.25,4.0,3.1,2.15,3.84,3.01,1.44,2.75,,,1.48,2.75,1.45,2.66,-0.25,1.88,1.98,,,1.9,1.98,1.87,1.91,2526,,,,,,,2.48,3.85,2.94,1.61,2.56,2.15,1.85,,,,,,,2.24,4.0,3.2,1.53,2.88,1.97,2.01,2.38,3.75,2.8,2.35,3.75,2.88,2.3,3.7,2.75,,,,,,,2.25,3.75,3.1,2.2,3.85,3.05,2.15,3.9,3.0,2.15,3.9,3.0,2.1,3.8,3.0,,,,,,,,,,,,,,
E0,10/02/2026,19:30,Chelsea,Leeds,2,2,D,1,0,H,R Jones,19,4,4,2,9,13,4,1,4,4,0,0,1.55,4.33,5.5,1.57,4.33,5.25,,,,,,,,,,,,,1.57,4.4,6.0,1.55,4.28,5.66,1.62,2.3,,,1.63,2.3,1.61,2.24,-1.0,1.9,1.95,,,1.91,1.95,1.87,1.9,1.53,4.33,5.75,1.52,4.6,5.5,,,,,,,,,,,,,1.53,4.6,6.5,1.51,4.4,6.03,1.67,2.2,,,1.67,2.38,1.61,2.25,-1.0,1.85,2.0,,,1.85,2.05,1.79,1.98,2526,,,,,,,1.57,4.5,6.6,1.67,2.44,1.97,2.0,,,,,,,1.56,4.7,6.8,1.72,2.38,1.93,2.05,1.57,4.33,6.0,1.54,4.3,6.0,1.53,4.4,5.75,,,,,,,1.5,4.5,6.5,1.49,4.5,6.5,1.5,4.5,6.0,,,,,,,,,,,,,,,,,,,,
E0,10/02/2026,19:30,Everton,Bournemouth,1,2,A,1,0,H,A Madley,16,11,6,4,14,15,7,2,1,3,1,0,2.38,3.4,3.0,2.37,3.4,2.9,,,,,,,,,,,,,2.5,3.45,3.0,2.41,3.35,2.91,1.88,1.98,,,1.88,1.98,1.82,1.93,0.0,1.7,2.1,,,1.83,2.1,1.71,2.06,2.3,3.5,3.0,2.3,3.4,3.0,,,,,,,,,,,,,2.38,3.5,3.1,2.32,3.41,3.0,1.73,2.1,,,1.73,2.2,1.7,2.09,-0.25,2.03,1.83,,,2.03,1.85,1.96,1.78,2526,,,,,,,2.56,3.5,3.05,1.91,2.06,1.82,2.18,,,,,,,2.42,3.6,3.2,1.78,2.24,2.08,1.9,2.5,3.4,2.88,2.38,3.45,3.0,2.4,3.3,3.0,,,,,,,2.38,3.5,3.0,2.38,3.4,3.05,2.3,3.5,3.0,,,,,,,,,,,,,,,,,,,,
E0,10/02/2026,19:30,Tottenham,Newcastle,1,2,A,0,1,A,A Taylor,16,21,2,5,15,11,2,12,3,2,0,0,3.2,3.6,2.2,3.1,3.5,2.25,,,,,,,,,,,,,3.25,3.6,2.3,3.18,3.48,2.2,1.73,2.1,,,1.73,2.15,1.7,2.11,0.25,1.93,1.93,,,1.94,1.93,1.89,1.88,3.0,3.7,2.25,3.0,3.6,2.25,,,,,,,,,,,,,3.15,3.75,2.3,3.0,3.6,2.25,1.57,2.38,,,1.58,2.45,1.56,2.38,0.25,1.88,1.98,,,1.88,1.98,1.84,1.93,2526,,,,,,,3.35,3.7,2.3,1.77,2.26,2.0,1.98,,,,,,,3.15,3.8,2.36,1.63,2.56,1.93,2.05,3.2,3.5,2.3,3.2,3.55,2.23,3.25,3.4,2.2,,,,,,,3.0,3.75,2.3,3.15,3.6,2.25,3.0,3.6,2.25,,,,,,,,,,,,,,,,,,,,
E0,10/02/2026,20:15,West Ham,Man United,1,1,D,0,0,D,S Hooper,7,9,3,3,10,4,5,3,1,1,0,0,4.5,4.2,1.7,4.2,4.2,1.72,,,,,,,,,,,,,4.5,4.4,1.73,4.36,4.23,1.7,1.5,2.63,,,1.5,2.75,1.47,2.6,0.75,1.98,1.88,,,1.98,1.88,1.92,1.82,4.33,4.33,1.7,4.33,4.2,1.7,,,,,,,,,,,,,4.8,4.33,1.73,4.47,4.15,1.69,1.5,2.63,,,1.5,2.7,1.48,2.59,0.75,2.0,1.85,,,2.0,1.9,1.92,1.82,2526,,,,,,,4.8,4.5,1.74,1.53,2.86,2.05,1.92,,,,,,,4.7,4.5,1.74,1.56,2.76,2.06,1.93,4.5,4.2,1.73,4.5,4.4,1.68,4.4,4.2,1.7,,,,,,,4.5,4.2,1.73,4.6,4.2,1.7,4.8,4.1,1.67,,,,,,,,,,,,,,,,,,,,
E0,11/02/2026,19:30,Aston Villa,Brighton,1,0,H,0,0,D,P Bankes,15,9,1,3,9,15,7,5,2,3,0,0,1.91,3.7,3.8,1.9,3.75,3.75,,,,,,,,,,,,,1.95,3.8,3.85,1.92,3.67,3.79,1.8,2.0,,,1.8,2.08,1.75,2.02,-0.5,1.93,1.93,,,1.93,1.93,1.86,1.86,2.1,3.75,3.25,2.05,3.7,3.3,,,,,,,,,,,,,2.1,3.8,3.6,2.06,3.69,3.34,1.62,2.3,,,1.65,2.32,1.61,2.27,-0.25,1.83,2.03,,,1.83,2.08,1.77,2.02,2526,,,,,,,2.0,3.85,4.0,1.88,2.1,2.0,1.98,,,,,,,2.12,3.9,3.55,1.69,2.42,1.86,2.13,1.95,3.75,3.75,1.95,3.65,3.85,1.93,3.7,3.8,,,,,,,2.1,3.75,3.4,2.02,3.7,3.6,2.05,3.6,3.4,,,,,,,,,,,,,,,,,,,,
E0,11/02/2026,19:30,Crystal Palace,Burnley,2,3,A,2,3,A,F Hallam,21,8,3,3,11,8,8,2,2,1,0,0,1.57,4.0,6.25,1.57,4.1,5.75,,,,,,,,,,,,,1.58,4.2,6.5,1.55,3.98,6.18,1.98,1.88,,,1.98,1.91,1.91,1.83,-1.0,1.98,1.88,,,1.98,1.9,1.93,1.84,1.45,4.5,7.0,1.47,4.5,6.5,,,,,,,,,,,,,1.48,4.5,7.5,1.46,4.45,6.9,1.73,2.1,,,1.78,2.1,1.73,2.07,-1.25,2.03,1.83,,,2.04,1.83,2.0,1.78,2526,,,,,,,1.59,4.3,7.0,2.02,1.94,2.03,1.92,,,,,,,1.53,4.6,7.4,1.84,2.16,2.15,1.85,1.57,4.0,6.5,1.57,4.0,6.5,1.53,4.0,6.5,,,,,,,1.44,4.5,7.5,1.47,4.5,7.0,1.45,4.5,7.0,,,,,,,,,,,,,,,,,,,,
E0,11/02/2026,19:30,Man City,Fulham,3,0,H,3,0,H,P Tierney,13,14,5,3,8,10,4,4,3,1,0,0,1.36,5.5,7.0,1.35,5.5,7.0,,,,,,,,,,,,,1.38,5.5,9.0,1.34,5.33,8.08,1.53,2.5,,,1.56,2.5,1.52,2.45,-1.5,2.0,1.85,,,2.0,1.9,1.92,1.82,1.36,5.5,7.5,1.37,5.5,6.5,,,,,,,,,,,,,1.4,5.5,8.0,1.37,5.23,7.38,1.44,2.75,,,1.45,2.85,1.43,2.73,-1.5,2.03,1.78,,,2.05,1.87,1.97,1.77,2526,,,,,,,1.38,5.8,9.4,1.56,2.74,2.06,1.9,,,,,,,1.41,5.7,8.4,1.46,3.1,2.11,1.87,1.33,5.5,9.0,1.34,5.5,9.0,1.33,5.25,8.5,,,,,,,1.4,5.0,7.5,1.37,5.2,8.0,1.36,5.25,7.5,,,,,,,,,,,,,,,,,,,,
E0,11/02/2026,19:30,Nott'm Forest,Wolves,0,0,D,0,0,D,T Robinson,35,7,10,3,12,13,8,2,0,2,0,0,1.7,3.8,5.0,1.71,3.8,4.8,,,,,,,,,,,,,1.75,3.8,5.5,1.69,3.72,5.09,2.0,1.85,,,2.0,1.85,1.94,1.81,-0.75,1.93,1.93,,,1.93,1.95,1.87,1.9,1.75,3.9,4.33,1.73,3.9,4.5,,,,,,,,,,,,,1.75,4.0,5.1,1.73,3.79,4.66,1.8,2.0,,,1.82,2.1,1.76,2.02,-0.75,2.0,1.85,,,2.0,1.92,1.91,1.86,2526,,,,,,,1.77,3.85,5.6,2.06,1.92,2.0,1.98,,,,,,,1.82,3.95,4.9,1.84,2.16,2.04,1.93,1.7,3.75,5.5,1.68,3.8,5.3,1.7,3.75,5.0,,,,,,,1.73,4.0,4.6,1.71,3.8,5.1,1.75,3.8,4.5,,,,,,,,,,,,,,,,,,,,
E0,11/02/2026,20:15,Sunderland,Liverpool,0,1,A,0,0,D,C Kavanagh,11,23,2,3,8,10,3,11,1,0,0,0,4.75,3.8,1.73,4.4,3.8,1.77,,,,,,,,,,,,,5.0,4.0,1.77,4.65,3.83,1.72,1.8,2.0,,,1.83,2.0,1.79,1.96,0.75,1.93,1.93,,,1.93,1.93,1.89,1.89,4.33,3.8,1.75,4.33,3.75,1.8,,,,,,,,,,,,,4.7,4.0,1.8,4.45,3.83,1.75,1.8,2.0,,,1.8,2.17,1.73,2.07,0.75,1.88,1.98,,,1.88,1.98,1.84,1.93,2526,,,,,,,5.0,4.0,1.79,1.87,2.1,1.96,2.02,,,,,,,4.8,4.1,1.81,1.84,2.18,1.94,2.03,5.0,3.75,1.73,4.9,4.0,1.71,4.75,3.9,1.7,4.4,3.8,1.75,4.0,3.6,1.7,4.5,3.75,1.8,4.7,3.85,1.76,4.6,3.9,1.73,,,,,,,,,,,,,,,,,,,,
E0,12/02/2026,20:00,Brentford,Arsenal,1,1,D,0,0,D,J Brooks,12,7,3,2,12,11,6,4,3,2,0,0,4.75,3.9,1.7,4.8,3.8,1.7,,,,,,,,,,,,,5.1,4.0,1.7,4.83,3.86,1.69,1.88,1.98,,,1.9,2.02,1.83,1.92,0.75,1.93,1.93,,,1.95,1.93,1.91,1.87,5.0,3.75,1.67,4.8,3.7,1.71,,,,,,,,,,,,,5.6,4.0,1.71,5.08,3.77,1.68,1.9,1.95,,,1.91,1.96,1.85,1.91,0.75,1.98,1.88,,,1.98,1.91,1.94,1.84,2526,,,,,,,5.3,4.1,1.74,1.94,2.02,2.01,1.94,,,,,,,5.6,4.1,1.72,1.95,2.04,2.04,1.93,5.0,4.0,1.7,5.1,3.95,1.68,4.75,3.75,1.67,4.8,3.8,1.7,4.8,3.8,1.7,5.0,4.0,1.7,5.6,3.75,1.67,5.0,3.9,1.67,,,,,,,,,,,,,,,,,,,,
E0,18/02/2026,20:00,Wolves,Arsenal,2,2,D,0,1,A,P Tierney,5,10,2,4,6,8,1,3,2,1,0,0,11.0,5.25,1.29,10.0,5.5,1.3,,,,,,,,,,,,,12.0,5.8,1.3,10.94,5.48,1.28,1.73,2.1,,,1.73,2.2,1.69,2.11,1.5,2.0,1.85,,,2.0,1.86,1.92,1.81,12.0,6.5,1.22,10.5,5.75,1.27,,,,,,,,,,,,,14.0,6.5,1.27,12.35,5.93,1.24,1.73,2.1,,,1.73,2.28,1.69,2.13,1.75,1.83,2.03,,,1.89,2.03,1.83,1.95,2526,,,,,,,13.0,6.2,1.3,1.75,2.28,2.06,1.9,,,,,,,14.0,6.8,1.27,1.78,2.26,1.88,2.1,12.0,5.5,1.29,11.5,5.6,1.29,12.0,5.75,1.25,,,,,,,13.0,6.0,1.25,14.0,6.25,1.23,13.0,6.0,1.22,,,,,,,,,,,,,,,,,,,,
E0,21/02/2026,15:00,Aston Villa,Leeds,1,1,D,0,1,A,M Oliver,16,14,4,4,11,16,7,2,1,4,0,0,1.85,3.6,4.33,1.87,3.6,4.0,,,,,,,,,,,,,1.9,3.8,4.5,1.84,3.62,4.24,1.83,2.03,,,1.86,2.03,1.81,1.95,-0.5,1.85,2.0,,,1.85,2.0,1.8,1.94,1.83,3.6,4.33,1.83,3.7,4.1,,,,,,,,,,,,,1.87,3.75,4.5,1.82,3.68,4.18,1.8,2.0,,,1.8,2.1,1.77,2.02,-0.5,1.85,2.0,,,1.91,2.0,1.81,1.93,2526,,,,,,,1.89,3.8,4.7,1.88,2.08,1.89,2.11,,,,,,,1.9,3.85,4.6,1.83,2.18,1.9,2.09,1.9,3.75,4.0,1.8,3.8,4.5,1.83,3.7,4.2,,,,,,,1.83,3.75,4.2,1.77,3.75,4.5,1.83,3.75,4.1,,,,,,,,,,,,,,,,,,,,
E0,21/02/2026,15:00,Brentford,Brighton,0,2,A,0,2,A,J Gillett,13,11,3,7,9,14,6,4,1,2,0,0,2.0,3.7,3.5,2.0,3.5,3.6,,,,,,,,,,,,,2.05,3.8,3.6,2.01,3.7,3.45,1.8,2.0,,,1.8,2.1,1.74,2.02,-0.5,2.03,1.83,,,2.03,1.83,1.96,1.78,2.3,3.4,3.1,2.25,3.4,3.1,,,,,,,,,,,,,2.3,3.6,3.2,2.25,3.39,3.13,1.73,2.1,,,1.8,2.1,1.75,2.04,-0.25,2.03,1.83,,,2.03,1.9,1.92,1.86,2526,,,,,,,2.1,3.85,3.65,1.82,2.16,2.1,1.89,,,,,,,2.38,3.5,3.35,1.82,2.18,2.04,1.95,2.05,3.75,3.4,2.05,3.75,3.5,2.0,3.7,3.5,,,,,,,2.25,3.5,3.1,2.28,3.3,3.2,2.15,3.6,3.2,,,,,,,,,,,,,,,,,,,,
E0,21/02/2026,15:00,Chelsea,Burnley,1,1,D,1,0,H,L Smith,12,12,2,4,13,11,9,5,2,2,1,0,1.22,6.5,12.0,1.23,7.0,11.0,,,,,,,,,,,,,1.23,7.0,15.0,1.2,6.7,12.88,1.44,2.75,,,1.45,2.85,1.42,2.73,-2.0,2.03,1.83,,,2.03,1.87,1.96,1.81,1.25,6.25,11.0,1.26,6.5,9.75,,,,,,,,,,,,,1.26,6.75,13.0,1.23,6.31,11.6,1.5,2.63,,,1.5,2.8,1.45,2.69,-1.75,1.9,1.95,,,1.9,2.04,1.82,1.97,2526,,,,,,,1.23,7.6,15.5,1.47,3.0,2.08,1.89,,,,,,,1.25,7.6,14.0,1.51,2.94,1.94,2.04,1.22,6.5,13.0,1.21,6.75,14.0,1.18,7.0,15.0,,,,,,,1.25,6.0,12.0,1.21,6.75,13.0,1.22,6.5,12.0,,,,,,,,,,,,,,,,,,,,
E0,21/02/2026,17:30,West Ham,Bournemouth,0,0,D,0,0,D,S Barrott,20,10,3,5,10,11,9,5,1,1,0,0,2.5,3.7,2.63,2.4,3.7,2.7,,,,,,,,,,,,,2.5,3.75,2.8,2.41,3.65,2.71,1.57,2.38,,,1.58,2.43,1.54,2.38,0.0,1.85,2.0,,,1.85,2.0,1.77,1.98,2.75,3.6,2.45,2.7,3.6,2.45,,,,,,,,,,,,,2.75,3.75,2.6,2.66,3.62,2.46,1.57,2.38,,,1.6,2.55,1.55,2.38,0.0,2.05,1.8,,,2.05,1.85,1.93,1.83,2526,,,,,,,2.56,3.8,2.84,1.6,2.58,1.94,2.04,,,,,,,2.86,3.85,2.54,1.64,2.54,2.11,1.89,2.38,3.75,2.75,2.45,3.65,2.75,2.4,3.6,2.75,2.4,3.7,2.7,2.37,3.7,2.7,2.63,3.75,2.5,2.65,3.7,2.48,2.55,3.6,2.6,2.7,3.6,2.45,2.7,3.6,2.45,,,,,,,,,,,,,,
E0,21/02/2026,20:00,Man City,Newcastle,2,1,H,2,1,H,T Bramall,15,13,7,7,12,13,5,5,2,5,0,0,1.45,5.0,5.5,1.47,5.0,5.5,,,,,,,,,,,,,1.48,5.0,6.1,1.46,4.92,5.82,1.44,2.75,,,1.45,2.85,1.41,2.77,-1.25,2.0,1.85,,,2.0,1.86,1.95,1.83,1.57,4.75,5.0,1.55,4.8,5.0,,,,,,,,,,,,,1.57,4.8,5.8,1.54,4.63,5.31,1.44,2.75,,,1.46,2.9,1.43,2.73,-1.0,1.93,1.93,,,1.93,1.98,1.83,1.95,2526,,,,,,,1.51,5.3,6.4,1.46,3.05,2.03,1.95,,,,,,,1.57,4.9,6.0,1.49,3.0,1.92,2.05,1.44,5.0,6.0,1.48,5.0,6.1,1.45,5.0,6.0,1.48,5.0,5.5,1.48,5.0,5.5,1.53,4.6,5.5,1.52,4.6,5.8,1.5,4.75,5.75,1.55,4.8,5.0,1.55,4.8,5.0,,,,,,,,,,,,,,
E0,22/02/2026,14:00,Crystal Palace,Wolves,1,0,H,0,0,D,T Kirk,14,12,3,7,19,13,7,3,5,1,0,1,1.65,4.0,5.0,1.61,4.0,5.25,,,,,,,,,,,,,1.65,4.2,5.5,1.62,3.99,5.26,1.91,1.91,,,1.95,1.91,1.89,1.86,-0.75,1.83,2.03,,,1.83,2.03,1.78,1.99,1.75,3.8,4.33,1.78,3.75,4.33,,,,,,,,,,,,,1.83,3.8,4.8,1.77,3.71,4.44,1.91,1.91,,,1.91,1.96,1.87,1.9,-0.5,1.75,2.05,,,1.83,2.07,1.73,2.02,2526,,,,,,,1.69,4.1,5.7,2.04,1.93,1.88,2.11,,,,,,,1.85,3.9,4.7,1.96,2.02,1.86,2.14,1.62,4.0,5.5,1.63,4.1,5.4,1.62,3.9,5.5,1.61,4.0,5.25,1.6,4.0,5.25,1.8,3.75,4.33,1.77,3.7,4.7,1.7,3.8,4.8,1.8,3.75,4.33,1.8,3.7,4.33,,,,,,,,,,,,,,
E0,22/02/2026,14:00,Nott'm Forest,Liverpool,0,1,A,0,0,D,A Taylor,18,10,2,4,13,9,7,2,2,0,0,0,4.1,3.9,1.8,4.0,3.8,1.83,,,,,,,,,,,,,4.4,4.0,1.83,4.08,3.88,1.8,1.73,2.1,,,1.73,2.2,1.68,2.13,0.75,1.83,2.03,,,1.83,2.03,1.8,1.98,3.6,3.9,1.91,3.75,3.75,1.9,,,,,,,,,,,,,4.1,3.9,1.91,3.83,3.78,1.87,1.67,2.2,,,1.68,2.28,1.64,2.2,0.5,1.93,1.93,,,1.94,1.93,1.91,1.83,2526,,,,,,,4.4,4.1,1.88,1.77,2.22,1.85,2.15,,,,,,,4.0,3.9,2.0,1.7,2.4,2.0,1.99,4.0,4.0,1.83,4.4,3.95,1.79,4.2,3.8,1.8,4.0,3.8,1.83,3.9,3.8,1.83,4.0,3.75,1.9,3.9,3.8,1.88,4.1,3.8,1.8,3.75,3.75,1.91,3.75,3.7,1.91,,,,,,,,,,,,,,
E0,22/02/2026,14:00,Sunderland,Fulham,1,3,A,0,0,D,C Pawson,12,12,2,4,6,13,6,4,1,1,0,0,2.7,3.25,2.7,2.6,3.3,2.7,,,,,,,,,,,,,2.7,3.4,2.75,2.65,3.27,2.67,2.2,1.67,,,2.2,1.71,2.12,1.68,0.0,1.93,1.93,,,1.93,1.95,1.88,1.89,2.88,3.25,2.5,2.85,3.2,2.55,,,,,,,,,,,,,2.9,3.3,2.62,2.85,3.18,2.55,2.0,1.8,,,2.05,1.83,2.01,1.78,0.0,2.1,1.7,,,2.1,1.83,1.99,1.77,2526,,,,,,,2.8,3.35,2.84,2.26,1.75,1.98,2.0,,,,,,,3.1,3.3,2.64,2.12,1.87,2.16,1.85,2.63,3.3,2.75,2.7,3.4,2.65,2.7,3.25,2.63,2.62,3.3,2.7,2.6,3.25,2.7,2.8,3.3,2.6,2.88,3.2,2.55,2.88,3.13,2.6,2.87,3.2,2.5,2.8,3.2,2.5,,,,,,,,,,,,,,
E0,22/02/2026,16:30,Tottenham,Arsenal,1,4,A,1,1,D,P Bankes,6,20,5,7,17,11,2,5,2,1,0,0,6.0,4.0,1.57,5.5,4.0,1.58,,,,,,,,,,,,,6.1,4.2,1.6,5.83,3.98,1.56,1.8,2.0,,,1.83,2.02,1.77,1.98,1.0,1.88,1.98,,,1.88,1.98,1.84,1.93,7.5,4.5,1.4,7.25,4.4,1.46,,,,,,,,,,,,,7.8,4.5,1.5,7.2,4.35,1.45,1.85,2.0,,,1.9,2.07,1.82,1.96,1.25,1.88,1.98,,,1.88,2.07,1.78,2.01,2526,,,,,,,6.2,4.3,1.62,1.87,2.1,1.92,2.07,,,,,,,8.0,5.3,1.44,1.93,2.06,1.95,2.02,5.5,4.2,1.57,6.1,4.1,1.58,5.75,4.0,1.53,,,,,,,7.5,4.5,1.44,7.5,4.4,1.44,6.5,4.2,1.5,,,,,,,,,,,,,,,,,,,,
E0,23/02/2026,20:00,Everton,Man United,0,1,A,0,0,D,D England,12,11,4,3,12,7,10,1,2,3,0,0,3.7,3.75,1.91,3.5,3.75,1.98,,,,,,,,,,,,,3.7,3.9,2.0,3.57,3.73,1.94,1.73,2.1,,,1.73,2.15,1.68,2.12,0.5,1.9,1.95,,,1.9,1.95,1.82,1.91,3.3,3.4,1.91,3.4,3.6,2.05,,,,,,,,,,,,,3.75,3.75,2.05,3.52,3.62,1.99,1.73,2.1,,,1.78,2.1,1.74,2.05,0.5,1.83,2.03,,,1.9,2.03,1.8,1.94,2526,,,,,,,3.8,3.95,2.02,1.76,2.28,1.96,2.02,,,,,,,3.7,3.85,2.1,1.83,2.18,1.88,2.12,3.6,3.6,2.0,3.7,3.9,1.95,3.6,3.6,1.93,,,,,,,3.5,3.75,2.0,3.6,3.65,2.0,3.5,3.7,2.0,,,,,,,,,,,,,,,,,,,,
E0,27/02/2026,20:00,Wolves,Aston Villa,2,0,H,0,0,D,C Pawson,9,14,2,5,13,19,0,5,3,3,0,0,4.1,3.7,1.85,4.2,3.7,1.83,,,,,,,,,,,,,4.35,3.7,1.9,4.17,3.64,1.84,1.85,2.0,,,1.91,2.0,1.84,1.93,0.5,2.03,1.83,,,2.03,1.85,1.95,1.79,4.75,3.7,1.75,4.6,3.7,1.77,,,,,,,,,,,,,4.8,3.85,1.8,4.6,3.74,1.74,1.91,1.91,,,1.91,1.97,1.87,1.89,0.75,1.85,2.0,,,1.89,2.0,1.84,1.93,2526,,,,,,,4.6,3.85,1.9,1.96,2.02,2.11,1.89,,,,,,,5.2,3.95,1.79,1.99,2.0,1.95,2.04,4.0,3.6,1.9,4.35,3.6,1.83,4.2,3.7,1.83,,,,,,,4.33,3.75,1.8,4.8,3.85,1.71,4.6,3.75,1.75,,,,,,,,,,,,,,,,,,,,
E0,28/02/2026,12:30,Bournemouth,Sunderland,1,1,D,0,1,A,J Gillett,21,8,5,4,15,12,7,3,4,2,0,0,1.8,3.75,4.33,1.75,3.9,4.33,,,,,,,,,,,,,1.8,4.0,4.5,1.77,3.8,4.34,1.8,2.0,,,1.8,2.1,1.77,2.02,-0.75,2.0,1.85,,,2.0,1.85,1.96,1.82,1.83,3.6,4.33,1.8,3.75,4.2,,,,,,,,,,,,,1.83,3.75,4.6,1.8,3.68,4.27,1.9,1.95,,,1.9,2.0,1.82,1.95,-0.5,1.83,2.03,,,1.83,2.05,1.77,1.98,2526,,,,,,,1.83,3.95,4.8,1.88,2.1,2.06,1.91,,,,,,,1.88,3.9,4.7,1.92,2.06,1.88,2.12,1.8,3.75,4.2,1.77,3.8,4.5,1.75,3.8,4.5,,,,,,,1.8,3.75,4.2,1.78,3.65,4.6,1.83,3.7,4.2,,,,,,,,,,,,,,,,,,,,
E0,28/02/2026,15:00,Burnley,Brentford,3,4,A,1,3,A,S Barrott,12,16,3,7,9,9,4,8,2,2,0,0,4.5,3.9,1.73,4.33,3.8,1.75,,,,,,,,,,,,,4.9,4.0,1.76,4.58,3.81,1.73,1.85,2.0,,,1.89,2.0,1.81,1.94,0.75,1.88,1.98,,,1.91,1.98,1.86,1.91,4.33,3.9,1.75,4.2,3.8,1.77,,,,,,,,,,,,,4.5,3.95,1.8,4.34,3.79,1.77,1.8,2.0,,,1.8,2.12,1.74,2.06,0.75,1.85,2.0,,,1.85,2.0,1.82,1.95,2526,,,,,,,5.0,4.0,1.79,1.9,2.08,1.95,2.02,,,,,,,4.7,4.0,1.84,1.81,2.2,1.9,2.09,4.6,3.75,1.73,4.9,3.9,1.7,4.75,3.8,1.73,,,,,,,4.33,3.75,1.8,4.5,3.8,1.76,4.5,3.8,1.75,,,,,,,,,,,,,,,,,,,,
E0,28/02/2026,15:00,Liverpool,West Ham,5,2,H,3,0,H,T Robinson,18,11,7,4,12,11,10,5,2,2,0,0,1.42,4.75,6.5,1.42,5.5,6.0,,,,,,,,,,,,,1.44,5.5,7.0,1.41,5.02,6.68,1.44,2.75,,,1.48,2.8,1.42,2.73,-1.25,1.88,1.98,,,1.88,2.0,1.82,1.94,1.4,5.0,7.0,1.42,5.25,6.25,,,,,,,,,,,,,1.44,5.25,7.0,1.41,4.98,6.69,1.44,2.75,,,1.45,2.9,1.43,2.75,-1.25,1.83,2.03,,,1.9,2.03,1.82,1.95,2526,,,,,,,1.46,5.4,7.4,1.5,2.92,1.95,1.98,,,,,,,1.44,5.6,7.4,1.5,2.96,1.93,2.05,1.4,5.0,7.0,1.4,5.2,7.0,1.4,5.0,7.0,,,,,,,1.44,5.0,6.5,1.4,5.1,7.0,1.4,5.0,7.0,,,,,,,,,,,,,,,,,,,,
E0,28/02/2026,15:00,Newcastle,Everton,2,3,A,1,2,A,S Attwell,17,9,7,5,15,7,7,2,2,3,0,0,1.7,4.0,4.75,1.68,4.0,4.6,,,,,,,,,,,,,1.73,4.0,4.8,1.69,3.92,4.67,1.73,2.1,,,1.77,2.1,1.73,2.05,-0.75,1.88,1.98,,,1.9,1.98,1.86,1.91,1.75,3.8,4.33,1.8,3.75,4.2,,,,,,,,,,,,,1.86,3.8,4.6,1.78,3.73,4.34,1.8,2.0,,,1.8,2.1,1.76,2.02,-0.5,1.75,2.05,,,1.85,2.05,1.74,2.0,2526,,,,,,,1.76,4.1,5.0,1.8,2.2,1.97,2.0,,,,,,,1.87,3.95,4.7,1.87,2.12,1.87,2.14,1.7,4.0,4.6,1.68,3.95,4.8,1.67,4.0,4.8,,,,,,,1.8,3.75,4.2,1.78,3.7,4.6,1.75,3.8,4.5,,,,,,,,,,,,,,,,,,,,
E0,28/02/2026,17:30,Leeds,Man City,0,1,A,0,1,A,P Bankes,14,14,2,5,10,8,5,3,0,3,0,0,4.75,4.33,1.62,4.75,4.2,1.63,,,,,,,,,,,,,5.25,4.75,1.63,5.0,4.25,1.6,1.62,2.3,,,1.65,2.3,1.61,2.24,1.0,1.8,2.05,,,1.9,2.05,1.8,1.98,4.75,3.9,1.7,4.6,3.8,1.73,,,,,,,,,,,,,5.0,4.0,1.73,4.77,3.91,1.69,1.83,2.03,,,1.83,2.1,1.76,2.01,0.75,1.95,1.9,,,1.95,1.91,1.94,1.84,2526,,,,,,,5.5,4.6,1.65,1.68,2.44,1.86,2.13,,,,,,,5.2,4.2,1.74,1.88,2.12,2.03,1.94,5.0,4.2,1.62,5.2,4.2,1.61,5.25,4.2,1.6,,,,,,,5.0,4.0,1.67,4.9,4.0,1.67,5.0,4.0,1.65,4.6,3.8,1.73,4.5,3.8,1.73,,,,,,,,,,,,,,
E0,01/03/2026,14:00,Brighton,Nott'm Forest,2,1,H,2,1,H,A Madley,14,13,7,4,12,13,4,4,3,1,0,0,2.0,3.6,3.5,2.05,3.6,3.4,,,,,,,,,,,,,2.1,3.65,3.6,2.05,3.54,3.42,1.83,2.03,,,1.83,2.04,1.79,1.97,-0.5,2.03,1.83,,,2.03,1.83,1.98,1.76,2.1,3.5,3.5,2.1,3.4,3.4,,,,,,,,,,,,,2.15,3.6,3.6,2.09,3.39,3.48,1.95,1.9,,,1.96,1.94,1.88,1.88,-0.25,1.8,2.05,,,1.83,2.05,1.78,1.99,2526,,,,,,,2.16,3.65,3.7,1.89,2.08,2.16,1.85,,,,,,,2.18,3.55,3.75,1.97,2.0,1.9,2.1,2.05,3.6,3.4,2.1,3.65,3.35,2.0,3.5,3.4,2.05,3.6,3.4,2.05,3.6,3.4,2.1,3.5,3.4,2.15,3.25,3.55,2.05,3.6,3.5,,,,,,,,,,,,,,,,,,,,
E0,01/03/2026,14:00,Fulham,Tottenham,2,1,H,2,0,H,T Bramall,18,13,4,1,11,14,5,8,3,3,0,0,2.1,3.6,3.3,2.1,3.6,3.3,,,,,,,,,,,,,2.1,3.75,3.5,2.08,3.57,3.3,1.73,2.1,,,1.75,2.12,1.72,2.07,-0.25,1.83,2.03,,,1.85,2.03,1.8,1.98,2.05,3.6,3.5,2.0,3.7,3.5,,,,,,,,,,,,,2.1,3.75,3.6,2.02,3.66,3.45,1.67,2.2,,,1.7,2.25,1.66,2.18,-0.5,2.05,1.8,,,2.05,1.83,1.96,1.78,2526,,,,,,,2.18,3.75,3.55,1.78,2.24,1.89,2.09,,,,,,,2.12,3.8,3.7,1.77,2.28,2.12,1.88,2.1,3.75,3.25,2.1,3.55,3.4,2.05,3.6,3.25,2.1,3.6,3.3,2.1,3.5,3.3,2.0,3.75,3.5,2.02,3.65,3.55,2.05,3.7,3.4,,,,,,,,,,,,,,,,,,,,
E0,01/03/2026,14:00,Man United,Crystal Palace,2,1,H,0,1,A,C Kavanagh,20,8,11,3,13,12,7,1,2,2,0,1,1.53,4.5,5.5,1.57,4.4,5.25,,,,,,,,,,,,,1.57,4.5,6.0,1.53,4.31,5.61,1.67,2.2,,,1.67,2.3,1.62,2.23,-1.0,1.9,1.95,,,1.9,1.95,1.86,1.91,1.53,4.33,5.75,1.53,4.4,5.5,,,,,,,,,,,,,1.53,4.5,6.4,1.51,4.35,5.95,1.73,2.1,,,1.73,2.28,1.67,2.17,-1.0,1.88,1.98,,,1.88,2.0,1.82,1.95,2526,,,,,,,1.58,4.6,6.4,1.69,2.4,1.94,2.03,,,,,,,1.57,4.6,6.6,1.76,2.3,1.96,2.02,1.53,4.33,6.0,1.53,4.25,6.0,1.53,4.2,5.5,1.57,4.4,5.25,1.55,4.33,5.25,1.53,4.33,6.0,1.49,4.5,6.4,1.53,4.33,5.75,,,,,,,,,,,,,,,,,,,,
E0,01/03/2026,16:30,Arsenal,Chelsea,2,1,H,1,1,D,D England,12,9,5,3,11,14,5,10,1,3,0,1,1.6,3.8,5.5,1.63,4.0,5.25,,,,,,,,,,,,,1.63,4.0,5.5,1.6,3.98,5.28,1.73,2.1,,,1.75,2.15,1.7,2.09,-0.75,1.75,2.05,,,1.83,2.05,1.75,2.02,1.53,4.2,6.0,1.51,4.5,5.75,,,,,,,,,,,,,1.53,4.5,6.5,1.5,4.36,6.05,1.67,2.2,,,1.71,2.33,1.66,2.17,-1.0,1.85,2.0,,,1.9,2.02,1.82,1.96,2526,,,,,,,1.65,4.3,5.9,1.77,2.22,1.81,2.19,,,,,,,1.55,4.7,6.8,1.78,2.26,1.9,2.08,1.62,4.0,5.5,1.6,4.0,5.5,1.57,4.0,5.25,1.61,4.0,5.25,1.61,4.0,5.25,1.5,4.33,6.5,1.48,4.5,6.25,1.5,4.4,6.0,,,,,,,,,,,,,,,,,,,,
E0,03/03/2026,19:30,Bournemouth,Brentford,0,0,D,0,0,D,C Pawson,13,5,2,2,9,10,4,3,2,1,0,0,2.5,3.6,2.63,2.5,3.6,2.65,,,,,,,,,,,,,2.5,3.75,2.7,2.48,3.59,2.65,1.62,2.3,,,1.62,2.38,1.58,2.32,0.0,1.85,2.0,,,1.85,2.0,1.82,1.95,2.5,3.6,2.7,2.5,3.5,2.7,,,,,,,,,,,,,2.55,3.75,2.7,2.5,3.56,2.65,1.62,2.3,,,1.65,2.38,1.6,2.28,0.0,1.85,2.0,,,1.91,2.0,1.82,1.94,2526,,,,,,,2.64,3.75,2.8,1.67,2.46,1.93,2.06,,,,,,,2.58,3.85,2.8,1.69,2.42,1.92,2.07,2.4,3.75,2.63,2.5,3.6,2.65,2.5,3.5,2.7,,,,,,,2.5,3.75,2.6,2.5,3.55,2.7,2.5,3.5,2.7,,,,,,,,,,,,,,,,,,,,
E0,03/03/2026,19:30,Everton,Burnley,2,0,H,1,0,H,T Robinson,14,5,5,2,10,12,6,3,0,1,0,0,1.57,4.0,6.0,1.57,4.1,5.75,,,,,,,,,,,,,1.57,4.1,6.5,1.56,3.96,6.06,1.98,1.88,,,1.98,1.91,1.92,1.85,-1.0,2.0,1.85,,,2.0,1.87,1.94,1.83,1.62,3.8,5.75,1.62,3.9,5.5,,,,,,,,,,,,,1.64,4.0,6.0,1.61,3.78,5.73,2.1,1.73,,,2.1,1.8,2.04,1.75,-0.75,1.8,2.05,,,1.81,2.06,1.77,2.02,2526,,,,,,,1.62,4.1,6.8,2.02,1.96,2.07,1.89,,,,,,,1.67,4.0,6.4,2.18,1.83,1.86,2.13,1.57,3.75,6.0,1.55,3.95,6.5,1.55,4.0,6.0,,,,,,,1.62,3.75,6.0,1.6,3.75,6.0,1.62,3.8,5.75,,,,,,,,,,,,,,,,,,,,
E0,03/03/2026,19:30,Leeds,Sunderland,0,1,A,0,0,D,S Attwell,18,3,4,1,15,19,9,2,1,3,0,0,1.85,3.4,4.33,1.88,3.5,4.2,,,,,,,,,,,,,1.91,3.5,4.6,1.86,3.43,4.31,2.1,1.73,,,2.12,1.75,2.08,1.72,-0.5,1.9,1.95,,,1.9,1.95,1.83,1.9,1.8,3.5,4.5,1.83,3.6,4.33,,,,,,,,,,,,,1.85,3.6,5.0,1.81,3.51,4.51,2.1,1.73,,,2.1,1.8,2.03,1.75,-0.5,1.8,2.05,,,1.83,2.05,1.76,1.99,2526,,,,,,,1.94,3.6,4.7,2.2,1.81,1.94,2.05,,,,,,,1.87,3.75,4.9,2.14,1.85,1.87,2.13,1.9,3.5,4.2,1.84,3.4,4.6,1.87,3.5,4.2,,,,,,,1.83,3.6,4.33,1.81,3.5,4.6,1.8,3.6,4.5,,,,,,,,,,,,,,,,,,,,
E0,03/03/2026,20:15,Wolves,Liverpool,2,1,H,0,0,D,T Bramall,4,19,3,7,10,13,2,11,2,1,0,0,5.5,4.5,1.5,5.5,4.6,1.52,,,,,,,,,,,,,6.5,4.75,1.52,6.08,4.61,1.48,1.62,2.3,,,1.62,2.4,1.57,2.34,1.25,1.75,2.05,,,1.84,2.1,1.77,2.0,6.5,4.75,1.42,6.5,4.75,1.46,,,,,,,,,,,,,7.5,5.0,1.46,6.85,4.71,1.43,1.57,2.38,,,1.62,2.4,1.58,2.33,1.25,1.93,1.93,,,1.93,1.96,1.86,1.91,2526,,,,,,,7.0,5.0,1.51,1.66,2.48,1.83,2.16,,,,,,,8.2,5.1,1.46,1.66,2.5,1.99,1.99,6.0,4.5,1.5,6.5,4.6,1.47,6.5,4.75,1.45,,,,,,,7.0,4.6,1.44,7.0,4.6,1.44,7.5,4.8,1.4,,,,,,,,,,,,,,,,,,,,
E0,04/03/2026,19:30,Aston Villa,Chelsea,1,4,A,1,2,A,J Gillett,9,15,4,8,10,9,3,8,3,2,0,0,2.7,3.4,2.55,2.6,3.6,2.5,,,,,,,,,,,,,2.75,3.7,2.55,2.67,3.57,2.46,1.73,2.1,,,1.73,2.2,1.67,2.15,0.0,2.0,1.85,,,2.0,1.86,1.95,1.82,2.63,3.4,2.55,2.65,3.4,2.6,,,,,,,,,,,,,2.7,3.6,2.66,2.64,3.48,2.54,1.73,2.1,,,1.77,2.15,1.71,2.09,0.0,1.95,1.9,,,1.95,1.9,1.91,1.85,2526,,,,,,,2.84,3.65,2.62,1.75,2.28,2.07,1.91,,,,,,,2.82,3.65,2.68,1.79,2.24,2.04,1.94,2.63,3.6,2.5,2.75,3.7,2.4,2.7,3.6,2.45,,,,,,,2.63,3.6,2.5,2.7,3.45,2.55,2.63,3.6,2.5,,,,,,,,,,,,,,,,,,,,
E0,04/03/2026,19:30,Brighton,Arsenal,0,1,A,0,1,A,C Kavanagh,11,7,3,2,14,12,4,3,4,1,0,0,4.75,4.1,1.65,5.0,3.9,1.66,,,,,,,,,,,,,5.4,4.1,1.67,5.03,3.92,1.64,1.91,1.91,,,1.95,1.95,1.89,1.85,0.75,2.0,1.85,,,2.02,1.86,1.97,1.81,5.0,3.8,1.67,4.8,3.75,1.7,,,,,,,,,,,,,5.25,4.0,1.7,5.03,3.84,1.67,1.91,1.91,,,1.92,1.95,1.86,1.9,0.75,1.98,1.88,,,1.98,1.88,1.94,1.83,2526,,,,,,,5.7,4.2,1.7,2.0,1.98,2.09,1.89,,,,,,,5.4,4.1,1.74,1.98,2.0,2.04,1.95,5.0,4.0,1.67,5.4,4.0,1.62,5.25,3.9,1.65,,,,,,,5.0,4.0,1.67,5.2,3.95,1.64,5.25,3.8,1.67,,,,,,,,,,,,,,,,,,,,
E0,04/03/2026,19:30,Fulham,West Ham,0,1,A,0,0,D,M Donohue,13,9,5,3,14,12,7,5,2,4,0,0,2.0,3.5,3.7,2.05,3.5,3.5,,,,,,,,,,,,,2.08,3.75,3.75,2.03,3.56,3.52,1.73,2.1,,,1.79,2.1,1.72,2.06,-0.5,2.03,1.83,,,2.05,1.83,1.98,1.75,2.2,3.5,3.1,2.2,3.5,3.1,,,,,,,,,,,,,2.28,3.6,3.2,2.2,3.51,3.13,1.67,2.2,,,1.68,2.38,1.62,2.25,-0.25,1.93,1.93,,,1.96,1.93,1.88,1.89,2526,,,,,,,2.1,3.75,3.85,1.78,2.24,2.1,1.89,,,,,,,2.3,3.65,3.4,1.71,2.38,1.97,2.01,2.05,3.75,3.3,2.0,3.55,3.7,2.0,3.7,3.5,,,,,,,2.2,3.6,3.1,2.16,3.6,3.2,2.2,3.5,3.2,,,,,,,,,,,,,,,,,,,,
E0,04/03/2026,19:30,Man City,Nott'm Forest,2,2,D,1,0,H,D England,21,9,7,4,10,6,6,1,0,4,0,0,1.38,5.0,7.5,1.41,5.25,6.5,,,,,,,,,,,,,1.41,5.33,8.0,1.37,4.95,7.65,1.57,2.38,,,1.6,2.43,1.57,2.32,-1.25,1.85,2.0,,,1.85,2.0,1.8,1.96,1.38,5.0,8.0,1.4,5.0,6.5,,,,,,,,,,,,,1.4,5.1,8.5,1.39,4.83,7.62,1.62,2.3,,,1.65,2.38,1.62,2.26,-1.25,1.95,1.9,,,1.95,2.0,1.85,1.92,2526,,,,,,,1.42,5.4,8.8,1.64,2.48,1.92,2.04,,,,,,,1.42,5.2,9.2,1.68,2.44,1.96,2.0,1.4,4.6,8.0,1.37,5.0,8.0,1.36,5.0,8.0,,,,,,,1.4,4.6,7.5,1.36,5.1,8.0,1.4,4.8,7.5,,,,,,,,,,,,,,,,,,,,
E0,04/03/2026,20:15,Newcastle,Man United,2,1,H,1,1,D,P Bankes,12,14,5,5,15,16,2,4,2,3,1,0,2.63,3.5,2.6,2.45,3.75,2.55,,,,,,,,,,,,,2.63,3.8,2.6,2.56,3.66,2.53,1.57,2.38,,,1.57,2.55,1.52,2.44,0.0,1.98,1.88,,,1.98,1.91,1.91,1.85,2.6,3.6,2.6,2.4,3.4,2.4,,,,,,,,,,,,,2.63,3.8,2.6,2.56,3.62,2.52,1.57,2.38,,,1.6,2.55,1.56,2.38,0.0,1.93,1.93,,,1.95,1.93,1.9,1.86,2526,,,,,,,2.72,3.8,2.66,1.57,2.64,2.01,1.97,,,,,,,2.7,3.85,2.7,1.63,2.56,2.01,1.97,2.6,3.75,2.5,2.55,3.65,2.6,2.55,3.8,2.5,,,,,,,2.6,3.8,2.5,2.63,3.65,2.48,2.6,3.5,2.6,,,,,,,,,,,,,,,,,,,,
E0,05/03/2026,20:00,Tottenham,Crystal Palace,1,3,A,1,3,A,A Madley,12,9,4,4,14,14,6,3,3,2,0,0,2.35,3.25,3.1,2.3,3.4,3.0,,,,,,,,,,,,,2.38,3.4,3.1,2.34,3.32,2.97,1.8,2.0,,,1.8,2.05,1.78,1.97,-0.25,2.03,1.83,,,2.04,1.83,1.99,1.79,2.45,3.3,2.88,2.4,3.4,2.85,,,,,,,,,,,,,2.5,3.5,2.9,2.44,3.37,2.83,1.93,1.93,,,1.93,2.0,1.84,1.93,0.0,1.78,2.1,,,1.83,2.1,1.75,2.04,2526,,,,,,,2.5,3.5,3.1,1.86,2.12,2.14,1.85,,,,,,,2.56,3.5,3.0,1.97,2.02,1.83,2.16,2.38,3.4,2.88,2.38,3.35,3.0,2.3,3.4,2.9,,,,,,,2.5,3.5,2.8,2.48,3.35,2.85,2.38,3.5,2.9,,,,,,,,,,,,,,,,,,,,
E0,14/03/2026,15:00,Burnley,Bournemouth,0,0,D,0,0,D,P Bankes,15,22,2,3,11,5,5,8,1,0,0,0,4.1,3.8,1.83,4.0,3.7,1.87,,,,,,,,,,,,,4.2,4.0,1.87,4.02,3.83,1.82,1.73,2.1,,,1.73,2.18,1.68,2.1,0.5,2.03,1.83,,,2.03,1.83,1.95,1.78,3.9,4.0,1.83,3.8,3.8,1.87,,,,,,,,,,,,,4.2,4.0,1.94,3.92,3.93,1.82,1.57,2.38,,,1.63,2.4,1.58,2.31,0.5,2.03,1.83,,,2.03,1.95,1.95,1.78,2526,,,,,,,4.3,4.1,1.89,1.75,2.26,2.11,1.89,,,,,,,4.3,4.2,1.87,1.65,2.52,2.08,1.91,4.0,4.0,1.83,4.1,3.9,1.77,4.1,3.8,1.83,,,,,,,4.0,4.0,1.83,4.1,3.95,1.76,4.0,3.9,1.83,,,,,,,,,,,,,,,,,,,,
E0,14/03/2026,15:00,Sunderland,Brighton,0,1,A,0,0,D,T Kirk,14,12,4,4,7,12,7,3,1,2,0,0,3.3,3.3,2.25,3.2,3.3,2.25,,,,,,,,,,,,,3.33,3.4,2.28,3.26,3.27,2.23,2.1,1.73,,,2.1,1.77,2.04,1.73,0.25,1.93,1.93,,,1.93,1.94,1.87,1.9,3.6,3.6,2.0,3.6,3.4,2.05,,,,,,,,,,,,,3.75,3.6,2.05,3.64,3.46,2.01,2.0,1.8,,,2.1,1.86,1.99,1.78,0.5,1.83,2.03,,,1.83,2.03,1.77,1.96,2526,,,,,,,3.5,3.45,2.3,2.14,1.83,2.01,1.98,,,,,,,3.9,3.65,2.1,2.1,1.9,1.89,2.1,3.25,3.4,2.25,3.2,3.25,2.25,3.25,3.3,2.25,,,,,,,3.6,3.5,2.05,3.6,3.5,2.0,3.75,3.4,2.0,,,,,,,,,,,,,,,,,,,,
E0,14/03/2026,17:30,Arsenal,Everton,2,0,H,0,0,D,A Madley,25,9,7,3,11,12,8,3,0,0,0,0,1.38,4.75,8.5,1.39,4.8,7.75,,,,,,,,,,,,,1.4,4.8,9.5,1.37,4.56,8.83,1.98,1.88,,,1.98,1.89,1.9,1.84,-1.25,1.9,1.95,,,1.91,1.95,1.87,1.9,1.36,4.5,9.0,1.4,4.8,7.5,,,,,,,,,,,,,1.4,5.0,9.5,1.37,4.65,8.58,1.88,1.98,,,1.94,1.98,1.85,1.91,-1.25,1.9,1.95,,,1.9,1.95,1.87,1.91,2526,,,,,,,1.4,5.1,10.0,2.06,1.92,1.92,2.02,,,,,,,1.4,5.2,10.0,1.93,2.06,1.95,2.03,1.4,4.5,9.0,1.35,4.7,9.5,1.36,4.6,9.5,,,,,,,1.4,4.6,8.5,1.33,4.9,9.5,1.36,4.75,9.0,,,,,,,,,,,,,,,,,,,,
E0,14/03/2026,17:30,Chelsea,Newcastle,0,1,A,0,1,A,P Tierney,22,7,3,5,9,10,8,1,2,2,0,0,1.8,4.2,3.8,1.78,4.2,3.9,,,,,,,,,,,,,1.81,4.2,4.0,1.79,4.12,3.86,1.5,2.63,,,1.53,2.63,1.47,2.58,-0.75,2.03,1.83,,,2.03,1.83,1.97,1.8,1.67,4.33,4.33,1.7,4.33,4.33,,,,,,,,,,,,,1.72,4.33,4.4,1.69,4.24,4.3,1.5,2.63,,,1.5,2.75,1.48,2.59,-0.75,1.88,1.98,,,1.98,1.98,1.89,1.89,2526,,,,,,,1.88,4.4,4.1,1.54,2.78,2.1,1.88,,,,,,,1.76,4.5,4.7,1.55,2.8,1.96,2.03,1.8,4.2,4.0,1.75,4.1,4.0,1.8,4.1,3.9,,,,,,,1.7,4.33,4.33,1.67,4.25,4.35,1.7,4.2,4.4,,,,,,,,,,,,,,,,,,,,
E0,14/03/2026,20:00,West Ham,Man City,1,1,D,1,1,D,M Oliver,1,24,1,6,14,5,1,15,2,2,0,0,4.33,4.33,1.7,4.2,4.2,1.72,,,,,,,,,,,,,4.6,4.33,1.73,4.43,4.15,1.69,1.53,2.5,,,1.55,2.55,1.52,2.45,0.75,1.95,1.9,,,1.98,1.9,1.94,1.83,4.75,4.33,1.65,4.6,4.1,1.68,,,,,,,,,,,,,5.1,4.33,1.68,4.81,4.16,1.63,1.57,2.38,,,1.63,2.48,1.58,2.32,0.75,2.05,1.8,,,2.05,1.83,1.99,1.79,2526,,,,,,,4.9,4.3,1.76,1.59,2.58,2.0,1.98,,,,,,,5.5,4.4,1.67,1.67,2.46,2.15,1.85,4.6,4.2,1.67,4.5,4.25,1.65,4.5,4.1,1.7,4.2,4.2,1.73,4.2,4.2,1.7,5.0,4.2,1.62,5.0,4.3,1.58,5.0,4.2,1.62,4.6,4.2,1.67,4.6,4.0,1.67,,,,,,,,,,,,,,
E0,15/03/2026,14:00,Crystal Palace,Leeds,0,0,D,0,0,D,T Bramall,12,10,0,3,12,11,8,3,2,1,0,1,2.55,3.3,2.88,2.45,3.2,2.95,,,,,,,,,,,,,2.6,3.4,3.0,2.49,3.24,2.85,2.1,1.73,,,2.1,1.77,2.03,1.73,0.0,1.8,2.05,,,1.83,2.05,1.75,2.0,2.7,3.25,2.75,2.7,3.2,2.65,,,,,,,,,,,,,2.75,3.3,2.75,2.66,3.23,2.69,2.1,1.73,,,2.1,1.77,2.04,1.73,0.0,1.93,1.93,,,1.93,1.93,1.89,1.88,2526,,,,,,,2.58,3.3,3.15,2.16,1.84,1.81,2.2,,,,,,,2.88,3.3,2.82,2.18,1.82,2.01,1.97,2.5,3.4,2.8,2.6,3.2,2.75,2.45,3.3,2.88,,,,,,,2.63,3.3,2.75,2.6,3.2,2.7,2.63,3.3,2.7,,,,,,,,,,,,,,,,,,,,
E0,15/03/2026,14:00,Man United,Aston Villa,3,1,H,0,0,D,A Taylor,16,9,6,2,10,5,6,6,3,2,0,0,1.73,4.0,4.5,1.73,4.0,4.33,,,,,,,,,,,,,1.73,4.2,4.6,1.71,4.02,4.38,1.67,2.2,,,1.67,2.23,1.64,2.19,-0.75,1.9,1.95,,,1.93,1.95,1.89,1.89,1.7,4.1,4.5,1.7,4.1,4.4,,,,,,,,,,,,,1.73,4.2,4.75,1.69,4.0,4.56,1.62,2.3,,,1.65,2.3,1.61,2.25,-0.75,1.9,1.95,,,1.93,1.96,1.88,1.9,2526,,,,,,,1.75,4.4,4.8,1.71,2.34,1.94,2.04,,,,,,,1.76,4.2,5.0,1.69,2.42,1.96,2.02,1.73,4.0,4.33,1.68,4.1,4.4,1.7,4.0,4.6,,,,,,,1.73,4.0,4.5,1.67,3.95,4.7,1.7,4.0,4.6,,,,,,,,,,,,,,,,,,,,
E0,15/03/2026,14:00,Nott'm Forest,Fulham,0,0,D,0,0,D,S Barrott,11,5,2,0,8,10,5,4,2,3,0,0,2.2,3.4,3.3,2.15,3.5,3.3,,,,,,,,,,,,,2.25,3.5,3.4,2.19,3.4,3.24,1.93,1.93,,,1.93,1.93,1.86,1.88,-0.25,1.93,1.93,,,1.93,1.95,1.88,1.9,2.3,3.3,3.2,2.25,3.3,3.1,,,,,,,,,,,,,2.38,3.4,3.25,2.29,3.31,3.13,2.05,1.8,,,2.05,1.9,1.98,1.79,-0.25,2.0,1.85,,,2.0,1.91,1.92,1.85,2526,,,,,,,2.36,3.5,3.35,1.98,1.98,2.04,1.95,,,,,,,2.38,3.45,3.35,2.1,1.89,2.04,1.93,2.2,3.5,3.2,2.18,3.35,3.25,2.2,3.5,3.2,,,,,,,2.3,3.4,3.1,2.25,3.25,3.2,2.3,3.4,3.1,,,,,,,,,,,,,,,,,,,,
E0,15/03/2026,16:30,Liverpool,Tottenham,1,1,D,1,0,H,C Kavanagh,17,13,4,7,8,13,3,4,0,0,0,0,1.3,6.25,8.0,1.32,5.75,8.25,,,,,,,,,,,,,1.33,6.25,9.5,1.29,5.79,8.72,1.44,2.75,,,1.44,2.8,1.42,2.72,-1.5,1.78,2.03,,,1.85,2.03,1.77,1.94,1.3,6.0,8.5,1.32,6.25,7.25,,,,,,,,,,,,,1.33,6.25,9.0,1.3,5.87,8.24,1.33,3.4,,,1.4,3.4,1.34,3.13,-1.5,1.8,2.0,,,1.85,2.05,1.77,1.96,2526,,,,,,,1.32,6.6,10.0,1.48,3.0,1.86,2.09,,,,,,,1.34,6.4,9.4,1.39,3.45,1.88,2.11,1.33,5.5,9.0,1.27,6.0,9.5,1.25,5.75,9.5,1.33,5.75,8.0,1.3,5.75,8.0,1.3,6.0,9.0,1.29,5.8,8.5,1.3,6.0,8.5,,,,,,,,,,,,,,,,,,,,
E0,16/03/2026,20:00,Brentford,Wolves,2,2,D,2,1,H,S Attwell,10,13,3,4,12,10,1,5,2,4,0,0,1.55,4.2,5.75,1.58,4.33,5.25,,,,,,,,,,,,,1.58,4.33,6.0,1.54,4.15,5.68,1.73,2.1,,,1.73,2.17,1.68,2.11,-1.0,1.93,1.93,,,1.95,1.93,1.91,1.87,1.53,4.33,5.75,1.55,4.33,5.5,,,,,,,,,,,,,1.56,4.5,6.0,1.53,4.29,5.78,1.67,2.2,,,1.7,2.22,1.67,2.17,-1.0,1.88,1.98,,,1.95,1.98,1.89,1.89,2526,,,,,,,1.61,4.4,6.2,1.77,2.22,1.98,1.97,,,,,,,1.55,4.7,6.6,1.74,2.32,1.93,2.05,1.53,4.2,6.0,1.54,4.2,5.8,1.53,4.1,5.75,,,,,,,1.53,4.33,6.0,1.54,4.1,5.8,1.53,4.33,6.0,,,,,,,,,,,,,,,,,,,,
E0,20/03/2026,20:00,Bournemouth,Man United,2,2,D,0,0,D,S Attwell,16,14,5,5,10,9,6,8,2,2,0,1,3.2,3.8,2.1,3.2,3.8,2.05,,,,,,,,,,,,,3.35,3.8,2.1,3.22,3.76,2.07,1.57,2.38,,,1.57,2.5,1.53,2.44,0.25,2.0,1.85,,,2.05,1.87,1.96,1.82,3.1,3.75,2.15,3.0,3.75,2.2,,,,,,,,,,,,,3.2,3.8,2.2,3.07,3.72,2.15,1.53,2.5,,,1.58,2.5,1.52,2.46,0.25,1.93,1.93,,,1.93,1.93,1.9,1.87,2526,,,,,,,3.45,4.0,2.16,1.61,2.6,2.08,1.9,,,,,,,3.3,3.85,2.26,1.59,2.66,2.01,1.97,3.2,3.75,2.1,3.3,3.75,2.02,3.2,3.8,2.1,,,,,,,3.1,3.75,2.15,3.15,3.75,2.1,3.0,3.8,2.15,,,,,,,,,,,,,,,,,,,,
E0,21/03/2026,12:30,Brighton,Liverpool,2,1,H,1,1,D,D England,16,12,7,5,11,11,4,8,5,5,0,0,3.1,3.5,2.2,3.0,3.5,2.25,,,,,,,,,,,,,3.15,3.6,2.28,3.02,3.55,2.22,1.73,2.1,,,1.73,2.2,1.68,2.12,0.25,1.88,1.98,,,1.98,1.98,1.88,1.89,3.1,3.6,2.2,3.0,3.6,2.2,,,,,,,,,,,,,3.1,3.75,2.25,3.05,3.62,2.19,1.57,2.38,,,1.63,2.4,1.57,2.35,0.25,1.93,1.93,,,1.98,1.93,1.92,1.85,2526,,,,,,,3.2,3.75,2.34,1.79,2.22,1.95,2.03,,,,,,,3.3,3.8,2.26,1.62,2.58,2.02,1.96,3.0,3.6,2.25,3.1,3.55,2.18,3.0,3.6,2.25,,,,,,,3.0,3.75,2.25,3.05,3.5,2.23,3.1,3.75,2.15,3.0,3.6,2.2,3.0,3.6,2.2,,,,,,,,,,,,,,
E0,21/03/2026,15:00,Fulham,Burnley,3,1,H,0,0,D,C Kavanagh,22,9,6,5,6,9,6,6,2,2,0,1,1.53,4.1,6.25,1.55,4.1,6.0,,,,,,,,,,,,,1.55,4.33,6.5,1.53,4.09,6.22,1.8,2.0,,,1.85,2.0,1.76,1.98,-1.0,1.88,1.98,,,1.95,1.98,1.88,1.89,1.55,4.33,5.75,1.53,4.33,5.75,,,,,,,,,,,,,1.55,4.5,6.33,1.52,4.29,5.92,1.67,2.2,,,1.7,2.3,1.65,2.2,-1.0,1.9,1.95,,,1.91,2.0,1.86,1.91,2526,,,,,,,1.6,4.2,6.8,1.85,2.14,1.98,1.98,,,,,,,1.57,4.6,6.4,1.71,2.38,1.96,2.02,1.53,4.2,6.5,1.5,4.1,6.5,1.5,4.33,6.5,1.55,4.2,6.0,1.55,4.0,6.0,1.53,4.2,6.0,1.52,4.25,6.1,1.53,4.33,6.0,,,,,,,,,,,,,,,,,,,,
E0,21/03/2026,17:30,Everton,Chelsea,3,0,H,1,0,H,S Barrott,10,12,9,4,6,7,3,9,0,2,0,0,3.5,3.4,2.1,3.4,3.5,2.1,,,,,,,,,,,,,3.5,3.65,2.15,3.38,3.5,2.08,1.83,2.03,,,1.86,2.07,1.78,1.98,0.25,2.03,1.83,,,2.15,1.83,2.02,1.77,3.2,3.4,2.25,3.1,3.4,2.25,,,,,,,,,,,,,3.35,3.6,2.28,3.15,3.43,2.22,1.8,2.0,,,1.87,2.0,1.82,1.94,0.25,1.88,1.98,,,2.15,1.98,1.98,1.82,2526,,,,,,,3.55,3.7,2.18,1.88,2.1,2.1,1.88,,,,,,,3.3,3.65,2.34,1.92,2.06,1.96,2.03,3.4,3.6,2.1,3.45,3.6,2.0,3.3,3.6,2.1,,,,,,,3.1,3.6,2.25,3.3,3.35,2.16,3.2,3.5,2.2,3.1,3.4,2.25,3.0,3.4,2.25,,,,,,,,,,,,,,
E0,21/03/2026,20:00,Leeds,Brentford,0,0,D,0,0,D,J Gillett,14,6,4,2,6,9,6,2,2,0,0,0,2.45,3.5,2.88,2.4,3.5,2.8,,,,,,,,,,,,,2.55,3.5,2.88,2.46,3.42,2.77,1.88,1.98,,,1.94,1.98,1.84,1.9,0.0,1.78,2.1,,,1.83,2.1,1.75,2.01,2.38,3.5,3.0,2.3,3.4,2.95,,,,,,,,,,,,,2.5,3.5,3.0,2.35,3.41,2.95,1.91,1.91,,,1.91,1.98,1.85,1.91,-0.25,2.05,1.8,,,2.12,1.83,2.04,1.76,2526,,,,,,,2.6,3.55,2.94,1.92,2.04,1.87,2.12,,,,,,,2.48,3.5,3.15,1.98,2.0,2.12,1.87,2.5,3.5,2.75,2.5,3.35,2.75,2.45,3.5,2.8,,,,,,,2.3,3.5,3.0,2.32,3.4,2.95,2.38,3.5,2.9,,,,,,,,,,,,,,,,,,,,
E0,22/03/2026,12:00,Newcastle,Sunderland,1,2,A,1,0,H,A Taylor,16,17,4,7,8,19,9,5,1,6,0,0,1.67,4.0,5.0,1.66,4.0,4.8,,,,,,,,,,,,,1.7,4.0,5.4,1.65,3.89,5.04,1.88,1.98,,,1.88,2.02,1.83,1.91,-0.75,1.85,2.0,,,1.85,2.0,1.81,1.95,1.55,4.2,5.75,1.55,4.2,5.5,,,,,,,,,,,,,1.57,4.33,6.33,1.53,4.2,5.83,1.67,2.2,,,1.76,2.2,1.69,2.14,-1.0,1.93,1.93,,,2.18,1.96,1.95,1.84,2526,,,,,,,1.74,4.1,5.5,1.96,2.02,1.94,2.03,,,,,,,1.58,4.5,6.6,1.78,2.26,1.99,2.0,1.67,4.0,5.0,1.6,4.0,5.4,1.65,3.7,5.0,,,,,,,1.57,4.2,5.5,1.54,4.1,5.8,1.53,4.2,6.0,,,,,,,,,,,,,,,,,,,,
E0,22/03/2026,14:15,Aston Villa,West Ham,2,0,H,1,0,H,P Tierney,23,9,7,1,3,7,6,6,0,1,0,0,1.95,3.6,3.8,1.95,3.6,3.75,,,,,,,,,,,,,2.0,3.65,3.95,1.95,3.56,3.7,1.8,2.0,,,1.8,2.1,1.74,2.02,-0.5,1.98,1.88,,,1.98,1.88,1.9,1.82,1.75,3.8,4.5,1.73,3.8,4.5,,,,,,,,,,,,,1.8,3.95,4.8,1.73,3.79,4.55,1.73,2.1,,,1.73,2.18,1.7,2.1,-0.75,2.0,1.85,,,2.0,1.9,1.93,1.84,2526,,,,,,,2.06,3.8,3.95,1.89,2.1,2.06,1.93,,,,,,,1.8,4.0,5.0,1.83,2.18,2.04,1.95,2.0,3.6,3.6,1.91,3.5,3.9,1.93,3.6,3.6,,,,,,,1.8,3.75,4.33,1.68,3.9,4.7,1.73,3.75,4.8,,,,,,,,,,,,,,,,,,,,
E0,22/03/2026,14:15,Tottenham,Nott'm Forest,0,3,A,0,1,A,M Oliver,14,8,3,7,13,13,13,3,1,2,0,0,2.25,3.4,3.2,2.2,3.5,3.2,,,,,,,,,,,,,2.3,3.5,3.2,2.24,3.39,3.11,1.93,1.93,,,1.93,1.93,1.86,1.88,-0.25,1.95,1.9,,,2.12,1.9,1.97,1.8,2.35,3.4,3.0,2.4,3.25,2.95,,,,,,,,,,,,,2.45,3.4,3.1,2.37,3.29,3.0,2.1,1.73,,,2.1,1.88,2.0,1.78,-0.25,2.03,1.83,,,2.12,1.83,2.04,1.76,2526,,,,,,,2.34,3.5,3.4,1.96,2.02,2.0,1.97,,,,,,,2.5,3.45,3.2,2.14,1.85,2.13,1.87,2.25,3.5,3.1,2.23,3.4,3.15,2.2,3.4,3.1,,,,,,,2.38,3.4,3.0,2.38,3.25,3.0,2.45,3.13,3.0,,,,,,,,,,,,,,,,,,,,
E0,10/04/2026,20:00,West Ham,Wolves,4,0,H,1,0,H,J Gillett,18,14,7,3,11,7,5,2,2,2,0,0,1.8,3.8,4.33,1.8,3.75,4.2,,,,,,,,,,,,,1.8,3.8,4.5,1.78,3.74,4.34,1.8,2.0,,,1.83,2.06,1.79,1.98,-0.5,1.75,2.05,,,1.78,2.05,1.73,2.0,1.75,3.8,4.5,1.77,3.8,4.4,,,,,,,,,,,,,1.8,3.9,4.75,1.77,3.74,4.38,1.83,2.03,,,1.86,2.1,1.77,2.01,-0.5,1.75,2.05,,,1.77,2.08,1.73,2.01,2526,,,,,,,1.86,3.95,4.7,1.86,2.12,1.86,2.14,,,,,,,1.86,3.9,4.8,1.87,2.14,1.85,2.16,1.8,3.75,4.33,1.76,3.75,4.4,1.75,3.8,4.5,,,,,,,1.8,3.75,4.33,1.77,3.7,4.35,1.75,3.9,4.4,,,,,,,,,,,,,,,,,,,,
E0,11/04/2026,12:30,Arsenal,Bournemouth,1,2,A,1,1,D,M Oliver,15,8,3,3,12,18,10,1,1,3,0,0,1.44,4.5,7.5,1.46,4.8,6.0,,,,,,,,,,,,,1.46,4.8,7.5,1.43,4.55,7.06,1.62,2.3,,,1.68,2.3,1.62,2.24,-1.25,1.98,1.88,,,1.98,1.88,1.93,1.83,1.44,4.33,7.0,1.49,4.75,6.0,,,,,,,,,,,,,1.5,4.75,7.0,1.47,4.47,6.4,1.57,2.38,,,1.62,2.45,1.57,2.34,-1.0,1.8,2.05,,,1.83,2.05,1.77,2.01,2526,,,,,,,1.47,5.0,8.0,1.69,2.4,2.02,1.93,,,,,,,1.51,4.9,7.4,1.64,2.54,1.83,2.18,1.44,4.6,7.0,1.4,4.6,7.5,1.44,4.75,7.0,,,,,,,1.5,4.5,6.5,1.41,4.4,7.0,1.5,4.6,6.0,,,,,,,,,,,,,,,,,,,,
E0,11/04/2026,15:00,Brentford,Everton,2,2,D,1,1,D,F Hallam,17,14,4,7,6,7,2,3,0,2,0,0,2.15,3.3,3.5,2.1,3.5,3.3,,,,,,,,,,,,,2.15,3.5,3.6,2.13,3.31,3.45,2.0,1.8,,,2.04,1.85,1.95,1.8,-0.25,1.83,2.03,,,3.5,2.03,2.09,1.96,2.1,3.4,3.5,2.15,3.4,3.3,,,,,,,,,,,,,2.2,3.4,3.5,2.15,3.34,3.37,1.91,1.91,,,1.98,1.92,1.88,1.88,-0.25,1.83,2.03,,,1.9,2.03,1.82,1.94,2526,,,,,,,2.22,3.5,3.75,2.04,1.94,1.9,2.09,,,,,,,2.22,3.4,3.8,1.98,2.0,1.92,2.07,2.15,3.4,3.4,2.12,3.2,3.6,2.15,3.25,3.5,,,,,,,2.15,3.4,3.4,2.16,3.25,3.4,2.15,3.3,3.5,,,,,,,,,,,,,,,,,,,,
E0,11/04/2026,15:00,Burnley,Brighton,0,2,A,0,1,A,T Bramall,10,13,5,6,7,11,8,2,2,1,0,0,4.5,4.0,1.73,4.2,3.9,1.78,,,,,,,,,,,,,4.75,4.0,1.78,4.48,3.93,1.72,1.73,2.1,,,1.77,2.16,1.71,2.08,0.75,1.9,1.95,,,1.91,1.95,1.85,1.9,5.25,4.2,1.57,5.5,4.0,1.61,,,,,,,,,,,,,5.7,4.25,1.7,5.29,4.13,1.59,1.67,2.2,,,1.68,2.25,1.66,2.18,1.0,1.88,1.98,,,1.88,1.98,1.83,1.93,2526,,,,,,,4.9,4.2,1.78,1.8,2.18,1.99,1.98,,,,,,,5.8,4.4,1.66,1.76,2.28,1.89,2.09,4.6,4.0,1.73,4.7,3.9,1.68,4.6,3.9,1.73,,,,,,,5.5,4.2,1.6,5.3,4.25,1.56,5.5,4.2,1.57,,,,,,,,,,,,,,,,,,,,
E0,11/04/2026,17:30,Liverpool,Fulham,2,0,H,2,0,H,A Taylor,18,19,5,4,10,4,6,9,0,0,0,0,1.65,4.2,4.75,1.63,4.2,4.75,,,,,,,,,,,,,1.65,4.35,5.1,1.62,4.18,4.83,1.57,2.38,,,1.57,2.5,1.53,2.42,-0.75,1.8,2.05,,,1.83,2.05,1.77,1.99,1.75,4.1,4.2,1.73,4.2,4.1,,,,,,,,,,,,,1.78,4.2,5.0,1.71,4.06,4.38,1.5,2.63,,,1.52,2.65,1.5,2.54,-0.75,1.98,1.88,,,1.98,1.93,1.88,1.88,2526,,,,,,,1.72,4.4,5.2,1.59,2.62,1.9,2.09,,,,,,,1.79,4.2,4.8,1.55,2.78,1.98,1.99,1.62,4.2,5.0,1.58,4.3,5.0,1.65,4.2,4.8,,,,,,,1.73,4.2,4.33,1.7,3.9,4.4,1.7,4.2,4.4,,,,,,,,,,,,,,,,,,,,
E0,12/04/2026,14:00,Crystal Palace,Newcastle,2,1,H,0,1,A,A Madley,11,7,5,3,17,12,2,4,0,3,0,0,3.0,3.6,2.2,2.95,3.5,2.3,,,,,,,,,,,,,3.2,3.6,2.3,3.07,3.5,2.22,1.73,2.1,,,1.76,2.1,1.71,2.07,0.25,1.93,1.93,,,1.93,1.93,1.88,1.89,3.0,3.3,2.4,2.8,3.4,2.45,,,,,,,,,,,,,3.0,3.5,2.5,2.91,3.3,2.42,1.91,1.91,,,1.91,2.05,1.85,1.91,0.0,2.1,1.78,,,2.1,1.78,2.05,1.73,2526,,,,,,,3.25,3.7,2.32,1.8,2.22,1.97,2.01,,,,,,,3.1,3.4,2.58,1.98,2.0,2.19,1.83,3.1,3.6,2.25,3.15,3.35,2.23,3.1,3.6,2.2,,,,,,,3.0,3.4,2.4,2.9,3.25,2.4,2.9,3.25,2.45,,,,,,,,,,,,,,,,,,,,
E0,12/04/2026,14:00,Nott'm Forest,Aston Villa,1,1,D,1,1,D,M Salisbury,15,12,4,5,15,10,7,3,2,2,0,0,2.63,3.3,2.7,2.6,3.4,2.65,,,,,,,,,,,,,2.66,3.5,2.7,2.61,3.33,2.65,2.0,1.85,,,2.0,1.91,1.91,1.84,0.0,1.93,1.93,,,1.93,1.93,1.88,1.89,2.3,3.4,3.0,2.3,3.4,3.0,,,,,,,,,,,,,2.5,3.5,3.1,2.35,3.32,2.99,1.8,2.0,,,2.0,2.0,1.87,1.9,-0.25,2.0,1.85,,,2.0,1.85,1.97,1.8,2526,,,,,,,2.78,3.45,2.82,2.06,1.92,1.98,1.98,,,,,,,2.48,3.45,3.2,2.08,1.91,2.12,1.87,2.6,3.5,2.63,2.6,3.3,2.65,2.63,3.4,2.63,,,,,,,2.4,3.5,2.88,2.43,3.2,2.95,2.3,3.3,3.1,,,,,,,,,,,,,,,,,,,,
E0,12/04/2026,14:00,Sunderland,Tottenham,1,0,H,0,0,D,R Jones,13,11,2,7,14,15,2,6,3,3,0,0,2.7,3.2,2.7,2.6,3.4,2.6,,,,,,,,,,,,,2.7,3.5,2.7,2.62,3.34,2.63,2.0,1.85,,,2.0,1.91,1.92,1.83,0.0,1.93,1.93,,,1.93,1.93,1.88,1.88,2.9,3.2,2.55,2.75,3.3,2.55,,,,,,,,,,,,,2.9,3.5,2.63,2.75,3.31,2.53,1.8,2.0,,,1.89,2.0,1.81,1.95,0.0,2.05,1.8,,,2.05,1.85,1.99,1.78,2526,,,,,,,2.78,3.5,2.78,2.08,1.89,1.99,1.99,,,,,,,2.94,3.45,2.66,1.9,2.08,2.09,1.9,2.63,3.5,2.63,2.63,3.25,2.65,2.63,3.4,2.63,,,,,,,2.75,3.4,2.6,2.75,3.25,2.55,2.75,3.5,2.45,,,,,,,,,,,,,,,,,,,,
E0,12/04/2026,16:30,Chelsea,Man City,0,3,A,0,0,D,C Kavanagh,12,18,3,8,10,14,4,12,3,1,0,0,3.1,3.8,2.15,3.0,3.9,2.15,,,,,,,,,,,,,3.3,4.0,2.15,3.08,3.8,2.1,1.57,2.38,,,1.6,2.5,1.54,2.4,0.25,1.98,1.88,,,1.98,1.88,1.93,1.83,3.6,3.9,1.91,3.5,3.8,1.95,,,,,,,,,,,,,3.6,4.0,2.1,3.48,3.89,1.94,1.53,2.5,,,1.54,2.7,1.5,2.55,0.5,1.93,1.93,,,1.93,1.93,1.85,1.87,2526,,,,,,,3.35,4.0,2.16,1.59,2.62,2.09,1.9,,,,,,,3.75,4.2,2.0,1.57,2.72,1.99,2.0,3.1,4.0,2.1,3.25,3.65,2.05,3.0,3.7,2.1,,,,,,,3.5,4.0,1.95,3.55,3.85,1.91,3.5,4.0,1.93,,,,,,,,,,,,,,,,,,,,
E0,13/04/2026,20:00,Man United,Leeds,1,2,A,0,2,A,P Tierney,20,15,9,6,12,15,11,4,3,2,1,0,1.62,4.1,5.0,1.62,4.2,5.0,,,,,,,,,,,,,1.65,4.3,6.1,1.59,4.07,5.3,1.73,2.1,,,1.73,2.2,1.68,2.11,-1.0,2.05,1.8,,,2.05,1.83,1.99,1.77,1.62,4.1,5.25,1.66,4.1,4.75,,,,,,,,,,,,,1.7,4.2,5.25,1.62,4.07,5.08,1.67,2.2,,,1.68,2.3,1.64,2.22,-0.75,1.75,2.05,,,1.83,2.05,1.75,2.02,2526,,,,,,,1.65,4.4,5.6,1.79,2.2,2.15,1.81,,,,,,,1.68,4.2,5.8,1.72,2.36,1.88,2.11,1.62,4.0,5.5,1.5,4.25,6.0,1.57,4.0,5.25,,,,,,,1.62,4.2,5.0,1.61,4.0,5.2,1.6,4.2,5.25,,,,,,,,,,,,,,,,,,,,
E0,18/04/2026,12:30,Brentford,Fulham,0,0,D,0,0,D,P Tierney,13,11,4,0,8,13,9,3,0,1,0,0,2.1,3.75,3.25,2.1,3.6,3.3,,,,,,,,,,,,,2.12,3.75,3.35,2.09,3.63,3.26,1.73,2.1,,,1.81,2.1,1.73,2.04,-0.25,1.83,2.03,,,1.83,2.03,1.79,1.95,1.95,3.8,3.6,1.95,3.8,3.5,,,,,,,,,,,,,2.05,3.8,3.66,1.96,3.75,3.52,1.62,2.3,,,1.68,2.38,1.62,2.26,-0.5,1.98,1.88,,,1.98,1.88,1.9,1.81,2526,,,,,,,2.18,3.85,3.5,1.79,2.22,1.89,2.09,,,,,,,2.04,3.95,3.75,1.67,2.48,2.04,1.94,2.1,3.6,3.3,2.07,3.65,3.35,2.1,3.6,3.3,,,,,,,1.95,3.75,3.5,1.94,3.75,3.55,1.95,3.8,3.6,,,,,,,,,,,,,,,,,,,,
E0,18/04/2026,15:00,Leeds,Wolves,3,0,H,2,0,H,F Hallam,17,7,6,2,9,17,5,6,2,1,0,0,1.62,3.9,5.75,1.62,3.9,5.5,,,,,,,,,,,,,1.67,4.0,6.0,1.6,3.93,5.5,1.9,1.95,,,1.91,1.95,1.86,1.89,-1.0,2.1,1.78,,,2.1,1.78,2.02,1.74,1.5,4.2,6.5,1.53,4.2,6.0,,,,,,,,,,,,,1.67,4.2,6.66,1.53,4.11,6.26,1.8,2.0,,,1.85,2.0,1.79,1.98,-1.0,1.83,2.03,,,1.85,2.03,1.81,1.94,2526,,,,,,,1.64,4.3,6.2,1.95,2.02,2.13,1.87,,,,,,,1.55,4.4,7.4,1.86,2.14,1.91,2.06,1.6,4.0,5.5,1.57,3.9,5.8,1.6,4.0,5.5,,,,,,,1.53,4.2,6.5,1.52,4.1,6.4,1.5,4.2,6.5,,,,,,,,,,,,,,,,,,,,
E0,18/04/2026,15:00,Newcastle,Bournemouth,1,2,A,0,1,A,T Bramall,12,12,3,3,11,12,2,3,2,4,0,0,2.0,3.75,3.5,1.95,3.9,3.5,,,,,,,,,,,,,2.0,4.0,3.65,1.96,3.81,3.48,1.5,2.63,,,1.5,2.65,1.47,2.58,-0.5,2.03,1.83,,,2.03,1.86,1.92,1.8,2.2,3.7,3.0,2.2,3.8,2.9,,,,,,,,,,,,,2.3,4.0,3.5,2.18,3.67,3.04,1.53,2.5,,,1.55,2.7,1.5,2.53,-0.25,2.0,1.85,,,2.0,1.87,1.92,1.83,2526,,,,,,,2.1,4.0,3.65,1.53,2.8,2.1,1.89,,,,,,,2.34,3.85,3.15,1.57,2.72,2.03,1.94,2.0,4.0,3.4,1.91,3.75,3.65,2.0,3.75,3.5,,,,,,,2.2,3.75,3.0,2.16,3.6,3.05,2.25,3.6,3.0,,,,,,,,,,,,,,,,,,,,
E0,18/04/2026,17:30,Tottenham,Brighton,2,2,D,1,1,D,S Attwell,13,10,6,3,14,14,7,5,3,1,0,0,2.7,3.75,2.4,2.7,3.7,2.4,,,,,,,,,,,,,2.75,3.8,2.5,2.68,3.65,2.41,1.67,2.2,,,1.71,2.2,1.66,2.16,0.0,2.05,1.8,,,2.05,1.8,1.98,1.77,3.0,3.9,2.15,3.0,3.7,2.2,,,,,,,,,,,,,3.0,4.0,2.5,2.93,3.76,2.21,1.62,2.3,,,1.66,2.4,1.62,2.26,0.25,1.93,1.93,,,1.93,1.93,1.87,1.88,2526,,,,,,,2.92,3.9,2.46,1.73,2.32,2.15,1.84,,,,,,,3.1,4.1,2.26,1.7,2.42,1.99,2.0,2.75,3.75,2.4,2.7,3.6,2.43,2.75,3.6,2.4,,,,,,,3.0,3.75,2.2,2.9,3.8,2.2,3.0,3.75,2.2,,,,,,,,,,,,,,,,,,,,
E0,18/04/2026,20:00,Chelsea,Man United,0,1,A,0,1,A,M Oliver,21,4,3,1,12,13,7,1,1,3,0,0,2.2,3.5,3.2,2.2,3.7,3.0,,,,,,,,,,,,,2.3,3.75,3.2,2.21,3.54,3.07,1.57,2.38,,,1.57,2.5,1.53,2.4,-0.25,1.93,1.93,,,1.95,1.93,1.89,1.86,2.05,3.8,3.2,2.1,3.8,3.2,,,,,,,,,,,,,2.15,3.8,3.35,2.1,3.69,3.21,1.5,2.63,,,1.52,2.7,1.49,2.57,-0.25,1.83,2.03,,,1.83,2.03,1.79,1.96,2526,,,,,,,2.3,3.85,3.25,1.6,2.6,2.0,1.98,,,,,,,2.2,3.9,3.4,1.55,2.78,1.91,2.08,2.25,3.75,3.0,2.2,3.45,3.1,2.2,3.6,3.1,,,,,,,2.15,3.75,3.2,2.07,3.55,3.3,2.1,3.7,3.25,,,,,,,,,,,,,,,,,,,,
E0,19/04/2026,14:00,Aston Villa,Sunderland,4,3,H,2,1,H,S Barrott,15,10,7,7,11,11,4,5,1,3,0,0,1.67,3.75,5.5,1.66,3.9,5.0,,,,,,,,,,,,,1.67,4.0,5.5,1.65,3.78,5.25,1.98,1.88,,,1.98,1.91,1.89,1.86,-0.75,1.88,1.98,,,1.88,1.98,1.81,1.92,1.75,3.6,5.0,1.75,3.7,4.6,,,,,,,,,,,,,1.8,3.9,5.25,1.73,3.66,4.8,1.98,1.88,,,2.0,1.91,1.92,1.85,-0.75,1.98,1.88,,,1.98,1.88,1.93,1.82,2526,,,,,,,1.73,4.0,5.6,1.98,1.97,1.93,2.03,,,,,,,1.8,3.85,5.3,2.04,1.94,2.04,1.93,1.67,3.75,5.5,1.63,3.8,5.4,1.65,3.7,5.0,,,,,,,1.8,3.75,4.5,1.72,3.6,4.9,1.73,3.7,4.75,,,,,,,,,,,,,,,,,,,,
E0,19/04/2026,14:00,Everton,Liverpool,1,2,A,0,1,A,C Kavanagh,10,14,4,6,8,12,1,6,2,0,0,0,3.1,3.4,2.3,3.1,3.4,2.25,,,,,,,,,,,,,3.25,3.6,2.3,3.11,3.36,2.25,1.9,1.95,,,1.91,1.95,1.86,1.9,0.25,1.88,1.98,,,1.88,1.98,1.83,1.92,3.2,3.4,2.25,3.2,3.25,2.3,,,,,,,,,,,,,3.3,3.6,2.3,3.2,3.33,2.24,1.83,2.03,,,1.85,2.04,1.8,1.98,0.25,1.93,1.93,,,1.93,1.96,1.86,1.89,2526,,,,,,,3.3,3.45,2.4,1.97,2.0,1.91,2.06,,,,,,,3.55,3.4,2.32,1.89,2.1,1.99,1.99,3.1,3.5,2.25,3.15,3.25,2.28,3.0,3.4,2.25,,,,,,,3.1,3.5,2.25,3.15,3.3,2.28,3.25,3.3,2.25,,,,,,,,,,,,,,,,,,,,
E0,19/04/2026,14:00,Nott'm Forest,Burnley,4,1,H,0,1,A,T Kirk,10,4,4,3,8,12,4,4,0,2,0,0,1.5,4.2,7.0,1.5,4.33,6.25,,,,,,,,,,,,,1.53,4.35,7.0,1.49,4.25,6.32,1.73,2.1,,,1.8,2.1,1.74,2.03,-1.0,1.83,2.03,,,1.86,2.03,1.79,1.96,1.45,4.5,7.0,1.47,4.6,6.25,,,,,,,,,,,,,1.53,4.6,7.5,1.46,4.39,6.84,1.73,2.1,,,1.76,2.2,1.7,2.11,-1.25,2.03,1.83,,,2.03,1.84,1.97,1.78,2526,,,,,,,1.54,4.5,7.4,1.84,2.16,1.86,2.1,,,,,,,1.5,4.7,7.8,1.79,2.24,2.1,1.87,1.5,4.33,6.5,1.48,4.3,6.4,1.45,4.33,6.5,,,,,,,1.5,4.33,7.0,1.43,4.5,7.0,1.44,4.33,7.0,,,,,,,,,,,,,,,,,,,,
E0,19/04/2026,16:30,Man City,Arsenal,2,1,H,1,1,D,A Taylor,15,9,5,3,5,12,8,5,2,2,0,0,1.83,3.7,4.2,1.8,3.7,4.33,,,,,,,,,,,,,2.0,3.75,4.6,1.82,3.6,4.25,2.0,1.8,,,2.0,1.91,1.92,1.82,-0.5,1.83,2.03,,,1.83,2.03,1.76,1.96,1.85,3.7,4.1,1.8,3.7,4.33,,,,,,,,,,,,,2.0,3.7,4.5,1.84,3.59,4.22,1.93,1.93,,,2.0,1.93,1.9,1.86,-0.5,1.85,2.0,,,1.85,2.0,1.78,1.93,2526,,,,,,,1.9,3.9,4.5,2.04,1.94,1.9,2.09,,,,,,,1.91,3.75,4.7,2.02,1.96,1.91,2.09,1.8,3.75,4.33,1.77,3.55,4.6,1.8,3.5,4.33,,,,,,,1.9,3.6,4.4,1.8,3.55,4.5,1.83,3.6,4.2,,,,,,,,,,,,,,,,,,,,
E0,20/04/2026,20:00,Crystal Palace,West Ham,0,0,D,0,0,D,D England,9,9,1,4,13,12,4,6,2,1,0,0,2.38,3.2,3.1,2.3,3.3,3.1,,,,,,,,,,,,,2.38,3.4,3.3,2.31,3.21,3.11,1.93,1.93,,,1.93,1.95,1.88,1.87,-0.25,2.05,1.8,,,2.05,1.8,1.98,1.76,2.63,3.25,2.7,2.55,3.4,2.7,,,,,,,,,,,,,2.63,3.4,3.3,2.53,3.33,2.76,1.85,2.0,,,1.9,2.0,1.82,1.95,0.0,1.9,1.95,,,1.9,2.05,1.82,1.93,2526,,,,,,,2.5,3.4,3.15,1.97,2.0,2.15,1.86,,,,,,,,,,,,,,2.38,3.4,3.0,2.23,3.25,3.25,2.3,3.2,3.0,,,,,,,2.63,3.4,2.63,2.55,3.25,2.8,2.63,3.3,2.7,,,,,,,,,,,,,,,,,,,,
E0,21/04/2026,20:00,Brighton,Chelsea,3,0,H,1,0,H,C Pawson,15,6,9,0,15,6,6,5,1,1,0,0,2.5,3.5,2.7,2.4,3.6,2.7,,,,,,,,,,,,,2.54,3.75,2.7,2.44,3.62,2.66,1.67,2.2,,,1.67,2.3,1.63,2.22,,1.78,2.1,,,1.81,2.1,1.77,1.99,2.25,3.6,3.0,2.3,3.5,3.0,,,,,,,,,,,,,2.32,3.6,3.14,2.28,3.43,3.01,1.91,1.91,,,1.91,2.0,1.83,1.93,-0.25,1.98,1.88,,,1.98,1.88,1.94,1.82,2526,,,,,,,,,,,,,,,,,,,,,,,,,,,2.4,3.75,2.63,2.45,3.6,2.63,2.45,3.6,2.7,2.45,3.6,2.7,2.4,3.6,2.7,2.3,3.5,3.0,2.32,3.4,2.9,2.3,3.3,3.13,2.3,3.5,3.0,2.25,3.4,3.0,,,,,,,,,,,,,,
E0,22/04/2026,20:00,Bournemouth,Leeds,2,2,D,0,0,D,M Salisbury,17,10,7,3,6,10,12,1,3,0,0,0,2.0,3.5,3.6,2.05,3.6,3.4,,,,,,,,,,,,,2.1,3.6,4.0,2.02,3.51,3.57,1.73,2.1,,,1.75,2.15,1.71,2.06,-0.5,2.03,1.83,,,2.03,1.83,1.94,1.77,1.8,3.9,4.1,1.83,3.8,4.0,,,,,,,,,,,,,1.9,3.9,4.33,1.83,3.78,4.02,1.57,2.38,,,1.66,2.4,1.59,2.28,-0.5,1.83,2.03,,,1.9,2.03,1.81,1.9,2526,,,,,,,,,,,,,,,,,,,,,,,,,,,2.05,3.6,3.4,1.95,3.55,3.7,2.05,3.6,3.5,2.05,3.6,3.4,2.05,3.5,3.4,1.9,3.75,3.75,1.85,3.7,3.95,1.8,3.75,4.33,1.83,3.8,4.0,1.83,3.8,3.9,,,,,,,,,,,,,,
E0,22/04/2026,20:00,Burnley,Man City,0,1,A,0,1,A,A Madley,9,28,1,9,10,12,3,11,0,0,0,0,19.0,9.0,1.13,14.0,8.5,1.17,,,,,,,,,,,,,20.0,9.0,1.22,16.53,8.3,1.14,1.33,3.4,,,1.35,3.4,1.32,3.22,2.5,1.83,2.03,,,1.83,2.15,1.71,2.03,15.0,8.5,1.14,13.0,8.5,1.17,,,,,,,,,,,,,20.0,9.5,1.22,15.78,8.1,1.15,1.36,3.2,,,1.38,3.5,1.34,3.19,2.25,1.93,1.93,,,1.93,1.93,1.88,1.87,2526,,,,,,,,,,,,,,,,,,,,,,,,,,,17.0,8.0,1.14,18.0,8.5,1.13,20.0,9.0,1.12,13.0,8.5,1.17,13.0,8.5,1.17,15.0,7.5,1.17,20.0,8.5,1.12,17.0,8.5,1.14,13.0,8.5,1.17,13.0,8.5,1.17,,,,,,,,,,,,,,
E0,24/04/2026,20:00,Sunderland,Nott'm Forest,0,5,A,0,4,A,D England,14,10,4,6,13,15,3,6,2,5,0,0,2.7,3.2,2.7,2.65,3.2,2.7,,,,,,,,,,,,,2.75,3.25,2.75,2.67,3.18,2.66,2.2,1.67,,,2.2,1.74,2.13,1.69,0.0,1.95,1.9,,,1.95,1.9,1.87,1.87,2.63,3.1,2.8,2.65,3.0,2.87,,,,,,,,,,,,,2.75,3.25,2.87,2.66,3.1,2.75,2.3,1.62,,,2.3,1.7,2.19,1.65,0.0,1.85,2.0,,,1.85,2.0,1.83,1.91,2526,,,,,,,,,,,,,,,,,,,,,,,,,,,2.63,3.25,2.63,2.7,3.2,2.63,2.7,3.25,2.7,2.7,3.2,2.7,2.62,3.1,2.7,2.75,3.25,2.63,2.7,3.1,2.7,2.63,3.2,2.75,2.62,3.0,2.87,2.62,3.0,2.87,,,,,,,,,,,,,,
E0,25/04/2026,12:30,Fulham,Aston Villa,1,0,H,1,0,H,M Oliver,13,10,6,1,14,12,2,5,2,2,0,0,2.75,3.6,2.45,2.7,3.5,2.5,,,,,,,,,,,,,2.75,3.6,2.54,2.67,3.5,2.47,1.73,2.1,,,1.76,2.1,1.72,2.07,0.0,2.03,1.83,,,2.03,1.85,1.95,1.8,2.45,3.6,2.75,2.4,3.5,2.8,,,,,,,,,,,,,2.5,3.6,2.85,2.43,3.55,2.7,1.73,2.1,,,1.77,2.2,1.71,2.08,0.0,1.8,2.05,,,1.8,2.08,1.76,2.02,2526,,,,,,,,,,,,,,,,,,,,,,,,,,,2.63,3.6,2.5,2.65,3.5,2.48,2.75,3.5,2.45,2.7,3.5,2.5,2.7,3.4,2.5,,,,2.48,3.5,2.65,,,,,,,2.4,3.5,2.75,,,,,,,,,,,,,,
E0,25/04/2026,15:00,Liverpool,Crystal Palace,3,1,H,2,0,H,A Madley,9,14,3,7,10,10,5,8,1,3,0,0,1.44,5.0,6.25,1.49,4.75,5.75,,,,,,,,,,,,,1.5,5.0,7.0,1.44,4.76,6.31,1.57,2.38,,,1.6,2.5,1.55,2.36,-1.25,2.03,1.83,,,2.03,1.86,1.95,1.8,1.6,4.5,5.0,1.58,4.5,4.8,,,,,,,,,,,,,1.6,4.5,5.6,1.56,4.37,5.21,1.5,2.63,,,1.54,2.63,1.5,2.52,-1.0,1.98,1.88,,,1.98,1.9,1.92,1.85,2526,,,,,,,,,,,,,,,,,,,,,,,,,,,1.44,4.6,6.5,1.4,4.9,7.0,1.45,4.75,6.5,1.5,4.8,5.75,1.5,4.6,5.75,,,,1.54,4.25,5.6,,,,,,,1.57,4.5,4.8,,,,,,,,,,,,,,
E0,25/04/2026,15:00,West Ham,Everton,2,1,H,0,0,D,S Attwell,10,11,3,3,9,11,3,4,3,4,0,0,2.4,3.4,2.9,2.35,3.4,2.95,,,,,,,,,,,,,2.43,3.5,3.0,2.38,3.34,2.9,1.9,1.95,,,1.91,2.02,1.83,1.92,-0.25,2.1,1.78,,,2.1,1.78,2.01,1.74,2.4,3.4,2.8,2.45,3.4,2.85,,,,,,,,,,,,,2.5,3.4,2.95,2.42,3.38,2.82,1.83,2.03,,,1.86,2.03,1.8,1.96,0.0,1.78,2.1,,,1.78,2.1,1.75,2.04,2526,,,,,,,,,,,,,,,,,,,,,,,,,,,2.4,3.5,2.88,2.4,3.3,2.9,2.4,3.3,3.0,2.37,3.4,2.9,2.37,3.4,2.9,,,,2.38,3.4,2.9,,,,,,,2.4,3.4,2.8,,,,,,,,,,,,,,
E0,25/04/2026,15:00,Wolves,Tottenham,0,1,A,0,0,D,A Taylor,11,11,2,2,8,14,5,5,3,4,0,0,4.5,4.33,1.67,4.33,4.0,1.73,,,,,,,,,,,,,4.75,4.33,1.73,4.48,3.99,1.7,1.67,2.2,,,1.7,2.2,1.66,2.15,0.75,1.95,1.9,,,1.95,1.9,1.89,1.86,4.5,4.33,1.67,4.6,4.0,1.7,,,,,,,,,,,,,5.0,4.33,1.7,4.62,4.17,1.64,1.67,2.2,,,1.67,2.3,1.62,2.23,0.75,2.05,1.8,,,2.05,1.86,1.99,1.79,2526,,,,,,,,,,,,,,,,,,,,,,,,,,,4.6,4.0,1.7,4.5,3.9,1.71,4.6,4.0,1.7,4.33,4.0,1.73,4.33,4.0,1.73,,,,4.75,4.2,1.61,,,,,,,4.5,4.0,1.7,,,,,,,,,,,,,,
E0,25/04/2026,17:30,Arsenal,Newcastle,1,0,H,1,0,H,S Barrott,11,13,4,3,13,10,7,2,2,2,0,0,1.45,4.75,6.25,1.49,4.75,5.75,,,,,,,,,,,,,1.5,4.8,6.75,1.45,4.66,6.22,1.57,2.38,,,1.63,2.38,1.58,2.29,-1.25,2.03,1.83,,,2.03,1.83,1.96,1.78,1.38,5.0,7.5,1.41,5.0,7.0,,,,,,,,,,,,,1.41,5.0,8.0,1.38,4.87,7.59,1.67,2.2,,,1.68,2.28,1.65,2.18,-1.25,1.88,1.98,,,1.88,1.98,1.84,1.94,2526,,,,,,,,,,,,,,,,,,,,,,,,,,,1.44,4.6,6.5,1.42,4.75,6.75,1.45,4.75,6.5,1.5,4.6,5.75,1.48,4.6,5.75,,,,1.36,4.9,8.0,,,,,,,1.4,5.0,7.0,,,,,,,,,,,,,,
E0,27/04/2026,20:00,Man United,Brentford,2,1,H,2,0,H,C Kavanagh,11,12,6,4,6,9,7,8,2,4,0,0,1.85,3.8,4.0,1.82,3.9,4.0,,,,,,,,,,,,,1.9,4.0,4.0,1.84,3.82,3.84,1.57,2.38,,,1.61,2.38,1.55,2.35,-0.5,1.83,2.03,,,1.86,2.03,1.8,1.92,1.95,3.75,3.6,1.98,3.8,3.4,,,,,,,,,,,,,2.0,4.0,3.75,1.96,3.73,3.53,1.57,2.38,,,1.61,2.45,1.56,2.36,-0.5,2.03,1.83,,,2.03,1.85,1.9,1.81,2526,,,,,,,,,,,,,,,,,,,,,,,,,,,1.9,4.0,3.75,1.85,3.75,3.95,1.8,3.9,3.8,,,,1.8,3.9,3.9,2.0,4.0,3.5,1.93,3.65,3.65,2.0,3.7,3.5,2.0,3.8,3.4,2.0,3.75,3.4,,,,,,,,,,,,,,
E0,01/05/2026,20:00,Leeds,Burnley,3,1,H,1,0,H,T Bramall,18,9,8,3,12,11,5,0,4,3,0,0,1.33,5.0,9.5,1.38,5.0,7.75,,,,,,,,,,,,,1.38,5.4,9.5,1.34,5.09,8.57,1.67,2.2,,,1.71,2.25,1.65,2.18,-1.25,1.85,2.0,,,1.85,2.0,1.81,1.95,1.36,5.0,8.5,1.39,5.0,7.75,,,,,,,,,,,,,1.4,5.25,9.5,1.36,4.93,8.54,1.73,2.1,,,1.73,2.23,1.69,2.11,-1.25,1.88,1.98,,,1.88,2.0,1.82,1.94,2526,,,,,,,,,,,,,,,,,,,,,,,,,,,1.36,5.0,9.0,1.3,5.3,9.5,1.33,5.25,9.0,1.36,5.0,8.0,1.36,5.0,7.5,1.36,5.0,9.0,1.33,4.9,9.0,1.33,5.25,9.0,1.4,5.0,7.5,1.4,4.8,7.5,,,,,,,,,,,,,,
E0,02/05/2026,15:00,Brentford,West Ham,3,0,H,1,0,H,C Pawson,14,13,6,4,8,12,2,6,1,3,0,0,1.91,3.75,3.75,1.95,3.75,3.6,,,,,,,,,,,,,1.95,3.8,3.75,1.91,3.77,3.62,1.62,2.3,,,1.62,2.38,1.59,2.28,-0.5,1.93,1.93,,,1.93,1.93,1.86,1.86,1.85,3.8,3.8,1.85,3.9,3.8,,,,,,,,,,,,,1.9,4.0,4.0,1.86,3.86,3.8,1.57,2.38,,,1.62,2.5,1.57,2.35,-0.5,1.85,2.0,,,1.85,2.0,1.8,1.91,2526,,,,,,,,,,,,,,,,,,,,,,,,,,,1.95,3.75,3.6,1.88,3.75,3.75,1.91,3.8,3.7,1.95,3.8,3.6,1.95,3.75,3.6,1.9,4.0,3.75,1.85,3.7,4.0,1.85,3.9,3.9,,,,1.85,3.9,3.75,,,,,,,,,,,,,,
E0,02/05/2026,15:00,Newcastle,Brighton,3,1,H,2,0,H,C Kavanagh,13,13,6,4,10,12,2,10,3,3,0,0,2.5,3.75,2.6,2.5,3.6,2.65,,,,,,,,,,,,,2.6,3.75,2.66,2.5,3.6,2.6,1.73,2.1,,,1.73,2.2,1.68,2.13,0.0,1.88,1.98,,,1.88,1.98,1.83,1.92,2.7,3.6,2.45,2.7,3.6,2.45,,,,,,,,,,,,,2.75,3.75,2.5,2.66,3.6,2.46,1.67,2.2,,,1.71,2.3,1.65,2.18,0.0,2.03,1.83,,,2.03,1.83,1.96,1.79,2526,,,,,,,,,,,,,,,,,,,,,,,,,,,2.6,3.6,2.6,2.43,3.7,2.63,2.5,3.6,2.63,2.5,3.6,2.62,2.5,3.5,2.62,2.63,3.75,2.5,2.6,3.65,2.48,2.7,3.6,2.45,,,,2.7,3.6,2.45,,,,,,,,,,,,,,
E0,02/05/2026,15:00,Wolves,Sunderland,1,1,D,0,1,A,P Tierney,20,10,7,2,11,11,6,3,0,4,0,1,3.1,3.2,2.1,3.1,3.4,2.25,,,,,,,,,,,,,3.45,3.4,2.25,3.24,3.35,2.18,2.1,1.73,,,2.1,1.78,2.03,1.74,0.25,1.95,1.9,,,1.95,1.9,1.88,1.86,3.6,3.5,2.0,3.5,3.5,2.05,,,,,,,,,,,,,3.82,3.6,2.05,3.67,3.52,1.98,2.0,1.8,,,2.0,1.85,1.96,1.8,0.5,1.83,2.03,,,1.87,2.28,1.73,2.03,2526,,,,,,,,,,,,,,,,,,,,,,,,,,,3.3,3.4,2.2,3.4,3.3,2.12,3.3,3.4,2.2,3.1,3.4,2.25,3.1,3.4,2.25,3.75,3.5,2.0,3.7,3.55,1.95,3.75,3.5,2.0,,,,3.5,3.5,2.05,,,,,,,,,,,,,,
E0,02/05/2026,17:30,Arsenal,Fulham,3,0,H,3,0,H,J Gillett,18,10,9,1,7,12,3,4,0,1,0,0,1.44,4.33,7.0,1.46,4.5,6.5,,,,,,,,,,,,,1.48,4.5,8.0,1.44,4.39,7.0,1.8,2.0,,,1.8,2.0,1.77,1.97,-1.25,2.05,1.8,,,2.05,1.86,1.99,1.8,1.45,4.5,7.0,1.47,4.5,6.25,,,,,,,,,,,,,1.5,4.5,8.0,1.45,4.42,7.02,1.88,1.98,,,1.92,2.02,1.83,1.94,-1.0,1.78,2.1,,,1.8,2.1,1.74,2.02,2526,,,,,,,,,,,,,,,,,,,,,,,,,,,1.44,4.5,7.5,,,,,,,,,,1.48,4.5,6.5,1.5,4.33,7.0,1.41,4.5,7.5,1.45,4.4,7.5,,,,1.48,4.5,6.0,,,,,,,,,,,,,,
E0,03/05/2026,14:00,Bournemouth,Crystal Palace,3,0,H,2,0,H,R Jones,16,7,5,1,10,11,7,1,0,2,0,0,1.57,4.33,5.25,1.6,4.2,5.0,,,,,,,,,,,,,1.62,4.35,5.5,1.58,4.16,5.2,1.67,2.2,,,1.67,2.25,1.65,2.17,-1.0,2.03,1.83,,,2.03,1.86,1.95,1.8,1.55,4.33,5.25,1.57,4.2,5.5,,,,,,,,,,,,,1.61,4.33,5.66,1.56,4.23,5.36,1.62,2.3,,,1.68,2.3,1.63,2.21,-1.0,1.93,1.93,,,1.93,1.93,1.89,1.88,2526,,,,,,,,,,,,,,,,,,,,,,,,,,,1.57,4.2,5.5,1.56,4.3,5.25,1.57,4.0,5.25,1.6,4.2,5.0,1.6,4.2,5.0,,,,1.6,4.1,5.1,,,,,,,1.57,4.2,5.5,,,,,,,,,,,,,,
E0,03/05/2026,15:30,Man United,Liverpool,3,2,H,2,0,H,D England,18,13,6,5,12,11,3,2,2,2,0,0,2.3,3.8,2.75,2.3,3.9,2.75,,,,,,,,,,,,,2.38,3.9,2.85,2.29,3.73,2.76,1.5,2.63,,,1.5,2.7,1.47,2.58,-0.25,2.03,1.83,,,2.03,1.83,1.98,1.76,2.35,3.75,2.8,2.3,3.75,2.75,,,,,,,,,,,,,2.4,3.8,2.83,2.35,3.71,2.74,1.53,2.5,,,1.53,2.63,1.49,2.53,-0.25,2.05,1.8,,,2.05,1.8,2.01,1.77,2526,,,,,,,,,,,,,,,,,,,,,,,,,,,2.3,3.8,2.8,2.28,3.7,2.8,2.25,3.75,2.75,2.3,3.9,2.75,2.3,3.8,2.7,,,,2.38,3.65,2.7,,,,,,,2.3,3.7,2.75,,,,,,,,,,,,,,
E0,03/05/2026,19:00,Aston Villa,Tottenham,1,2,A,0,2,A,S Barrott,5,10,1,5,12,12,5,5,2,5,0,0,2.15,3.6,3.2,2.1,3.6,3.3,,,,,,,,,,,,,2.15,3.75,3.4,2.1,3.59,3.21,1.73,2.1,,,1.73,2.23,1.68,2.11,-0.25,1.88,1.98,,,1.88,1.98,1.82,1.92,2.25,3.6,3.0,2.25,3.5,3.0,,,,,,,,,,,,,2.28,3.7,3.1,2.24,3.54,2.99,1.67,2.2,,,1.74,2.25,1.67,2.15,-0.25,1.95,1.9,,,1.96,1.9,1.92,1.86,2526,,,,,,,,,,,,,,,,,,,,,,,,,,,2.1,3.75,3.25,2.04,3.55,3.35,2.1,3.6,3.13,2.1,3.6,3.3,2.1,3.5,3.25,,,,2.25,3.4,3.05,,,,,,,2.25,3.5,3.0,,,,,,,,,,,,,,
E0,04/05/2026,15:00,Chelsea,Nott'm Forest,1,3,A,0,2,A,A Taylor,21,6,5,4,12,10,10,1,3,1,0,0,1.7,4.0,4.75,1.71,3.9,4.6,,,,,,,,,,,,,1.71,4.1,4.9,1.68,3.93,4.65,1.67,2.2,,,1.71,2.2,1.67,2.14,-0.75,1.9,1.95,,,1.9,1.95,1.85,1.89,1.42,4.75,7.0,1.42,5.0,6.75,,,,,,,,,,,,,1.45,5.0,8.2,1.41,4.78,7.11,1.62,2.3,,,1.65,2.4,1.6,2.28,-1.25,1.88,1.98,,,1.88,2.0,1.83,1.92,2526,,,,,,,,,,,,,,,,,,,,,,,,,,,1.7,4.0,4.6,1.64,4.1,4.8,1.67,3.9,4.6,,,,1.7,3.9,4.6,1.4,5.0,7.5,1.44,4.4,6.75,1.4,5.0,7.0,,,,1.4,5.0,6.5,,,,,,,,,,,,,,
E0,04/05/2026,20:00,Everton,Man City,3,3,D,0,1,A,M Oliver,14,21,6,4,15,5,5,9,4,1,0,0,6.5,4.75,1.44,6.25,4.6,1.47,,,,,,,,,,,,,7.0,4.8,1.48,6.38,4.63,1.44,1.62,2.3,,,1.62,2.4,1.58,2.28,1.25,1.83,2.03,,,1.83,2.03,1.79,1.95,6.5,4.75,1.44,6.5,4.6,1.46,,,,,,,,,,,,,7.0,5.0,1.48,6.69,4.61,1.44,1.57,2.38,,,1.6,2.4,1.57,2.35,1.25,1.8,2.05,,,1.92,2.05,1.8,1.94,2526,,,,,,,,,,,,,,,,,,,,,,,,,,,6.5,4.6,1.44,6.75,4.8,1.42,6.5,4.4,1.44,,,,6.0,4.6,1.48,7.0,4.6,1.44,7.0,4.6,1.41,7.0,4.6,1.44,6.5,4.6,1.44,6.5,4.6,1.44,,,,,,,,,,,,,,
E0,09/05/2026,12:30,Liverpool,Chelsea,1,1,D,1,1,D,C Pawson,8,6,3,3,17,17,5,2,2,4,0,0,1.83,4.0,3.9,1.83,4.0,3.8,,,,,,,,,,,,,1.84,4.0,4.0,1.82,3.95,3.81,1.44,2.75,,,1.44,3.0,1.41,2.8,-0.5,1.83,2.03,,,1.83,2.03,1.78,1.94,2.0,3.75,3.4,1.98,3.7,3.5,,,,,,,,,,,,,2.05,3.8,3.65,1.99,3.69,3.48,1.62,2.3,,,1.62,2.5,1.58,2.33,-0.5,2.03,1.83,,,2.03,1.84,1.94,1.79,2526,,,,,,,1.9,4.2,4.1,1.46,3.1,1.9,2.08,,,,,,,,,,,,,,,,,,,,,,,,,,,,,2.05,3.8,3.3,1.97,3.6,3.6,2.0,3.6,3.5,,,,1.95,3.75,3.5,,,,,,,,,,,,,,
E0,09/05/2026,15:00,Brighton,Wolves,3,0,H,2,0,H,J Brooks,14,5,6,1,9,11,7,1,1,2,0,0,1.27,6.25,9.5,1.28,6.0,9.25,,,,,,,,,,,,,1.29,6.25,11.5,1.27,5.88,9.98,1.53,2.5,,,1.53,2.55,1.5,2.5,-1.75,1.98,1.88,,,1.98,1.88,1.92,1.81,1.29,6.0,9.0,1.28,6.25,9.0,,,,,,,,,,,,,1.29,6.25,11.0,1.27,5.95,9.93,1.53,2.5,,,1.55,2.75,1.5,2.53,-1.75,2.03,1.83,,,2.03,1.85,1.96,1.79,2526,,,,,,,1.29,6.8,12.0,1.56,2.74,2.0,1.93,,,,,,,1.31,6.4,12.0,1.57,2.72,2.08,1.88,1.29,5.5,11.0,1.26,5.8,10.0,1.25,6.0,11.5,1.28,6.0,9.0,1.28,6.0,9.0,1.25,6.0,11.0,1.24,6.0,11.0,1.29,6.0,10.0,1.28,6.0,9.0,1.28,6.0,8.5,,,,,,,,,,,,,,
E0,09/05/2026,15:00,Fulham,Bournemouth,0,1,A,0,0,D,A Madley,14,10,2,5,12,21,11,2,4,2,1,1,2.75,3.6,2.4,2.65,3.7,2.45,,,,,,,,,,,,,2.75,3.75,2.45,2.68,3.66,2.39,1.57,2.38,,,1.6,2.5,1.54,2.39,0.0,2.05,1.8,,,2.05,1.8,1.99,1.76,2.7,3.6,2.45,2.65,3.6,2.5,,,,,,,,,,,,,2.7,3.7,2.54,2.63,3.6,2.47,1.62,2.3,,,1.63,2.43,1.59,2.3,0.0,2.03,1.83,,,2.03,1.85,1.95,1.8,2526,,,,,,,2.9,3.9,2.46,1.6,2.6,2.16,1.83,,,,,,,2.86,3.65,2.62,1.69,2.44,2.08,1.91,2.75,3.75,2.38,2.65,3.65,2.43,2.7,3.75,2.38,2.62,3.7,2.45,2.62,3.6,2.45,2.63,3.6,2.5,2.6,3.6,2.48,2.63,3.7,2.45,2.62,3.6,2.5,2.62,3.6,2.5,,,,,,,,,,,,,,
E0,09/05/2026,15:00,Sunderland,Man United,0,0,D,0,0,D,S Attwell,15,11,4,1,12,12,7,8,0,3,0,0,3.9,3.75,1.85,3.8,3.6,1.93,,,,,,,,,,,,,4.1,3.8,1.93,3.93,3.7,1.86,1.73,2.1,,,1.75,2.12,1.72,2.05,0.5,1.98,1.88,,,1.98,1.88,1.91,1.81,3.2,3.6,2.15,3.2,3.5,2.2,,,,,,,,,,,,,3.4,3.7,2.2,3.21,3.51,2.15,1.73,2.1,,,1.75,2.2,1.71,2.09,0.25,1.98,1.88,,,1.98,1.88,1.91,1.84,2526,,,,,,,4.3,3.9,1.94,1.81,2.18,2.05,1.94,,,,,,,3.45,3.65,2.26,1.8,2.22,2.03,1.95,4.0,3.75,1.9,4.0,3.7,1.83,4.0,3.8,1.85,3.8,3.6,1.91,3.8,3.6,1.91,3.1,3.5,2.2,3.4,3.4,2.1,3.2,3.7,2.15,3.2,3.5,2.2,3.1,3.5,2.2,,,,,,,,,,,,,,
E0,09/05/2026,17:30,Man City,Brentford,3,0,H,0,0,D,M Salisbury,25,4,10,2,8,14,10,2,4,2,0,0,1.36,5.75,7.0,1.37,5.5,6.75,,,,,,,,,,,,,1.38,6.0,8.0,1.35,5.51,7.23,1.36,3.2,,,1.43,3.25,1.37,2.97,-1.5,1.98,1.88,,,1.98,1.95,1.87,1.85,1.36,5.5,7.0,1.37,5.75,6.75,,,,,,,,,,,,,1.38,5.75,8.5,1.34,5.57,7.32,1.36,3.2,,,1.38,3.3,1.35,3.12,-1.5,1.98,1.88,,,1.98,1.96,1.89,1.84,2526,,,,,,,1.38,6.0,8.6,1.42,3.25,2.02,1.93,,,,,,,1.38,6.0,9.0,1.41,3.35,2.04,1.95,1.36,5.5,7.5,1.32,5.6,7.5,1.36,5.5,7.5,1.36,5.5,7.0,1.36,5.5,6.5,1.36,5.5,7.5,1.3,5.75,8.0,1.33,5.5,8.0,1.36,5.75,6.5,1.36,5.75,6.5,,,,,,,,,,,,,,
E0,10/05/2026,14:00,Burnley,Aston Villa,2,2,D,1,1,D,A Taylor,15,18,6,7,18,8,2,8,1,1,0,0,5.0,4.33,1.6,5.25,4.1,1.61,,,,,,,,,,,,,6.0,4.33,1.62,5.34,4.09,1.58,1.73,2.1,,,1.73,2.15,1.7,2.09,1.0,1.8,2.05,,,1.86,2.05,1.79,1.97,6.25,4.5,1.48,6.0,4.33,1.52,,,,,,,,,,,,,7.0,4.6,1.52,6.34,4.42,1.48,1.73,2.1,,,1.78,2.2,1.69,2.12,1.0,2.03,1.83,,,2.05,1.83,2.0,1.76,2526,,,,,,,5.7,4.3,1.64,1.78,2.22,1.88,2.09,,,,,,,6.8,4.8,1.54,1.78,2.26,2.11,1.89,5.5,4.0,1.6,5.8,4.1,1.54,5.25,4.0,1.57,5.25,4.0,1.61,5.25,4.0,1.61,6.5,4.33,1.5,6.5,4.5,1.45,7.0,4.5,1.45,,,,6.0,4.33,1.5,,,,,,,,,,,,,,
E0,10/05/2026,14:00,Crystal Palace,Everton,2,2,D,1,1,D,T Bramall,21,13,8,6,5,13,5,10,0,2,0,0,2.7,3.3,2.63,2.75,3.3,2.55,,,,,,,,,,,,,2.8,3.4,2.63,2.71,3.26,2.56,2.03,1.83,,,2.08,1.83,1.99,1.76,0.0,1.98,1.88,,,1.98,1.88,1.93,1.81,2.75,3.3,2.55,2.7,3.3,2.55,,,,,,,,,,,,,2.88,3.4,2.6,2.78,3.25,2.54,2.0,1.8,,,2.05,1.9,1.98,1.79,0.0,2.03,1.83,,,2.03,1.83,1.96,1.79,2526,,,,,,,2.92,3.45,2.66,2.08,1.89,2.08,1.89,,,,,,,3.0,3.35,2.68,2.08,1.9,2.12,1.87,2.75,3.4,2.6,2.7,3.25,2.6,2.7,3.25,2.5,2.75,3.3,2.6,2.75,3.25,2.5,2.75,3.4,2.5,2.8,3.15,2.55,2.88,3.13,2.6,,,,2.7,3.3,2.6,,,,,,,,,,,,,,
E0,10/05/2026,14:00,Nott'm Forest,Newcastle,1,1,D,0,0,D,P Tierney,17,16,6,6,16,11,2,1,2,0,0,0,2.6,3.6,2.6,2.6,3.5,2.6,,,,,,,,,,,,,2.7,3.6,2.65,2.58,3.48,2.56,1.73,2.1,,,1.82,2.1,1.71,2.07,0.0,1.95,1.9,,,1.95,1.9,1.9,1.84,3.5,3.4,2.1,3.25,3.4,2.2,,,,,,,,,,,,,3.5,3.55,2.23,3.27,3.44,2.15,1.8,2.0,,,1.83,2.1,1.78,1.99,0.25,2.0,1.85,,,2.0,1.85,1.94,1.81,2526,,,,,,,2.76,3.7,2.66,1.76,2.26,2.01,1.95,,,,,,,3.65,3.6,2.2,1.91,2.08,2.09,1.89,2.63,3.6,2.6,2.5,3.45,2.65,2.55,3.5,2.5,2.6,3.5,2.6,2.6,3.4,2.6,3.25,3.5,2.2,3.1,3.45,2.2,3.4,3.5,2.1,,,,3.25,3.4,2.2,,,,,,,,,,,,,,
E0,10/05/2026,16:30,West Ham,Arsenal,0,1,A,0,0,D,C Kavanagh,9,15,3,4,14,12,4,3,3,4,0,0,5.5,4.2,1.57,5.25,4.0,1.62,,,,,,,,,,,,,5.75,4.25,1.62,5.29,4.09,1.58,1.67,2.2,,,1.67,2.25,1.65,2.17,1.0,1.85,2.0,,,1.85,2.0,1.78,1.96,6.0,4.2,1.55,5.5,4.0,1.58,,,,,,,,,,,,,6.4,4.33,1.6,5.83,4.14,1.54,1.91,1.91,,,1.91,2.1,1.8,1.98,1.0,1.8,2.05,,,1.9,2.05,1.8,1.95,2526,,,,,,,5.8,4.5,1.63,1.78,2.26,1.89,2.06,,,,,,,6.6,4.4,1.6,1.95,2.04,1.9,2.08,5.0,4.2,1.62,5.6,4.2,1.54,5.25,4.1,1.57,5.25,4.0,1.61,5.25,4.0,1.61,6.0,4.2,1.53,6.25,4.2,1.5,5.5,4.0,1.6,,,,5.5,4.0,1.57,,,,,,,,,,,,,,
E0,11/05/2026,20:00,Tottenham,Leeds,1,1,D,0,0,D,J Gillett,16,11,3,4,12,7,14,2,3,1,0,0,1.83,4.1,3.75,1.8,3.9,4.1,,,,,,,,,,,,,1.86,4.1,4.1,1.82,3.82,3.92,1.73,2.1,,,1.74,2.17,1.7,2.09,-0.5,1.83,2.03,,,1.83,2.03,1.78,1.95,1.83,3.7,4.2,1.83,3.7,4.2,,,,,,,,,,,,,1.83,4.0,4.4,1.81,3.73,4.15,1.88,1.98,,,1.88,2.14,1.79,1.98,-0.5,1.83,2.03,,,1.83,2.03,1.78,1.96,2526,,,,,,,1.93,4.1,4.1,1.79,2.2,1.93,2.05,,,,,,,1.88,3.9,4.6,1.9,2.08,1.89,2.11,1.83,4.0,4.0,1.84,3.75,3.9,1.8,3.7,4.0,1.8,3.9,4.0,1.8,3.9,4.0,1.83,3.75,4.2,1.77,3.7,4.35,1.83,3.75,4.1,1.83,3.7,4.2,1.83,3.7,4.2,,,,,,,,,,,,,,
E0,13/05/2026,20:00,Man City,Crystal Palace,3,0,H,2,0,H,S Attwell,15,6,4,2,10,7,9,4,0,2,0,0,1.2,7.5,12.0,1.21,7.25,11.5,,,,,,,,,,,,,1.22,7.5,15.0,1.19,7.03,12.75,1.4,3.0,,,1.44,3.0,1.4,2.84,-2.0,1.93,1.93,,,1.93,1.93,1.87,1.88,1.3,6.0,8.5,1.32,6.0,7.25,,,,,,,,,,,,,1.33,6.0,9.5,1.3,5.7,8.53,1.44,2.75,,,1.45,2.9,1.43,2.76,-1.5,1.88,1.98,,,1.88,2.0,1.8,1.93,2526,,,,,,,1.22,8.4,15.0,1.44,3.15,1.95,2.0,,,,,,,1.33,6.4,10.0,1.48,3.0,1.96,2.02,1.2,6.5,13.0,1.17,7.0,14.0,1.17,7.5,15.0,1.22,7.0,12.0,1.2,7.0,11.0,1.3,5.5,9.0,1.28,5.4,8.5,1.29,5.75,9.5,,,,1.33,6.0,7.0,,,,,,,,,,,,,,
E0,15/05/2026,20:00,Aston Villa,Liverpool,4,2,H,1,0,H,C Kavanagh,14,16,9,5,12,9,4,9,3,1,0,0,2.75,3.5,2.4,2.75,3.4,2.5,,,,,,,,,,,,,2.8,3.6,2.5,2.76,3.44,2.43,1.73,2.1,,,1.73,2.25,1.68,2.13,0.0,2.05,1.8,,,2.05,1.81,1.99,1.77,2.7,3.4,2.55,2.7,3.4,2.55,,,,,,,,,,,,,2.8,3.84,2.6,2.68,3.42,2.5,1.85,2.0,,,1.85,2.1,1.79,1.97,0.0,1.98,1.88,,,2.05,1.88,1.94,1.81,2526,,,,,,,2.96,3.65,2.54,1.8,2.22,2.15,1.85,,,,,,,2.84,3.55,2.68,1.92,2.06,2.05,1.94,2.8,3.6,2.4,2.75,3.35,2.38,2.8,3.4,2.5,2.75,3.4,2.5,2.75,3.4,2.45,2.63,3.6,2.5,2.7,3.25,2.43,2.7,3.3,2.6,2.7,3.4,2.6,2.7,3.4,2.5,,,,,,,,,,,,,,
E0,17/05/2026,12:30,Man United,Nott'm Forest,3,2,H,1,0,H,M Salisbury,29,11,8,4,11,5,7,6,2,1,0,0,1.6,4.2,5.25,1.6,4.2,5.0,,,,,,,,,,,,,1.62,4.33,5.25,1.58,4.23,4.94,1.62,2.3,,,1.62,2.43,1.57,2.32,-1.0,2.0,1.85,,,2.0,1.85,1.94,1.8,1.55,4.5,5.25,1.57,4.6,5.0,,,,,,,,,,,,,1.57,4.6,5.5,1.56,4.42,5.12,1.5,2.63,,,1.53,2.63,1.5,2.51,-1.0,1.95,1.9,,,1.95,1.9,1.89,1.86,2526,,,,,,,1.65,4.6,5.6,1.64,2.48,2.04,1.9,,,,,,,1.59,4.7,6.0,1.56,2.74,1.97,2.0,1.6,4.33,5.0,1.56,4.2,4.8,1.57,4.2,5.0,1.6,4.2,5.0,1.6,4.2,5.0,1.57,4.5,5.0,1.56,4.1,5.0,1.55,4.5,5.25,1.57,4.6,5.0,1.57,4.5,5.0,,,,,,,,,,,,,,
E0,17/05/2026,15:00,Brentford,Crystal Palace,2,2,D,1,1,D,S Barrott,14,16,3,5,7,5,9,4,1,3,0,0,1.73,4.2,4.33,1.77,4.0,4.1,,,,,,,,,,,,,1.77,4.5,4.4,1.71,4.09,4.17,1.67,2.2,,,1.67,2.28,1.65,2.18,-0.75,1.93,1.93,,,1.95,1.93,1.88,1.87,1.75,3.9,4.33,1.72,4.0,4.5,,,,,,,,,,,,,1.75,4.0,4.75,1.72,3.9,4.41,1.73,2.1,,,1.73,2.3,1.67,2.16,-0.75,1.98,1.88,,,1.98,1.88,1.91,1.83,2526,,,,,,,1.76,4.5,4.6,1.72,2.32,1.97,1.99,,,,,,,1.8,4.1,4.8,1.76,2.28,2.02,1.96,1.73,4.0,4.33,1.64,4.1,4.25,1.7,3.9,4.4,1.75,4.0,4.2,1.75,4.0,4.0,1.73,4.0,4.33,1.68,3.8,4.3,1.75,3.9,4.5,1.73,4.0,4.5,1.73,3.9,4.4,,,,,,,,,,,,,,
E0,17/05/2026,15:00,Everton,Sunderland,1,3,A,1,0,H,J Brooks,10,7,4,3,14,9,3,2,3,0,0,0,1.8,3.75,4.33,1.83,3.7,4.2,,,,,,,,,,,,,1.83,3.75,4.35,1.81,3.63,4.18,1.91,1.91,,,1.93,1.91,1.88,1.86,-0.5,1.83,2.03,,,1.83,2.03,1.78,1.94,1.75,3.7,4.33,1.85,3.6,4.1,,,,,,,,,,,,,1.9,3.75,4.4,1.84,3.58,4.13,1.91,1.91,,,1.91,2.0,1.85,1.9,-0.5,1.8,2.05,,,1.87,2.05,1.79,1.94,2526,,,,,,,1.9,3.85,4.5,1.98,2.0,1.9,2.09,,,,,,,1.9,3.8,4.6,1.96,2.02,1.9,2.09,1.83,3.75,4.2,1.79,3.45,4.25,1.8,3.6,4.2,1.83,3.7,4.2,1.83,3.6,4.2,1.9,3.75,4.0,1.85,3.4,3.9,1.8,3.7,4.4,1.85,3.6,4.2,1.85,3.6,4.0,,,,,,,,,,,,,,
E0,17/05/2026,15:00,Leeds,Brighton,1,0,H,0,0,D,M Oliver,7,19,1,8,9,7,7,8,1,0,0,0,3.2,3.6,2.15,3.1,3.7,2.15,,,,,,,,,,,,,3.2,3.7,2.22,3.09,3.57,2.14,1.67,2.2,,,1.73,2.2,1.65,2.16,0.25,1.98,1.88,,,1.98,1.9,1.89,1.86,3.5,3.5,2.05,3.4,3.5,2.05,,,,,,,,,,,,,3.66,3.6,2.1,3.43,3.48,2.04,1.91,1.91,,,1.91,2.08,1.81,1.95,0.5,1.75,2.05,,,1.81,2.05,1.75,1.98,2526,,,,,,,3.3,3.85,2.24,1.73,2.3,2.01,1.96,,,,,,,3.7,3.7,2.14,1.95,2.02,1.86,2.14,3.1,3.6,2.2,3.1,3.45,2.1,3.13,3.6,2.1,3.1,3.7,2.15,3.1,3.7,2.15,3.4,3.6,2.1,3.35,3.35,2.04,3.5,3.5,2.05,3.4,3.5,2.05,3.4,3.5,2.05,,,,,,,,,,,,,,
E0,17/05/2026,15:00,Wolves,Fulham,1,1,D,1,1,D,T Kirk,11,13,3,5,20,8,3,6,1,0,0,0,3.8,3.8,1.9,3.7,3.7,1.93,,,,,,,,,,,,,3.8,4.0,1.95,3.68,3.78,1.87,1.73,2.1,,,1.73,2.2,1.68,2.11,0.5,1.95,1.9,,,1.95,1.9,1.89,1.84,4.0,3.75,1.8,4.0,3.7,1.87,,,,,,,,,,,,,4.2,3.8,1.9,4.03,3.63,1.84,1.8,2.0,,,1.9,2.02,1.8,1.96,0.5,2.03,1.83,,,2.03,1.87,1.93,1.8,2526,,,,,,,4.0,4.0,1.97,1.78,2.22,2.01,1.97,,,,,,,4.5,3.9,1.9,1.96,2.0,2.11,1.88,3.75,4.0,1.9,3.6,3.8,1.82,3.7,3.7,1.87,3.7,3.7,1.95,3.6,3.7,1.95,4.0,3.6,1.9,4.0,3.45,1.82,4.2,3.75,1.83,4.0,3.7,1.85,4.0,3.6,1.85,,,,,,,,,,,,,,
E0,17/05/2026,17:30,Newcastle,West Ham,3,1,H,2,0,H,J Gillett,15,15,7,8,8,11,9,1,1,3,0,0,2.1,3.8,3.2,2.05,3.8,3.2,,,,,,,,,,,,,2.1,4.0,3.25,2.05,3.78,3.15,1.5,2.63,,,1.5,2.7,1.47,2.58,-0.25,1.85,2.0,,,1.85,2.0,1.79,1.95,2.05,3.9,3.2,2.1,3.8,3.1,,,,,,,,,,,,,2.15,4.0,3.3,2.05,3.81,3.15,1.57,2.38,,,1.57,2.65,1.52,2.46,-0.5,2.05,1.8,,,2.05,1.8,2.0,1.74,2526,,,,,,,2.2,3.95,3.35,1.54,2.78,1.92,2.05,,,,,,,2.12,4.2,3.35,1.59,2.66,2.12,1.87,2.1,4.0,3.1,1.98,3.75,3.2,2.05,3.8,3.1,2.05,3.8,3.2,2.05,3.8,3.2,2.15,4.0,3.0,2.02,3.65,3.1,2.0,3.9,3.3,2.1,3.8,3.1,2.1,3.8,3.1,,,,,,,,,,,,,,
E0,18/05/2026,20:00,Arsenal,Burnley,1,0,H,1,0,H,P Tierney,13,5,3,0,7,16,3,3,1,3,0,0,1.09,11.0,23.0,1.11,11.0,20.0,,,,,,,,,,,,,1.11,11.0,26.0,1.08,10.12,22.13,1.33,3.4,,,1.36,3.55,1.33,3.19,-2.5,1.85,2.0,,,1.85,2.0,1.79,1.93,1.09,10.0,26.0,1.12,10.5,21.0,,,,,,,,,,,,,1.12,12.0,26.0,1.09,10.11,22.69,1.36,3.2,,,1.4,3.25,1.36,3.04,-2.5,1.88,1.98,,,1.88,1.98,1.83,1.89,2526,,,,,,,1.11,13.0,32.0,1.37,3.5,1.83,2.12,,,,,,,1.11,13.0,32.0,1.41,3.35,1.94,2.05,1.1,10.0,23.0,1.07,10.0,20.0,1.06,10.5,26.0,1.11,11.0,19.0,1.1,11.0,19.0,1.11,9.5,23.0,1.07,10.5,23.0,1.08,11.0,23.0,1.11,10.0,21.0,1.11,10.0,19.0,,,,,,,,,,,,,,
E0,19/05/2026,19:30,Bournemouth,Man City,1,1,D,1,0,H,A Taylor,10,14,2,5,16,7,7,6,4,2,0,0,4.5,4.33,1.67,4.33,4.33,1.68,,,,,,,,,,,,,4.6,4.5,1.7,4.42,4.27,1.66,1.44,2.75,,,1.44,3.0,1.42,2.8,0.75,2.03,1.83,,,2.03,1.84,1.96,1.79,4.75,4.5,1.62,4.5,4.2,1.68,,,,,,,,,,,,,4.8,4.5,1.68,4.62,4.24,1.63,1.53,2.5,,,1.55,2.6,1.51,2.49,0.75,2.05,1.8,,,2.05,1.8,2.01,1.76,2526,,,,,,,4.8,4.6,1.72,1.48,3.0,2.08,1.9,,,,,,,5.1,4.5,1.7,1.59,2.66,2.09,1.89,4.5,4.33,1.67,4.4,4.1,1.63,4.6,4.33,1.65,4.33,4.33,1.7,4.2,4.33,1.7,4.5,4.2,1.67,4.6,4.0,1.6,4.8,4.33,1.62,,,,4.4,4.2,1.67,,,,,,,,,,,,,,
E0,19/05/2026,20:15,Chelsea,Tottenham,2,1,H,1,0,H,S Attwell,9,9,4,3,11,18,3,4,4,3,0,0,1.91,3.7,3.9,1.9,3.6,3.8,,,,,,,,,,,,,1.95,3.75,4.0,1.9,3.64,3.76,1.73,2.1,,,1.73,2.25,1.69,2.12,-0.5,1.93,1.93,,,1.93,1.93,1.87,1.85,2.25,3.25,3.3,2.2,3.4,3.25,,,,,,,,,,,,,2.25,3.4,3.33,2.19,3.28,3.25,1.91,1.91,,,1.91,1.96,1.86,1.89,-0.25,1.93,1.93,,,1.93,1.93,1.87,1.88,2526,,,,,,,1.99,3.85,4.1,1.79,2.24,1.99,2.0,,,,,,,2.36,3.35,3.55,2.0,1.98,2.0,1.98,1.91,3.75,3.75,1.89,3.55,3.6,1.91,3.6,4.0,1.91,3.7,3.8,1.91,3.6,3.8,2.2,3.3,3.25,2.16,3.15,3.2,2.2,3.3,3.3,,,,2.15,3.4,3.25,,,,,,,,,,,,,,
E0,24/05/2026,16:00,Brighton,Man United,0,3,A,0,2,A,S Barrott,13,11,2,7,11,8,0,3,0,1,0,0,1.85,4.2,3.6,1.85,4.0,3.7,,,,,,,,,,,,,1.92,4.2,3.75,1.86,3.98,3.58,1.5,2.63,,,1.5,2.75,1.46,2.6,-0.5,1.85,2.0,,,1.9,2.0,1.82,1.91,1.85,4.33,3.5,1.88,4.0,3.6,,,,,,,,,,,,,1.92,4.33,3.8,1.87,4.08,3.49,1.44,2.75,,,1.45,2.88,1.43,2.7,-0.5,1.88,1.98,,,1.9,1.98,1.82,1.9,2526,,,,,,,1.95,4.4,3.8,1.52,2.8,1.93,2.06,,,,,,,1.95,4.5,3.7,1.5,2.96,1.95,2.04,1.9,4.0,3.6,1.86,3.9,3.4,1.83,4.0,3.6,1.85,4.0,3.7,1.85,4.0,3.6,1.9,4.0,3.5,1.87,3.9,3.35,1.85,4.1,3.7,1.91,4.0,3.6,1.85,4.0,3.5,,,,,,,,,,,,,,
E0,24/05/2026,16:00,Burnley,Wolves,1,1,D,0,1,A,A Kitchen,16,16,8,4,10,11,7,7,2,2,0,0,2.35,3.5,2.9,2.45,3.5,2.75,,,,,,,,,,,,,2.48,3.6,2.9,2.36,3.5,2.77,1.73,2.1,,,1.73,2.14,1.71,2.07,-0.25,2.05,1.8,,,2.05,1.8,2.01,1.74,2.35,3.4,2.9,2.4,3.4,2.85,,,,,,,,,,,,,2.5,3.6,3.0,2.39,3.42,2.82,1.73,2.1,,,1.79,2.1,1.73,2.04,-0.25,2.05,1.8,,,2.1,1.8,2.03,1.74,2526,,,,,,,2.48,3.7,3.0,1.8,2.2,2.14,1.85,,,,,,,2.52,3.55,3.05,1.84,2.18,2.16,1.84,2.4,3.6,2.75,2.28,3.45,2.75,2.3,3.5,2.8,2.45,3.5,2.75,2.45,3.4,2.75,2.4,3.5,2.8,2.38,3.3,2.75,2.38,3.6,2.8,2.4,3.4,2.8,2.4,3.4,2.8,,,,,,,,,,,,,,
E0,24/05/2026,16:00,Crystal Palace,Arsenal,1,2,A,0,1,A,F Hallam,8,17,3,7,9,12,3,4,0,1,0,0,4.2,4.0,1.75,4.1,3.8,1.82,,,,,,,,,,,,,4.33,4.2,1.82,4.13,3.86,1.76,1.67,2.2,,,1.67,2.35,1.63,2.21,0.75,1.85,2.0,,,1.86,2.0,1.81,1.94,4.1,3.6,1.85,3.9,3.6,1.88,,,,,,,,,,,,,4.1,3.9,1.91,3.97,3.66,1.86,1.8,2.0,,,1.8,2.2,1.72,2.07,0.5,2.0,1.85,,,2.0,1.85,1.91,1.82,2526,,,,,,,4.6,4.1,1.83,1.72,2.34,1.93,2.04,,,,,,,4.3,3.9,1.94,1.84,2.18,2.07,1.92,4.2,3.75,1.8,4.1,3.8,1.72,4.2,3.8,1.75,4.0,3.8,1.8,4.0,3.8,1.8,4.0,3.75,1.83,3.95,3.5,1.82,4.0,3.8,1.85,3.9,3.6,1.91,3.9,3.6,1.91,,,,,,,,,,,,,,
E0,24/05/2026,16:00,Fulham,Newcastle,2,0,H,1,0,H,R Jones,21,7,6,2,13,6,6,6,2,2,0,0,2.88,3.8,2.25,2.8,3.7,2.35,,,,,,,,,,,,,2.9,3.8,2.37,2.82,3.66,2.27,1.62,2.3,,,1.62,2.35,1.6,2.25,0.25,1.85,2.0,,,1.85,2.0,1.8,1.94,2.5,3.7,2.6,2.5,3.6,2.6,,,,,,,,,,,,,2.6,3.75,2.6,2.54,3.63,2.53,1.5,2.63,,,1.5,2.7,1.48,2.57,0.0,1.9,1.95,,,1.9,1.95,1.86,1.88,2526,,,,,,,2.98,3.9,2.42,1.67,2.42,1.87,2.11,,,,,,,2.68,3.8,2.72,1.54,2.78,1.98,2.01,2.8,3.75,2.3,2.88,3.5,2.2,2.8,3.6,2.25,2.8,3.7,2.37,2.8,3.6,2.3,2.5,3.75,2.5,2.55,3.55,2.43,2.55,3.6,2.55,2.5,3.6,2.6,2.5,3.6,2.6,,,,,,,,,,,,,,
E0,24/05/2026,16:00,Liverpool,Brentford,1,1,D,0,0,D,D England,24,11,8,2,9,9,14,2,2,3,0,0,1.8,4.2,3.8,1.82,4.2,3.7,,,,,,,,,,,,,1.84,4.35,4.0,1.8,4.09,3.73,1.5,2.63,,,1.5,2.63,1.48,2.56,-0.75,2.03,1.83,,,2.03,1.83,1.97,1.77,1.8,4.0,4.0,1.77,4.2,3.9,,,,,,,,,,,,,1.81,4.33,4.2,1.77,4.06,3.96,1.4,3.0,,,1.48,3.6,1.4,2.87,-0.75,2.0,1.85,,,2.0,1.85,1.93,1.81,2526,,,,,,,1.88,4.4,4.0,1.53,2.8,2.11,1.88,,,,,,,1.86,4.2,4.3,1.46,3.1,2.08,1.91,1.8,4.0,4.0,1.76,3.95,3.75,1.8,3.9,3.8,1.83,4.2,3.75,1.8,4.2,3.7,1.8,4.0,4.0,1.74,3.8,4.0,1.75,4.33,4.0,1.75,4.2,4.0,1.75,4.2,3.9,,,,,,,,,,,,,,
E0,24/05/2026,16:00,Man City,Aston Villa,1,2,A,1,0,H,A Madley,16,12,3,5,8,4,9,4,1,0,0,0,1.29,6.0,9.0,1.31,6.25,7.75,,,,,,,,,,,,,1.31,6.25,9.5,1.28,5.93,8.39,1.3,3.5,,,1.31,3.55,1.29,3.38,-1.75,1.95,1.9,,,1.95,1.9,1.9,1.85,1.42,5.0,6.5,1.42,5.25,6.25,,,,,,,,,,,,,1.44,5.5,7.3,1.39,5.15,6.71,1.36,3.2,,,1.4,3.2,1.38,2.97,-1.25,1.83,2.03,,,1.83,2.05,1.78,1.98,2526,,,,,,,1.34,6.6,9.6,1.35,3.7,1.97,1.94,,,,,,,1.45,5.4,7.6,1.42,3.35,1.9,2.09,1.29,6.0,9.0,1.27,5.8,8.0,1.25,6.0,9.5,1.3,6.0,7.5,1.3,6.0,7.5,1.36,5.5,7.0,1.35,5.1,6.75,1.4,5.25,7.0,1.4,5.25,6.0,1.4,5.25,6.0,,,,,,,,,,,,,,
E0,24/05/2026,16:00,Nott'm Forest,Bournemouth,1,1,D,1,0,H,C Pawson,15,17,5,4,11,7,6,3,1,1,0,0,3.3,3.75,2.05,3.2,3.7,2.1,,,,,,,,,,,,,3.3,3.9,2.1,3.19,3.72,2.05,1.57,2.38,,,1.61,2.38,1.56,2.34,0.25,2.03,1.83,,,2.03,1.83,1.95,1.79,3.7,3.8,1.91,3.4,3.6,2.05,,,,,,,,,,,,,3.81,3.85,2.05,3.54,3.7,1.96,1.62,2.3,,,1.64,2.4,1.6,2.27,0.5,1.9,1.95,,,1.9,1.95,1.81,1.91,2526,,,,,,,3.5,3.9,2.16,1.63,2.52,2.1,1.88,,,,,,,3.8,3.9,2.06,1.66,2.48,1.94,2.04,3.1,3.75,2.1,3.25,3.6,1.98,3.13,3.75,2.05,3.2,3.7,2.1,3.2,3.7,2.1,3.4,3.75,2.0,3.45,3.6,1.9,3.5,3.8,1.95,3.4,3.6,2.05,3.4,3.6,2.05,,,,,,,,,,,,,,
E0,24/05/2026,16:00,Sunderland,Chelsea,2,1,H,1,0,H,C Kavanagh,20,10,2,1,15,18,7,7,3,2,0,0,3.6,3.6,2.0,3.4,3.7,2.05,,,,,,,,,,,,,3.65,3.75,2.05,3.47,3.59,1.99,1.73,2.1,,,1.79,2.1,1.73,2.04,0.5,1.85,2.0,,,1.85,2.0,1.79,1.94,3.3,3.8,2.05,3.4,3.6,2.05,,,,,,,,,,,,,3.5,3.8,2.05,3.39,3.65,2.03,1.73,2.1,,,1.75,2.18,1.71,2.09,0.5,1.8,2.05,,,1.8,2.05,1.75,1.99,2526,,,,,,,3.7,3.9,2.1,1.81,2.18,1.9,2.08,,,,,,,3.5,4.0,2.12,1.79,2.22,1.87,2.12,3.5,3.6,2.0,3.5,3.4,1.97,3.5,3.6,1.95,3.4,3.7,2.05,3.4,3.6,2.05,3.3,3.75,2.05,3.45,3.45,1.96,3.4,3.7,2.05,3.4,3.6,2.05,3.4,3.5,2.05,,,,,,,,,,,,,,
E0,24/05/2026,16:00,Tottenham,Everton,1,0,H,1,0,H,M Oliver,21,8,6,3,15,12,6,2,5,3,0,1,1.91,3.75,3.8,1.93,3.7,3.7,,,,,,,,,,,,,1.95,3.75,4.3,1.89,3.63,3.78,1.73,2.1,,,1.76,2.12,1.73,2.03,-0.5,1.88,1.98,,,1.9,1.98,1.85,1.87,1.91,3.5,4.1,1.88,3.5,4.1,,,,,,,,,,,,,1.92,3.7,4.4,1.87,3.48,4.1,2.0,1.8,,,2.05,1.91,1.95,1.82,-0.5,1.93,1.93,,,1.93,1.93,1.85,1.87,2526,,,,,,,1.97,3.85,4.2,1.83,2.14,1.94,2.04,,,,,,,1.97,3.65,4.5,2.06,1.92,1.96,2.03,1.91,3.75,3.75,1.87,3.45,3.8,1.87,3.6,3.8,1.95,3.7,3.7,1.91,3.7,3.7,1.9,3.5,4.0,1.81,3.35,4.1,1.9,3.4,4.33,1.85,3.5,4.2,1.85,3.5,4.0,,,,,,,,,,,,,,
E0,24/05/2026,16:00,West Ham,Leeds,3,0,H,0,0,D,A Taylor,16,13,9,3,11,14,6,4,0,3,0,0,1.85,4.0,3.75,1.85,3.9,3.8,,,,,,,,,,,,,1.88,4.2,4.0,1.82,3.9,3.75,1.67,2.2,,,1.67,2.28,1.64,2.19,-0.5,1.85,2.0,,,1.85,2.0,1.79,1.92,1.7,4.1,4.5,1.71,4.1,4.33,,,,,,,,,,,,,1.74,4.33,4.5,1.7,4.11,4.35,1.57,2.38,,,1.61,2.4,1.57,2.34,-0.75,1.93,1.93,,,1.93,1.93,1.86,1.89,2526,,,,,,,1.91,4.2,4.1,1.72,2.34,1.91,2.08,,,,,,,1.75,4.4,4.9,1.63,2.58,1.97,2.01,1.83,3.75,4.0,1.77,3.9,3.7,1.83,3.75,3.8,1.85,3.9,3.8,1.85,3.8,3.8,1.7,4.0,4.5,1.65,3.95,4.35,1.7,4.1,4.5,1.73,4.2,4.33,1.7,4.0,4.2,,,,,,,,,,,,,,
E0,21/08/2026,20:00,Arsenal,Coventry,3,0,H,2,0,H,T Bramall,20,4,6,1,10,13,8,2,1,1,0,0,1.2,7.0,13.0,1.2,6.5,12.0,,,,,,,,,,,,,1.23,7.5,16.5,1.19,6.77,14.19,1.57,2.38,,,1.6,2.45,1.55,2.38,-2.0,2.03,1.78,,,2.05,1.8,1.99,1.76,1.18,7.5,13.0,1.2,6.5,11.5,,,,,,,,,,,,,1.22,7.5,16.0,1.2,6.72,14.0,1.57,2.38,,,1.58,2.45,1.55,2.37,-2.0,2.05,1.75,,,2.05,1.83,2.02,1.74,2627,,,,,,,1.23,7.4,18.0,1.64,2.54,2.11,1.86,,,,,,,1.23,7.4,18.0,1.63,2.56,2.14,1.86,1.2,6.5,15.0,,,,1.18,7.0,15.0,,,,,,,1.22,6.5,13.0,,,,1.2,6.5,15.0,,,,,,,1.88,0.2,1.17,7.0,15.0,1.17,7.5,14.0,1.17,7.0,15.0,1.17,7.5,14.0
E0,22/08/2026,12:30,Hull,Man United,2,0,H,2,0,H,D England,8,21,4,5,10,9,1,6,2,1,0,0,8.5,5.0,1.36,7.5,4.6,1.38,,,,,,,,,,,,,9.0,5.25,1.39,8.37,4.93,1.36,1.67,2.2,,,1.67,2.3,1.64,2.2,1.5,1.78,2.03,,,1.84,2.05,1.76,1.98,9.0,5.0,1.33,7.25,4.8,1.36,,,,,,,,,,,,,9.0,5.5,1.37,8.49,5.11,1.34,1.57,2.38,,,1.58,2.5,1.55,2.38,1.5,1.88,1.98,,,1.88,1.98,1.82,1.92,2627,,,,,,,9.6,5.2,1.4,1.7,2.4,1.87,2.1,,,,,,,9.6,5.4,1.39,1.63,2.56,1.92,2.06,8.5,5.0,1.36,,,,9.0,5.25,1.33,,,,,,,9.0,5.5,1.3,,,,9.0,5.25,1.33,,,,,,,1.01,1.83,8.5,4.75,1.33,8.0,4.75,1.36,8.5,5.0,1.33,8.5,5.0,1.33
E0,22/08/2026,15:00,Everton,Crystal Palace,2,0,H,1,0,H,P Tierney,16,11,5,4,5,15,4,0,0,1,0,0,2.15,3.5,3.3,2.1,3.3,3.2,,,,,,,,,,,,,3.2,3.5,3.4,2.23,3.4,3.24,1.95,1.9,,,2.5,1.91,1.93,1.83,-0.25,1.88,1.98,,,1.88,1.98,1.83,1.91,2.38,3.4,3.0,2.25,3.25,3.0,,,,,,,,,,,,,2.38,3.5,3.2,2.32,3.36,3.05,1.98,1.88,,,1.98,1.88,1.93,1.83,-0.25,2.05,1.8,,,2.05,1.84,1.96,1.79,2627,,,,,,,2.28,3.55,3.5,2.02,1.96,1.95,2.02,,,,,,,2.42,3.45,3.25,2.06,1.92,2.08,1.9,2.15,3.5,3.3,,,,2.15,3.5,3.3,,,,,,,2.38,3.4,3.0,,,,2.3,3.5,3.0,,,,,,,1.12,1.96,2.15,3.3,3.3,2.15,3.3,3.3,2.25,3.3,3.1,2.25,3.4,3.1
E0,22/08/2026,15:00,Ipswich,Sunderland,2,1,H,1,1,D,F Hallam,10,11,3,4,12,14,3,5,0,3,0,0,2.7,3.3,2.63,2.65,3.25,2.5,,,,,,,,,,,,,2.75,3.4,2.68,2.69,3.29,2.6,1.98,1.88,,,2.0,1.9,1.93,1.81,0.0,1.95,1.9,,,1.95,1.9,1.9,1.84,3.0,3.3,2.5,2.7,3.1,2.5,,,,,,,,,,,,,3.0,3.3,2.6,2.83,3.22,2.52,2.2,1.67,,,2.2,1.73,2.14,1.67,0.0,2.1,1.78,,,2.1,1.83,1.99,1.77,2627,,,,,,,2.88,3.4,2.74,2.1,1.89,2.04,1.95,,,,,,,3.0,3.35,2.68,2.28,1.76,2.11,1.89,2.63,3.4,2.63,,,,2.7,3.4,2.55,,,,,,,2.8,3.3,2.5,,,,2.88,3.25,2.5,,,,,,,1.8,0.66,2.7,3.2,2.63,2.7,3.2,2.6,2.8,3.1,2.5,2.8,3.25,2.5
E0,22/08/2026,15:00,Nott'm Forest,Leeds,0,1,A,0,0,D,R Jones,12,11,2,3,15,14,3,2,2,1,0,0,2.3,3.4,3.1,2.25,3.3,2.95,,,,,,,,,,,,,2.35,3.5,3.4,2.27,3.35,3.1,1.98,1.88,,,2.25,1.91,1.91,1.83,-0.25,1.98,1.88,,,1.98,1.97,1.91,1.84,2.5,3.2,2.9,2.37,3.1,2.9,,,,,,,,,,,,,2.52,3.25,3.0,2.45,3.2,2.94,2.2,1.67,,,2.2,1.75,2.12,1.69,-0.25,2.1,1.7,,,2.1,1.75,2.07,1.7,2627,,,,,,,2.4,3.5,3.3,2.0,1.95,2.05,1.92,,,,,,,2.6,3.3,3.15,2.26,1.77,2.19,1.83,2.3,3.4,3.1,,,,2.3,3.4,3.1,,,,,,,2.4,3.25,3.0,,,,2.5,3.25,2.88,,,,,,,0.66,0.47,2.25,3.3,3.1,2.25,3.25,3.1,2.45,3.1,3.0,2.4,3.2,2.9
E0,22/08/2026,17:30,Brentford,Tottenham,3,0,H,2,0,H,M Oliver,26,9,8,4,17,14,7,3,1,1,0,0,2.4,3.7,2.75,2.37,3.4,2.7,,,,,,,,,,,,,3.4,3.75,2.8,2.48,3.58,2.69,1.67,2.2,,,2.25,2.2,1.69,2.14,0.0,1.8,2.05,,,1.8,2.05,1.76,1.99,1.95,3.9,3.5,1.95,3.6,3.4,,,,,,,,,,,,,2.14,3.9,3.5,1.99,3.71,3.39,1.67,2.2,,,1.7,2.3,1.65,2.18,-0.5,1.98,1.88,,,2.05,1.88,1.95,1.79,2627,,,,,,,2.52,3.8,2.9,1.76,2.28,1.86,2.15,,,,,,,2.1,4.0,3.55,1.73,2.36,2.09,1.9,2.38,3.75,2.75,,,,2.4,3.6,2.75,,,,,,,2.0,3.75,3.4,,,,2.0,3.8,3.4,,,,,,,3.88,0.57,2.4,3.5,2.75,2.38,3.5,2.75,1.95,3.75,3.4,1.95,3.8,3.4
E0,23/08/2026,14:00,Brighton,Aston Villa,4,0,H,4,0,H,P Bankes,21,6,6,0,12,11,5,2,2,3,0,1,2.15,3.6,3.0,2.15,3.5,3.1,,,,,,,,,,,,,2.25,3.6,3.15,2.19,3.54,3.08,1.73,2.1,,,1.73,2.2,1.66,2.15,-0.25,1.93,1.93,,,1.93,1.93,1.88,1.87,2.05,3.5,3.5,2.0,3.3,3.4,,,,,,,,,,,,,2.12,3.5,3.7,2.07,3.41,3.52,2.03,1.83,,,2.03,1.85,1.93,1.82,-0.25,1.75,2.05,,,1.8,2.05,1.76,1.98,2627,,,,,,,2.28,3.75,3.3,1.79,2.22,1.98,1.99,,,,,,,2.16,3.55,3.8,2.06,1.92,1.86,2.14,2.25,3.6,3.0,,,,2.15,3.5,3.1,,,,,,,2.1,3.5,3.4,,,,2.1,3.3,3.7,,,,,,,3.77,0.28,2.2,3.6,3.1,2.2,3.5,3.1,2.05,3.3,3.6,2.05,3.4,3.6
E0,23/08/2026,14:00,Man City,Bournemouth,2,1,H,0,1,A,J Gillett,13,5,6,4,11,11,8,3,1,2,0,0,1.48,4.5,6.25,1.46,4.75,5.75,,,,,,,,,,,,,1.48,5.0,6.6,1.45,4.72,5.93,1.44,2.75,,,1.45,3.0,1.41,2.78,-1.25,1.98,1.88,,,1.98,1.88,1.93,1.81,1.45,4.5,7.0,1.43,4.75,6.0,,,,,,,,,,,,,1.48,5.0,7.0,1.44,4.78,6.36,1.57,2.38,,,1.57,2.63,1.52,2.45,-1.25,1.95,1.9,,,1.95,1.9,1.9,1.84,2627,,,,,,,1.52,5.1,6.4,1.47,3.0,2.05,1.9,,,,,,,1.51,5.1,7.0,1.59,2.66,2.05,1.93,1.44,5.0,6.0,,,,1.44,4.6,6.0,,,,,,,1.44,4.6,6.5,,,,1.4,5.0,7.0,,,,,,,2.36,0.63,1.44,4.5,6.0,1.44,4.5,5.75,1.44,4.5,6.0,1.44,4.75,6.0
E0,23/08/2026,16:30,Newcastle,Liverpool,2,2,D,1,0,H,S Attwell,13,27,4,7,16,15,2,6,5,3,0,0,4.0,3.8,1.9,3.5,3.8,1.87,,,,,,,,,,,,,4.0,4.0,2.5,3.57,3.85,1.92,1.5,2.63,,,2.0,2.63,1.51,2.53,0.5,1.98,1.88,,,1.98,1.88,1.89,1.84,3.9,3.9,1.85,3.6,3.7,1.88,,,,,,,,,,,,,3.9,4.0,2.5,3.66,3.82,1.92,1.44,2.75,,,2.0,2.8,1.49,2.58,0.5,1.98,1.88,,,1.98,1.88,1.9,1.84,2627,,,,,,,4.1,4.0,1.95,1.55,2.78,2.04,1.95,,,,,,,4.1,4.0,1.95,1.51,2.92,2.04,1.95,3.6,4.0,1.9,,,,3.6,3.9,1.85,,,,,,,3.6,4.0,1.9,,,,3.8,3.9,1.87,,,,,,,1.57,2.98,3.6,4.0,1.85,3.6,3.9,1.85,3.8,3.75,1.85,3.8,3.8,1.85
E0,24/08/2026,20:00,Fulham,Chelsea,2,3,A,1,2,A,J Brooks,14,18,6,6,12,7,6,4,2,3,0,0,3.6,3.8,1.9,3.5,3.5,1.93,,,,,,,,,,,,,3.8,4.0,1.95,3.66,3.76,1.89,1.67,2.2,,,1.67,2.25,1.61,2.22,0.5,1.98,1.88,,,1.98,1.9,1.87,1.84,3.6,3.5,2.05,3.4,3.4,2.0,,,,,,,,,,,,,3.65,3.6,2.08,3.57,3.5,2.02,1.91,1.91,,,1.91,1.95,1.84,1.91,0.5,1.83,2.03,,,1.83,2.05,1.79,1.95,2627,,,,,,,4.1,3.95,1.95,1.7,2.34,2.05,1.94,,,,,,,3.95,3.65,2.1,1.95,2.04,1.9,2.09,3.5,4.0,1.95,,,,3.75,3.75,1.85,,,,,,,3.4,3.6,2.05,,,,3.6,3.6,2.0,,,,,,,1.35,1.7,3.8,3.7,1.87,3.8,3.6,1.85,3.6,3.4,2.0,3.6,3.5,2.0
E0,28/08/2026,20:00,Crystal Palace,Man City,1,4,A,0,1,A,A Madley,9,18,1,9,8,11,2,6,1,2,0,0,5.0,3.9,1.67,4.6,3.9,1.7,,,,,,,,,,,,,5.0,4.05,1.7,4.83,3.95,1.67,1.73,2.1,,,1.73,2.2,1.68,2.12,0.75,2.0,1.85,,,2.0,1.88,1.93,1.82,5.0,4.2,1.62,4.75,4.1,1.65,,,,,,,,,,,,,5.3,4.3,1.67,4.96,4.13,1.62,1.67,2.2,,,1.67,2.3,1.63,2.21,0.75,2.05,1.75,,,2.05,1.83,1.99,1.76,2627,,,,,,,5.3,4.2,1.73,1.76,2.3,2.05,1.93,,,,,,,5.5,4.3,1.69,1.72,2.36,2.13,1.87,5.0,4.0,1.67,,,,4.8,4.0,1.67,,,,,,,5.0,4.2,1.62,,,,5.0,4.2,1.62,,,,,,,0.66,2.21,4.75,3.8,1.65,4.75,4.0,1.65,5.0,4.0,1.62,5.0,4.2,1.6
E0,29/08/2026,12:30,Liverpool,Nott'm Forest,2,2,D,0,1,A,S Barrott,13,12,4,3,13,10,3,5,4,2,0,0,1.5,4.5,5.75,1.55,4.6,5.25,,,,,,,,,,,,,2.25,4.6,6.0,1.57,4.39,5.53,1.62,2.3,,,2.2,2.38,1.63,2.24,-1.0,1.83,2.03,,,1.83,2.03,1.79,1.96,1.48,4.5,6.0,1.47,4.8,5.75,,,,,,,,,,,,,1.49,5.0,6.5,1.46,4.7,6.09,1.53,2.5,,,1.53,2.7,1.49,2.55,-1.25,2.03,1.83,,,2.03,1.84,1.95,1.81,2627,,,,,,,1.56,4.8,6.4,1.66,2.48,1.92,2.06,,,,,,,1.52,4.9,6.8,1.56,2.76,2.12,1.88,1.53,4.33,6.0,,,,1.5,4.5,6.0,,,,,,,,,,,,,,,,,,,,,,1.75,2.3,1.5,4.33,6.0,1.5,4.33,5.75,1.44,4.5,6.5,1.44,4.75,6.0
E0,29/08/2026,15:00,Bournemouth,Everton,1,1,D,1,0,H,C Kavanagh,17,13,5,7,11,14,10,7,3,2,0,0,2.05,3.5,3.6,2.05,3.5,3.5,,,,,,,,,,,,,2.6,3.6,3.6,2.1,3.5,3.41,1.91,1.91,,,2.5,1.93,1.88,1.87,-0.5,2.05,1.8,,,2.1,1.8,2.01,1.74,2.2,3.5,3.25,2.2,3.4,3.2,,,,,,,,,,,,,2.25,3.5,3.39,2.18,3.46,3.24,1.8,2.0,,,1.83,2.1,1.75,2.03,-0.25,1.93,1.93,,,1.93,1.93,1.87,1.88,2627,,,,,,,2.14,3.65,3.75,1.94,2.0,2.14,1.85,,,,,,,2.3,3.55,3.45,1.85,2.16,1.97,2.0,2.1,3.6,3.3,,,,2.05,3.6,3.5,,,,,,,,,,,,,,,,,,,,,,2.15,1.84,2.0,3.5,3.5,2.05,3.4,3.5,2.15,3.4,3.25,2.15,3.5,3.25
E0,29/08/2026,15:00,Coventry,Hull,0,1,A,0,0,D,J Smith,11,6,3,2,11,8,6,2,1,4,0,0,1.9,3.5,4.2,1.85,3.5,4.2,,,,,,,,,,,,,1.92,3.6,4.33,1.87,3.53,4.19,1.91,1.91,,,1.91,1.95,1.84,1.9,-0.5,1.88,1.98,,,1.88,1.98,1.82,1.91,1.73,3.9,4.75,1.7,3.9,4.75,,,,,,,,,,,,,1.76,4.0,5.0,1.72,3.82,4.72,1.73,2.1,,,1.73,2.15,1.7,2.08,-0.75,1.9,1.95,,,1.95,1.95,1.89,1.86,2627,,,,,,,1.91,3.75,4.7,1.98,2.0,1.91,2.08,,,,,,,1.79,3.95,5.2,1.8,2.22,2.0,1.98,1.9,3.6,4.2,,,,1.85,3.6,4.2,,,,,,,1.73,4.0,4.5,,,,1.7,3.75,5.0,,,,,,,1.28,0.73,1.83,3.5,4.33,1.83,3.5,4.2,1.7,3.7,4.75,1.7,3.8,4.75
E0,29/08/2026,17:30,Tottenham,Newcastle,0,2,A,0,0,D,P Bankes,17,11,6,2,15,9,9,7,1,2,0,0,2.25,3.75,2.9,2.25,3.6,2.9,,,,,,,,,,,,,2.3,3.75,2.98,2.25,3.65,2.88,1.62,2.3,,,2.2,2.3,1.64,2.19,-0.25,2.0,1.85,,,2.0,1.85,1.93,1.81,2.15,3.75,3.1,2.15,3.7,3.1,,,,,,,,,,,,,2.22,3.77,3.11,2.15,3.67,3.06,1.62,2.3,,,1.62,2.4,1.6,2.26,-0.25,1.9,1.95,,,1.9,1.95,1.86,1.89,2627,,,,,,,2.38,3.85,3.05,1.68,2.44,2.07,1.91,,,,,,,2.26,3.85,3.3,1.67,2.48,1.98,2.01,2.25,3.75,2.88,,,,2.25,3.75,2.9,,,,,,,2.15,3.75,3.1,,,,2.15,3.75,3.1,,,,,,,1.04,0.75,2.25,3.6,2.9,2.25,3.6,2.9,2.15,3.6,3.0,2.15,3.7,3.0
E0,30/08/2026,14:00,Chelsea,Brighton,4,3,H,3,1,H,M Oliver,17,15,6,6,6,12,4,7,1,3,0,0,1.83,4.0,4.0,1.82,4.0,3.9,,,,,,,,,,,,,1.88,4.0,4.0,1.82,3.85,3.93,1.62,2.3,,,2.25,2.38,1.64,2.22,-0.5,1.83,2.03,,,1.83,2.03,1.78,1.95,1.83,3.8,4.0,1.83,3.9,3.9,,,,,,,,,,,,,1.86,4.0,4.0,1.83,3.83,3.89,1.62,2.3,,,1.62,2.4,1.59,2.29,-0.5,1.83,2.03,,,1.83,2.03,1.78,1.95,2627,,,,,,,1.88,4.1,4.3,1.67,2.46,1.88,2.12,,,,,,,1.93,4.0,4.3,1.64,2.52,1.93,2.07,1.83,3.75,4.0,,,,1.8,3.8,3.9,,,,,,,,,,,,,,,,,,,,,,2.93,1.4,1.8,3.8,4.0,1.8,3.8,4.0,1.83,3.75,3.8,1.83,3.8,3.8
E0,30/08/2026,14:00,Leeds,Brentford,1,1,D,0,1,A,T Harrington,12,22,2,5,5,13,5,6,0,4,0,0,2.6,3.3,2.7,2.55,3.4,2.65,,,,,,,,,,,,,2.88,3.5,2.75,2.58,3.36,2.67,1.9,1.95,,,2.1,1.95,1.86,1.88,0.0,1.88,1.98,,,1.88,1.98,1.82,1.92,2.8,3.4,2.45,2.7,3.4,2.5,,,,,,,,,,,,,2.83,3.5,2.55,2.74,3.4,2.48,1.83,2.03,,,1.83,2.05,1.78,1.98,0.0,2.05,1.8,,,2.05,1.83,1.98,1.78,2627,,,,,,,2.7,3.5,2.86,1.98,1.98,1.93,2.05,,,,,,,2.9,3.5,2.68,1.88,2.12,2.06,1.93,2.6,3.5,2.63,,,,2.55,3.4,2.63,,,,,,,2.8,3.5,2.4,,,,2.75,3.5,2.45,,,,,,,1.43,1.56,2.6,3.3,2.7,2.6,3.25,2.7,2.75,3.3,2.5,2.75,3.4,2.45
E0,30/08/2026,14:00,Sunderland,Fulham,1,0,H,0,0,D,M Salisbury,12,11,4,0,10,15,3,4,0,2,0,0,2.4,3.2,3.1,2.37,3.25,3.0,,,,,,,,,,,,,2.45,3.4,3.1,2.39,3.24,2.96,2.0,1.8,,,2.25,1.8,2.01,1.74,-0.25,2.05,1.8,,,2.05,1.8,2.01,1.75,2.2,3.3,3.4,2.2,3.3,3.25,,,,,,,,,,,,,2.26,3.4,3.41,2.22,3.29,3.28,2.0,1.8,,,2.2,1.83,2.0,1.76,-0.25,1.93,1.93,,,1.93,1.93,1.89,1.86,2627,,,,,,,2.56,3.35,3.15,2.14,1.84,2.19,1.83,,,,,,,2.32,3.4,3.55,2.1,1.89,1.98,2.0,2.4,3.4,2.88,,,,2.38,3.25,2.9,,,,,,,2.25,3.4,3.2,,,,2.25,3.2,3.4,,,,,,,2.02,0.95,2.4,3.2,3.0,2.4,3.1,2.9,2.2,3.25,3.3,2.2,3.3,3.3
E0,30/08/2026,16:30,Man United,Ipswich,5,2,H,1,1,D,C Pawson,33,9,11,5,7,12,8,4,1,3,0,0,1.42,5.0,7.0,1.43,5.0,6.5,,,,,,,,,,,,,1.43,5.0,7.8,1.4,4.82,6.94,1.57,2.38,,,1.6,2.38,1.57,2.29,-1.25,1.88,1.98,,,1.9,1.98,1.86,1.89,1.33,5.5,7.5,1.35,5.5,7.5,,,,,,,,,,,,,1.38,5.75,9.0,1.34,5.39,7.68,1.4,3.0,,,1.45,3.1,1.39,2.86,-1.5,1.9,1.95,,,1.93,1.95,1.88,1.85,2627,,,,,,,1.45,5.1,8.0,1.65,2.46,1.94,1.98,,,,,,,1.39,5.8,9.0,1.44,3.2,2.0,1.99,1.4,5.0,7.5,,,,1.36,4.8,7.5,,,,,,,1.33,5.5,8.0,,,,1.3,5.75,9.0,,,,,,,4.56,2.01,1.4,4.75,7.0,1.4,4.75,7.0,1.33,5.0,8.0,1.33,5.5,8.0
E0,31/08/2026,20:00,Aston Villa,Arsenal,0,1,A,0,0,D,J Gillett,7,7,0,2,17,6,2,4,3,1,0,0,6.0,4.1,1.53,5.75,4.1,1.55,,,,,,,,,,,,,6.5,4.2,1.55,5.99,4.11,1.52,1.83,2.03,,,1.83,2.1,1.75,2.0,1.0,1.93,1.93,,,1.93,1.93,1.87,1.86,6.5,4.33,1.48,6.5,4.4,1.49,,,,,,,,,,,,,7.2,4.5,1.52,6.54,4.41,1.47,1.73,2.1,,,1.75,2.15,1.7,2.08,1.0,2.05,1.75,,,2.1,1.8,2.05,1.72,2627,,,,,,,7.0,4.4,1.56,1.9,2.06,1.97,1.95,,,,,,,7.4,4.8,1.51,1.81,2.2,2.15,1.86,6.0,4.2,1.53,,,,6.0,4.1,1.5,,,,,,,7.0,4.5,1.44,,,,7.0,4.5,1.44,,,,,,,0.32,1.05,6.5,4.0,1.5,6.25,4.0,1.5,6.5,4.5,1.44,6.5,4.5,1.44
E0,04/09/2026,20:00,Ipswich,Liverpool,0,2,A,0,2,A,D England,14,10,5,7,6,13,4,3,1,3,0,0,5.25,4.75,1.5,5.0,4.8,1.53,,,,,,,,,,,,,5.8,5.0,1.54,5.48,4.8,1.5,1.4,3.0,,,1.42,3.1,1.37,2.99,1.25,1.8,2.05,,,1.8,2.08,1.77,1.99,4.75,4.33,1.62,4.6,4.2,1.66,,,,,,,,,,,,,5.1,4.5,1.66,4.86,4.34,1.62,1.5,2.63,,,1.5,2.8,1.45,2.66,1.0,1.83,2.03,,,1.83,2.05,1.79,1.97,2627,,,,,,,6.2,5.2,1.54,1.44,3.2,1.88,2.09,,,,,,,5.4,4.5,1.67,1.52,2.88,1.89,2.11,5.5,5.0,1.5,,,,5.75,4.8,1.5,,,,,,,5.0,4.33,1.6,,,,5.0,4.4,1.6,,,,,,,0.76,0.68,5.5,4.75,1.44,5.5,5.0,1.44,5.0,4.2,1.6,5.0,4.33,1.6
E0,05/09/2026,12:30,Newcastle,Bournemouth,2,2,D,1,2,A,R Jones,8,17,2,5,19,17,4,3,2,3,0,0,2.1,3.6,3.3,2.1,3.75,3.1,,,,,,,,,,,,,2.15,3.8,3.3,2.1,3.64,3.19,1.57,2.38,,,1.6,2.4,1.55,2.37,-0.25,1.83,2.03,,,1.83,2.03,1.8,1.95,2.15,3.5,3.25,,,,,,,,,,,,,,,,2.15,3.8,3.3,2.12,3.64,3.22,1.62,2.3,,,1.64,2.45,1.58,2.32,-0.25,1.85,2.0,,,1.85,2.0,1.8,1.94,2627,,,,,,,2.18,3.8,3.5,1.64,2.52,1.9,2.09,,,,,,,2.2,3.8,3.45,1.67,2.48,1.93,2.07,2.15,3.75,3.1,,,,2.1,3.8,3.2,,,,,,,2.15,3.75,3.1,,,,2.1,3.8,3.2,,,,,,,0.71,1.37,2.05,3.5,3.3,2.05,3.5,3.25,2.05,3.6,3.3,2.05,3.75,3.3
E0,05/09/2026,15:00,Brentford,Sunderland,1,1,D,0,0,D,T Bramall,12,14,2,5,19,9,4,3,3,2,0,0,1.62,3.9,5.5,1.61,4.0,5.25,,,,,,,,,,,,,1.67,4.0,5.5,1.62,3.9,5.29,1.8,2.0,,,2.1,2.0,1.82,1.93,-0.75,1.83,2.03,,,1.83,2.03,1.78,1.98,1.7,3.8,4.75,1.68,3.8,5.0,,,,,,,,,,,,,1.74,4.0,5.05,1.68,3.86,4.89,1.83,2.03,,,1.83,2.03,1.79,1.97,-0.75,1.88,1.98,,,1.91,1.98,1.86,1.89,2627,,,,,,,1.69,4.1,5.9,1.92,2.06,1.88,2.1,,,,,,,1.76,3.95,5.4,1.88,2.12,1.96,2.0,1.62,4.0,5.5,,,,1.62,4.0,5.25,,,,,,,1.67,4.0,5.0,,,,1.67,3.9,5.0,,,,,,,1.2,1.71,1.62,3.8,5.5,1.62,3.8,5.25,1.67,3.8,4.75,1.67,4.0,4.75
E0,05/09/2026,15:00,Brighton,Leeds,1,1,D,0,1,A,S Attwell,20,10,5,5,13,16,7,6,3,3,0,0,1.95,3.5,3.9,1.95,3.6,3.7,,,,,,,,,,,,,2.38,3.6,3.9,1.98,3.52,3.68,1.91,1.91,,,2.1,1.95,1.85,1.89,-0.5,1.98,1.88,,,1.98,1.88,1.9,1.83,1.91,3.7,3.75,1.95,3.6,3.75,,,,,,,,,,,,,2.0,3.75,3.88,1.94,3.63,3.73,1.8,2.0,,,1.8,2.05,1.76,2.01,-0.5,1.95,1.9,,,1.98,1.9,1.89,1.84,2627,,,,,,,2.06,3.65,4.0,1.93,2.04,2.06,1.93,,,,,,,2.04,3.75,4.0,1.86,2.12,2.05,1.94,1.95,3.6,3.75,,,,1.95,3.6,3.75,,,,,,,1.95,3.75,3.5,,,,1.91,3.7,3.8,,,,,,,2.2,2.5,1.95,3.5,3.75,1.95,3.4,3.75,1.95,3.5,3.75,1.95,3.6,3.75
E0,05/09/2026,15:00,Fulham,Crystal Palace,2,3,A,2,1,H,S Barrott,25,10,6,5,6,7,7,1,0,0,0,0,2.3,3.25,3.25,2.25,3.4,3.1,,,,,,,,,,,,,3.0,3.5,3.25,2.32,3.37,3.03,1.91,1.91,,,2.5,1.93,1.89,1.86,-0.25,1.98,1.88,,,1.98,1.88,1.93,1.81,2.2,3.4,3.4,2.15,3.4,3.4,,,,,,,,,,,,,2.25,3.5,3.52,2.16,3.39,3.35,1.88,1.98,,,1.88,2.0,1.84,1.92,-0.25,1.88,1.98,,,1.9,1.98,1.84,1.92,2627,,,,,,,2.36,3.5,3.35,1.97,2.0,2.02,1.94,,,,,,,2.24,3.45,3.7,1.94,2.06,1.9,2.09,2.3,3.5,3.0,,,,2.25,3.5,3.1,,,,,,,2.2,3.5,3.2,,,,2.15,3.5,3.3,,,,,,,3.14,1.97,2.25,3.3,3.1,2.25,3.25,3.1,2.1,3.25,3.5,2.1,3.3,3.4
E0,05/09/2026,15:00,Man City,Coventry,1,0,H,1,0,H,P Tierney,15,12,4,3,7,17,4,5,1,2,0,0,1.18,8.0,12.0,1.2,7.5,12.5,,,,,,,,,,,,,1.2,8.5,15.5,1.17,7.64,13.85,1.36,3.2,,,1.36,3.25,1.34,3.17,-2.25,2.03,1.78,,,2.03,1.83,1.97,1.77,1.18,7.5,13.0,,,,,,,,,,,,,,,,1.22,8.0,14.0,1.19,7.18,12.96,1.4,3.0,,,1.42,3.1,1.38,2.95,-2.0,1.98,1.88,,,1.98,1.9,1.89,1.86,2627,,,,,,,1.19,8.8,18.0,1.38,3.5,2.05,1.91,,,,,,,1.21,8.2,17.0,1.45,3.15,2.04,1.95,1.17,7.5,15.0,,,,1.15,8.0,15.0,,,,,,,1.2,7.0,13.0,,,,1.18,7.5,13.0,,,,,,,2.12,1.37,1.14,8.0,15.0,1.14,7.5,13.0,1.17,7.5,14.0,1.17,8.0,13.0
E0,05/09/2026,15:00,Nott'm Forest,Tottenham,0,0,D,0,0,D,C Pawson,12,11,2,0,22,14,2,10,2,2,0,0,2.4,3.4,2.9,2.45,3.25,2.87,,,,,,,,,,,,,2.5,3.4,2.9,2.4,3.36,2.86,1.91,1.91,,,2.38,1.91,1.91,1.83,-0.25,2.05,1.8,,,2.05,1.8,2.0,1.75,2.7,3.3,2.63,,,,,,,,,,,,,,,,2.74,3.5,2.65,2.64,3.38,2.61,1.85,2.0,,,1.9,2.0,1.84,1.92,0.0,1.98,1.88,,,1.98,1.9,1.9,1.85,2627,,,,,,,2.52,3.55,3.05,1.98,1.99,2.16,1.84,,,,,,,2.84,3.5,2.76,1.94,2.04,2.02,1.97,2.4,3.4,2.88,,,,2.38,3.4,2.9,,,,,,,2.6,3.5,2.63,,,,2.63,3.5,2.55,,,,,,,0.92,1.07,2.38,3.3,2.88,2.38,3.3,2.88,2.63,3.25,2.63,2.63,3.3,2.63
E0,05/09/2026,17:30,Hull,Aston Villa,0,0,D,0,0,D,M Oliver,11,13,4,1,10,5,3,4,2,0,0,0,4.2,3.6,1.85,4.1,3.6,1.85,,,,,,,,,,,,,4.2,3.75,1.9,4.04,3.62,1.86,1.88,1.98,,,1.88,1.98,1.83,1.91,0.5,1.98,1.88,,,1.98,1.88,1.91,1.82,4.0,3.6,1.91,,,,,,,,,,,,,,,,4.3,3.75,1.95,3.92,3.59,1.89,1.8,2.0,,,1.84,2.05,1.8,1.96,0.5,1.93,1.93,,,1.95,1.93,1.9,1.83,2627,,,,,,,4.3,3.85,1.95,1.94,2.02,2.04,1.95,,,,,,,4.3,3.75,1.99,1.94,2.04,2.01,1.98,4.0,3.75,1.83,,,,4.1,3.6,1.87,,,,,,,4.0,3.75,1.83,,,,4.0,3.7,1.87,,,,,,,0.57,1.93,4.0,3.6,1.85,3.9,3.6,1.85,3.8,3.6,1.9,3.8,3.7,1.9
E0,06/09/2026,14:00,Everton,Man United,2,2,D,0,0,D,J Brooks,18,14,6,3,7,11,4,3,3,3,0,0,3.3,3.5,2.1,3.1,3.6,2.2,,,,,,,,,,,,,3.3,3.6,2.2,3.21,3.54,2.12,1.73,2.1,,,1.73,2.2,1.67,2.12,0.25,2.0,1.85,,,2.0,1.85,1.93,1.81,3.75,3.8,1.9,3.6,3.75,1.93,,,,,,,,,,,,,3.8,3.9,2.0,3.65,3.82,1.91,1.57,2.38,,,1.62,2.4,1.57,2.34,0.5,1.95,1.9,,,1.95,1.95,1.88,1.85,2627,,,,,,,3.45,3.75,2.22,1.75,2.26,2.05,1.92,,,,,,,3.9,3.95,2.0,1.65,2.52,1.99,2.0,3.2,3.6,2.15,,,,3.13,3.6,2.1,,,,,,,3.3,3.75,2.0,,,,3.8,3.9,1.87,,,,,,,1.01,0.69,3.3,3.5,2.1,3.25,3.5,2.1,3.6,3.75,1.91,3.6,3.8,1.91
E0,06/09/2026,16:30,Arsenal,Chelsea,2,1,H,1,1,D,C Kavanagh,16,13,9,5,13,16,5,3,2,4,0,0,1.67,3.75,5.25,1.66,3.9,5.0,,,,,,,,,,,,,1.73,4.0,5.25,1.69,3.8,4.82,1.73,2.1,,,1.77,2.1,1.73,2.03,-0.75,1.88,1.98,,,1.88,1.98,1.84,1.9,1.7,3.9,4.75,1.7,4.0,4.6,,,,,,,,,,,,,1.73,4.0,5.0,1.7,3.85,4.74,1.73,2.1,,,1.8,2.15,1.71,2.07,-0.75,1.93,1.93,,,1.93,1.93,1.87,1.88,2627,,,,,,,1.75,4.0,5.3,1.81,2.18,1.96,2.0,,,,,,,1.77,4.0,5.2,1.78,2.26,1.97,2.0,1.7,4.0,4.6,,,,1.67,3.8,4.75,,,,,,,1.7,4.0,4.6,,,,1.7,3.8,5.0,,,,,,,2.05,0.39,1.7,3.8,4.5,1.7,3.8,4.5,1.67,3.75,4.75,1.67,3.8,4.75
E0,12/09/2026,15:00,Aston Villa,Nott'm Forest,1,2,A,0,0,D,A Madley,7,22,5,7,11,16,6,1,2,5,0,0,2.2,3.4,3.25,2.15,3.5,3.25,,,,,,,,,,,,,2.3,3.5,3.25,2.22,3.39,3.17,1.98,1.88,,,1.98,1.88,1.89,1.83,-0.25,1.93,1.93,,,1.93,1.93,1.9,1.84,2.25,3.4,3.2,2.2,3.4,3.2,,,,,,,,,,,,,2.25,3.5,3.3,2.22,3.43,3.19,1.91,1.91,,,1.91,1.95,1.83,1.92,-0.25,1.98,1.88,,,1.98,1.9,1.89,1.86,2627,,,,,,,2.38,3.5,3.35,2.06,1.92,2.04,1.94,,,,,,,2.34,3.55,3.4,1.94,2.04,2.01,1.96,2.15,3.5,3.25,,,,2.25,3.4,3.13,,,,,,,2.2,3.5,3.2,,,,2.25,3.5,3.13,,,,,,,0.82,2.28,2.2,3.3,3.2,2.2,3.25,3.1,2.2,3.3,3.25,2.2,3.4,3.2
E0,12/09/2026,15:00,Bournemouth,Brentford,2,2,D,1,1,D,J Gillett,20,8,10,2,10,13,2,1,5,1,0,0,2.5,3.6,2.7,2.45,3.5,2.75,,,,,,,,,,,,,2.5,3.75,2.8,2.45,3.58,2.68,1.62,2.3,,,2.5,2.3,1.67,2.2,0.0,1.83,2.03,,,1.83,2.03,1.78,1.96,2.25,3.6,3.0,2.3,3.6,2.95,,,,,,,,,,,,,2.32,3.7,3.0,2.29,3.59,2.91,1.62,2.3,,,2.5,2.3,1.69,2.17,-0.25,1.95,1.9,,,1.95,1.9,1.93,1.82,2627,,,,,,,2.58,3.75,2.88,1.67,2.44,1.89,2.11,,,,,,,2.4,3.7,3.15,1.71,2.38,2.07,1.9,2.5,3.75,2.6,,,,2.4,3.7,2.7,,,,,,,2.3,3.5,2.8,,,,2.25,3.7,2.9,,,,,,,1.75,0.5,2.45,3.5,2.7,2.45,3.5,2.7,2.3,3.5,2.88,2.3,3.6,2.88
E0,12/09/2026,15:00,Chelsea,Hull,2,2,D,1,2,A,F Hallam,12,14,7,5,7,12,10,4,1,5,0,0,1.22,6.5,11.0,1.23,6.5,11.5,,,,,,,,,,,,,1.23,7.0,13.0,1.21,6.5,11.92,1.4,3.0,,,1.42,3.0,1.39,2.83,-2.0,2.05,1.8,,,2.05,1.8,1.99,1.77,1.22,6.5,12.0,1.23,6.75,11.0,,,,,,,,,,,,,1.23,7.0,13.0,1.21,6.67,11.96,1.44,2.75,,,1.45,3.0,1.42,2.78,-1.75,1.8,2.05,,,1.8,2.05,1.76,2.0,2627,,,,,,,1.25,7.2,14.5,1.46,3.05,2.08,1.87,,,,,,,1.24,7.6,14.5,1.47,3.05,1.86,2.14,1.22,6.5,12.0,,,,1.2,7.0,13.0,,,,,,,1.22,6.5,13.0,,,,1.2,7.0,13.0,,,,,,,0.9,1.38,1.2,6.5,13.0,1.2,6.5,12.0,1.18,7.0,12.0,1.18,7.0,12.0
E0,12/09/2026,15:00,Crystal Palace,Ipswich,2,3,A,1,2,A,C Kavanagh,11,12,4,6,6,16,6,3,1,3,1,0,1.85,3.8,3.9,1.88,3.7,3.9,,,,,,,,,,,,,1.89,3.9,4.1,1.84,3.74,3.98,1.8,2.0,,,1.83,2.1,1.76,1.99,-0.5,1.85,2.0,,,1.85,2.0,1.8,1.93,2.15,3.75,3.1,2.15,3.6,3.2,,,,,,,,,,,,,2.2,3.75,3.5,2.1,3.62,3.27,1.67,2.2,,,1.7,2.25,1.66,2.16,-0.25,1.9,1.95,,,1.9,2.0,1.82,1.94,2627,,,,,,,1.91,3.95,4.4,1.84,2.16,1.91,2.08,,,,,,,2.26,3.65,3.45,1.74,2.32,1.92,2.07,1.83,3.75,4.0,,,,1.83,3.75,4.1,,,,,,,2.05,3.6,3.4,,,,2.1,3.7,3.2,,,,,,,0.61,1.68,1.83,3.7,4.0,1.83,3.6,4.0,2.1,3.4,3.3,2.1,3.5,3.25
E0,12/09/2026,15:00,Liverpool,Fulham,0,0,D,0,0,D,T Bramall,14,10,3,4,11,8,5,8,0,1,0,0,1.42,5.0,6.25,1.46,5.0,6.0,,,,,,,,,,,,,1.46,5.0,7.2,1.44,4.85,6.37,1.44,2.75,,,2.2,2.75,1.5,2.59,-1.25,1.93,1.93,,,1.93,1.93,1.88,1.87,1.5,4.5,5.25,1.51,4.75,5.5,,,,,,,,,,,,,1.53,4.75,6.2,1.5,4.58,5.74,1.5,2.63,,,1.52,2.75,1.47,2.61,-1.0,1.83,2.03,,,1.83,2.05,1.77,1.98,2627,,,,,,,1.48,5.3,7.2,1.51,2.92,2.01,1.95,,,,,,,1.55,4.7,6.6,1.53,2.84,1.9,2.09,1.44,4.6,6.5,,,,1.44,5.0,6.5,,,,,,,1.5,4.6,6.0,,,,1.5,4.6,5.75,,,,,,,1.28,0.68,1.4,4.75,6.5,1.44,4.75,6.25,1.5,4.5,6.0,1.44,4.5,6.0
E0,12/09/2026,17:30,Tottenham,Everton,0,0,D,0,0,D,D England,14,12,2,3,14,8,5,6,0,2,0,0,2.0,3.6,3.6,2.05,3.5,3.5,,,,,,,,,,,,,2.05,3.6,3.75,2.02,3.53,3.55,1.91,1.91,,,2.38,1.91,1.9,1.84,-0.5,2.0,1.85,,,2.0,1.85,1.96,1.78,2.0,3.6,3.5,1.98,3.6,3.6,,,,,,,,,,,,,2.05,3.75,3.7,1.98,3.63,3.59,1.73,2.1,,,1.8,2.15,1.72,2.07,-0.5,2.0,1.85,,,2.0,1.85,1.93,1.8,2627,,,,,,,2.12,3.75,3.75,1.97,2.0,2.12,1.87,,,,,,,2.08,3.8,3.8,1.81,2.22,2.08,1.9,2.05,3.6,3.5,,,,2.0,3.5,3.7,,,,,,,2.0,3.6,3.6,,,,1.95,3.75,3.6,,,,,,,0.69,1.11,2.0,3.6,3.5,2.0,3.5,3.5,1.95,3.5,3.6,1.95,3.6,3.6
E0,12/09/2026,20:00,Sunderland,Arsenal,0,2,A,0,0,D,J Brooks,12,11,3,5,18,11,4,2,6,2,1,0,7.5,4.1,1.48,7.0,4.2,1.49,,,,,,,,,,,,,8.0,4.3,1.49,7.36,4.12,1.46,2.1,1.73,,,2.1,1.78,2.02,1.74,1.0,2.05,1.8,,,2.05,1.8,1.96,1.78,6.0,3.6,1.6,5.5,3.75,1.65,,,,,,,,,,,,,6.5,3.8,1.71,5.89,3.72,1.62,2.1,1.73,,,2.15,1.75,2.08,1.71,0.75,2.03,1.83,,,2.03,1.87,1.98,1.78,2627,,,,,,,8.4,4.4,1.51,2.16,1.84,2.09,1.89,,,,,,,6.6,3.85,1.68,2.26,1.78,2.12,1.88,8.0,4.0,1.44,,,,7.5,4.2,1.45,,,,,,,6.0,3.75,1.6,,,,6.0,3.8,1.6,,,,,,,1.8,1.88,7.5,4.2,1.4,7.5,4.0,1.44,6.0,3.6,1.62,6.5,3.75,1.57
E0,13/09/2026,14:00,Coventry,Brighton,0,5,A,0,1,A,T Harrington,14,22,6,7,9,15,5,3,0,0,1,0,3.8,3.9,1.9,4.0,3.7,1.87,,,,,,,,,,,,,4.1,3.9,1.9,3.91,3.73,1.85,1.73,2.1,,,1.75,2.1,1.72,2.03,0.5,1.98,1.88,,,1.98,1.88,1.91,1.81,3.7,3.8,1.91,3.7,3.75,1.93,,,,,,,,,,,,,3.8,3.9,1.95,3.71,3.78,1.91,1.62,2.3,,,1.65,2.38,1.61,2.24,0.5,1.93,1.93,,,1.93,1.93,1.88,1.85,2627,,,,,,,4.2,4.0,1.94,1.82,2.16,2.05,1.94,,,,,,,4.0,3.9,1.99,1.69,2.42,1.99,2.0,4.0,3.75,1.83,,,,3.9,3.7,1.83,,,,,,,3.75,3.75,1.9,,,,3.75,3.9,1.87,,,,,,,1.34,2.8,3.8,3.75,1.85,3.9,3.75,1.85,3.75,3.7,1.9,3.75,3.8,1.9
E0,13/09/2026,16:30,Man United,Man City,0,1,A,0,0,D,M Oliver,16,6,3,2,17,10,6,7,1,2,0,1,3.25,3.8,2.1,3.1,3.8,2.15,,,,,,,,,,,,,3.25,4.0,2.15,3.08,3.78,2.1,1.53,2.5,,,1.55,2.55,1.5,2.49,0.25,2.0,1.85,,,2.0,1.85,1.93,1.81,3.0,3.75,2.2,2.85,3.75,2.25,,,,,,,,,,,,,3.0,3.9,2.26,2.95,3.76,2.2,1.44,2.75,,,1.5,2.9,1.45,2.67,0.25,1.88,1.98,,,1.88,1.98,1.85,1.91,2627,,,,,,,3.35,4.0,2.18,1.57,2.68,2.07,1.91,,,,,,,3.2,3.9,2.3,1.51,2.9,1.97,2.0,3.1,4.0,2.05,,,,3.0,3.75,2.1,,,,,,,3.0,3.8,2.15,,,,3.0,3.75,2.2,,,,,,,1.0,1.1,3.1,3.75,2.1,3.1,3.75,2.1,3.0,3.6,2.2,2.9,3.75,2.2
E0,14/09/2026,20:00,Leeds,Newcastle,4,1,H,3,0,H,M Salisbury,15,7,6,5,8,13,5,5,1,2,0,0,2.38,3.5,2.88,2.4,3.5,2.8,,,,,,,,,,,,,2.5,3.6,2.88,2.38,3.45,2.81,1.8,2.0,,,1.8,2.05,1.75,2.0,-0.25,2.05,1.8,,,2.1,1.8,2.02,1.73,2.3,3.5,3.0,2.25,3.5,3.0,,,,,,,,,,,,,2.38,3.6,3.15,2.3,3.46,2.98,1.73,2.1,,,1.73,2.2,1.68,2.12,-0.25,2.03,1.83,,,2.03,1.84,1.97,1.79,2627,,,,,,,2.48,3.6,3.05,1.84,2.12,2.14,1.86,,,,,,,2.44,3.6,3.15,1.79,2.24,2.09,1.9,2.4,3.6,2.75,,,,2.3,3.5,2.8,,,,,,,2.3,3.6,2.88,,,,2.38,3.4,2.9,,,,,,,1.91,0.85,2.38,3.4,2.88,2.38,3.3,2.8,2.3,3.4,3.0,2.3,3.5,2.9
E0,18/09/2026,20:00,Brentford,Chelsea,3,0,H,0,0,D,A Madley,13,12,6,2,10,7,4,12,2,0,0,0,2.55,3.8,2.45,2.55,3.75,2.5,,,,,,,,,,,,,2.71,3.8,2.5,2.62,3.7,2.48,1.5,2.63,,,1.54,2.7,1.48,2.59,0.0,1.95,1.9,,,1.95,1.9,1.91,1.84,2.55,3.6,2.6,2.5,3.6,2.6,,,,,,,,,,,,,2.6,3.75,2.65,2.53,3.63,2.58,1.53,2.5,,,1.58,2.63,1.49,2.54,0.0,1.88,1.98,,,1.9,1.98,1.87,1.88,2627,,,,,,,2.7,3.9,2.66,1.53,2.82,2.0,1.99,,,,,,,2.66,3.75,2.72,1.58,2.7,1.95,2.04,2.6,3.75,2.5,,,,2.63,3.6,2.5,,,,,,,2.5,3.6,2.6,,,,2.55,3.6,2.55,,,,,,,2.65,0.85,2.6,3.6,2.5,2.6,3.75,2.5,2.5,3.6,2.6,2.5,3.7,2.5
E0,19/09/2026,12:30,Tottenham,Aston Villa,2,3,A,0,1,A,S Barrott,20,15,7,6,9,13,11,1,1,2,0,0,2.0,3.5,3.7,2.0,3.6,3.5,,,,,,,,,,,,,2.0,3.7,3.8,1.99,3.59,3.62,1.83,2.03,,,1.83,2.03,1.78,1.98,-0.5,2.03,1.83,,,2.03,1.84,1.93,1.8,1.85,3.75,3.9,1.85,3.9,3.8,,,,,,,,,,,,,1.93,3.9,4.0,1.89,3.77,3.81,1.62,2.3,,,1.64,2.4,1.6,2.29,-0.5,1.88,1.98,,,1.88,1.98,1.82,1.91,2627,,,,,,,2.08,3.7,3.95,1.9,2.08,2.08,1.91,,,,,,,1.98,3.9,4.1,1.69,2.44,1.97,2.01,2.0,3.6,3.6,,,,2.0,3.6,3.6,,,,,,,1.9,3.75,3.75,,,,1.87,3.9,3.8,,,,,,,1.56,1.16,1.95,3.5,3.7,2.0,3.6,3.6,1.9,3.6,3.8,1.9,3.75,3.8
E0,19/09/2026,15:00,Brighton,Arsenal,3,0,H,2,0,H,D England,17,11,5,2,13,11,5,6,4,1,0,0,5.0,3.9,1.67,4.6,3.9,1.72,,,,,,,,,,,,,5.0,4.0,1.72,4.77,3.89,1.68,1.73,2.1,,,1.73,2.1,1.71,2.06,0.75,2.0,1.85,,,2.0,1.85,1.92,1.83,5.0,3.8,1.7,5.0,3.8,1.68,,,,,,,,,,,,,5.25,4.0,1.73,4.92,3.84,1.68,1.83,2.03,,,1.83,2.05,1.78,1.98,0.75,1.95,1.9,,,1.95,1.9,1.91,1.85,2627,,,,,,,5.3,4.1,1.73,1.8,2.2,2.05,1.93,,,,,,,5.6,4.1,1.73,1.89,2.12,2.06,1.92,5.0,4.0,1.67,,,,4.8,4.0,1.67,,,,,,,4.6,4.0,1.7,,,,5.0,3.9,1.67,,,,,,,1.31,1.63,4.75,3.8,1.67,4.75,3.8,1.67,5.0,3.75,1.67,5.0,3.8,1.67
E0,19/09/2026,15:00,Everton,Ipswich,1,0,H,1,0,H,S Attwell,21,13,2,4,6,12,4,4,2,1,0,1,1.75,3.8,4.5,1.75,3.9,4.33,,,,,,,,,,,,,1.8,3.9,4.75,1.76,3.79,4.36,1.73,2.1,,,1.73,2.1,1.7,2.08,-0.75,1.98,1.88,,,1.98,1.88,1.93,1.81,1.7,3.9,4.5,1.78,3.8,4.33,,,,,,,,,,,,,1.78,4.0,4.55,1.74,3.85,4.43,1.67,2.2,,,1.7,2.2,1.67,2.14,-0.75,1.93,1.93,,,1.98,1.93,1.91,1.84,2627,,,,,,,1.85,3.9,4.8,1.8,2.22,2.09,1.9,,,,,,,1.83,4.0,4.9,1.79,2.22,2.06,1.92,1.8,3.75,4.2,,,,1.75,3.9,4.4,,,,,,,1.73,4.0,4.33,,,,1.73,3.9,4.5,,,,,,,2.24,1.44,1.75,3.7,4.5,1.75,3.75,4.2,1.73,3.75,4.5,1.73,3.8,4.5
E0,19/09/2026,15:00,Newcastle,Hull,2,1,H,2,0,H,T Harrington,12,22,5,4,4,10,4,7,1,4,0,0,1.6,4.33,5.0,1.6,4.2,5.0,,,,,,,,,,,,,1.62,4.35,5.5,1.58,4.26,5.1,1.62,2.3,,,1.62,2.3,1.59,2.27,-1.0,2.0,1.85,,,2.0,1.85,1.93,1.81,1.6,4.5,5.0,1.6,4.33,5.0,,,,,,,,,,,,,1.62,4.5,5.35,1.59,4.29,5.05,1.57,2.38,,,1.58,2.4,1.55,2.38,-1.0,2.0,1.85,,,2.0,1.85,1.94,1.8,2627,,,,,,,1.64,4.6,5.6,1.67,2.44,2.03,1.94,,,,,,,1.65,4.5,5.7,1.62,2.56,2.08,1.89,1.57,4.2,5.5,,,,1.57,4.2,5.5,,,,,,,1.6,4.2,5.0,,,,1.57,4.33,5.25,,,,,,,1.44,1.59,1.57,4.33,5.0,1.57,4.2,5.0,1.57,4.2,5.0,1.57,4.33,5.0
E0,19/09/2026,17:30,Nott'm Forest,Coventry,0,1,A,0,0,D,J Gillett,24,10,3,3,12,10,6,2,2,0,0,0,1.57,4.0,5.75,1.6,4.1,5.25,,,,,,,,,,,,,1.6,4.2,6.0,1.58,4.02,5.54,1.8,2.0,,,1.8,2.05,1.75,2.01,-1.0,1.98,1.88,,,2.0,1.88,1.95,1.8,1.62,3.9,5.25,1.63,4.0,5.0,,,,,,,,,,,,,1.67,4.1,5.6,1.63,3.93,5.21,1.73,2.1,,,1.8,2.15,1.73,2.04,-0.75,1.83,2.03,,,1.83,2.03,1.78,1.98,2627,,,,,,,1.64,4.3,6.2,1.84,2.14,2.08,1.89,,,,,,,1.68,4.1,6.0,1.83,2.18,1.87,2.11,1.6,4.0,5.5,,,,1.55,4.2,5.75,,,,,,,1.67,4.0,5.0,,,,1.62,4.1,5.25,,,,,,,1.1,0.67,1.57,3.8,5.5,1.57,3.9,5.5,1.62,3.75,5.5,1.62,3.8,5.5
E0,20/09/2026,14:00,Bournemouth,Liverpool,0,1,A,0,0,D,M Oliver,9,12,2,3,11,13,3,3,1,2,0,0,3.2,3.8,2.1,3.1,3.75,2.15,,,,,,,,,,,,,3.2,3.9,2.38,3.05,3.78,2.13,1.5,2.63,,,2.25,2.63,1.52,2.53,0.25,2.0,1.85,,,2.0,2.0,1.89,1.85,3.1,3.6,2.2,3.0,3.6,2.2,,,,,,,,,,,,,3.5,3.8,2.25,3.11,3.66,2.15,1.57,2.38,,,1.62,2.5,1.55,2.39,0.25,1.95,1.9,,,2.0,1.91,1.92,1.83,2627,,,,,,,3.3,4.0,2.22,1.53,2.78,2.04,1.94,,,,,,,3.25,3.8,2.28,1.65,2.5,2.0,1.99,3.0,3.75,2.15,,,,3.0,3.8,2.1,,,,,,,3.1,3.75,2.15,,,,3.13,3.8,2.1,,,,,,,0.79,1.65,3.1,3.75,2.1,3.1,3.75,2.1,3.1,3.6,2.15,3.1,3.7,2.15
E0,20/09/2026,14:00,Leeds,Crystal Palace,0,0,D,0,0,D,A Herczeg,13,12,2,4,10,12,4,3,2,3,0,0,1.73,3.9,4.75,1.78,3.75,4.33,,,,,,,,,,,,,1.8,4.0,4.9,1.74,3.79,4.49,1.73,2.1,,,2.25,2.1,1.73,2.03,-0.75,1.93,1.93,,,1.93,1.93,1.89,1.86,1.65,4.0,5.0,1.65,4.1,4.8,,,,,,,,,,,,,1.73,4.1,5.0,1.66,3.95,4.93,1.73,2.1,,,1.73,2.2,1.69,2.1,-0.75,1.8,2.05,,,1.83,2.05,1.79,1.96,2627,,,,,,,1.8,3.95,5.0,1.79,2.22,2.01,1.95,,,,,,,1.73,4.1,5.5,1.78,2.24,1.91,2.07,1.73,4.0,4.5,,,,1.7,3.8,4.5,,,,,,,1.67,4.0,5.0,,,,1.65,4.0,5.0,,,,,,,1.31,1.06,1.73,3.7,4.75,1.73,3.6,4.6,1.65,3.8,5.0,1.62,4.0,5.0
E0,20/09/2026,14:00,Man City,Sunderland,5,3,H,3,2,H,R Jones,16,17,6,9,14,14,6,5,0,1,0,0,1.3,5.5,9.0,1.3,6.0,8.75,,,,,,,,,,,,,1.3,6.0,11.0,1.29,5.56,9.39,1.57,2.38,,,1.58,2.4,1.56,2.32,-1.5,1.85,2.0,,,1.85,2.0,1.8,1.92,1.36,5.0,7.5,1.35,5.25,8.0,,,,,,,,,,,,,1.36,5.5,9.2,1.34,5.19,8.5,1.62,2.3,,,1.65,2.38,1.61,2.26,-1.5,2.05,1.75,,,2.05,1.85,1.95,1.78,2627,,,,,,,1.34,6.0,11.0,1.63,2.5,1.94,2.02,,,,,,,1.36,5.7,10.0,1.69,2.42,2.12,1.87,1.29,5.5,11.0,,,,1.25,5.5,10.0,,,,,,,1.33,5.5,8.5,,,,1.33,5.25,9.0,,,,,,,2.82,3.57,1.29,5.5,9.5,1.29,5.5,9.0,1.33,5.0,9.0,1.3,5.5,9.0
E0,20/09/2026,16:30,Fulham,Man United,1,1,D,0,0,D,P Bankes,12,29,6,6,9,5,3,13,3,0,0,0,3.5,3.8,2.0,3.4,3.7,2.0,,,,,,,,,,,,,3.5,3.8,2.05,3.36,3.71,2.0,1.57,2.38,,,1.58,2.4,1.55,2.35,0.5,1.85,2.0,,,1.85,2.0,1.77,1.96,3.6,3.8,2.0,3.4,3.7,2.0,,,,,,,,,,,,,3.75,3.9,2.05,3.49,3.74,1.98,1.62,2.3,,,1.62,2.4,1.57,2.33,0.5,1.85,2.0,,,1.87,2.0,1.82,1.91,2627,,,,,,,3.6,3.95,2.12,1.61,2.56,1.88,2.12,,,,,,,3.7,3.85,2.1,1.66,2.5,1.89,2.1,3.3,3.75,2.05,,,,3.3,3.75,2.0,,,,,,,3.5,3.75,2.0,,,,3.5,3.9,1.95,,,,,,,1.62,1.6,3.4,3.7,2.0,3.3,3.6,2.0,3.5,3.6,2.0,3.4,3.75,2.0
